date,time_interval,passenger_count,station_name,action,arrival_rate_per_min
2026-01-01,03:00 - 03:59,0,north_ave,entry,0.0
2026-01-01,04:00 - 04:59,0,north_ave,entry,0.0
2026-01-01,05:00 - 05:59,0,north_ave,entry,0.0
2026-01-01,06:00 - 06:59,421,north_ave,entry,7.016666666666667
2026-01-01,07:00 - 07:59,587,north_ave,entry,9.783333333333333
2026-01-01,08:00 - 08:59,584,north_ave,entry,9.733333333333333
2026-01-01,09:00 - 09:59,752,north_ave,entry,12.533333333333333
2026-01-01,10:00 - 10:59,1000,north_ave,entry,16.666666666666668
2026-01-01,11:00 - 11:59,1467,north_ave,entry,24.45
2026-01-01,12:00 - 12:59,1169,north_ave,entry,19.483333333333334
2026-01-01,13:00 - 13:59,1275,north_ave,entry,21.25
2026-01-01,14:00 - 14:59,1348,north_ave,entry,22.466666666666665
2026-01-01,15:00 - 15:59,1548,north_ave,entry,25.8
2026-01-01,16:00 - 16:59,1664,north_ave,entry,27.733333333333334
2026-01-01,17:00 - 17:59,1279,north_ave,entry,21.316666666666666
2026-01-01,18:00 - 18:59,1291,north_ave,entry,21.516666666666666
2026-01-01,19:00 - 19:59,1367,north_ave,entry,22.783333333333335
2026-01-01,20:00 - 20:59,1268,north_ave,entry,21.133333333333333
2026-01-01,21:00 - 21:59,1037,north_ave,entry,17.283333333333335
2026-01-01,22:00 - 22:59,327,north_ave,entry,5.45
2026-01-01,23:00 - 23:59,0,north_ave,entry,0.0
2026-01-01,00:00 - 00:59,0,north_ave,entry,0.0
2026-01-01,01:00 - 01:59,0,north_ave,entry,0.0
2026-01-01,02:00 - 02:59,0,north_ave,entry,0.0
2026-01-02,03:00 - 03:59,0,north_ave,entry,0.0
2026-01-02,04:00 - 04:59,367,north_ave,entry,6.116666666666666
2026-01-02,05:00 - 05:59,1654,north_ave,entry,27.566666666666666
2026-01-02,06:00 - 06:59,2906,north_ave,entry,48.43333333333333
2026-01-02,07:00 - 07:59,3482,north_ave,entry,58.03333333333333
2026-01-02,08:00 - 08:59,2524,north_ave,entry,42.06666666666667
2026-01-02,09:00 - 09:59,1992,north_ave,entry,33.2
2026-01-02,10:00 - 10:59,1839,north_ave,entry,30.65
2026-01-02,11:00 - 11:59,1936,north_ave,entry,32.266666666666666
2026-01-02,12:00 - 12:59,1988,north_ave,entry,33.13333333333333
2026-01-02,13:00 - 13:59,1617,north_ave,entry,26.95
2026-01-02,14:00 - 14:59,1698,north_ave,entry,28.3
2026-01-02,15:00 - 15:59,1568,north_ave,entry,26.133333333333333
2026-01-02,16:00 - 16:59,1732,north_ave,entry,28.866666666666667
2026-01-02,17:00 - 17:59,1755,north_ave,entry,29.25
2026-01-02,18:00 - 18:59,1778,north_ave,entry,29.633333333333333
2026-01-02,19:00 - 19:59,1728,north_ave,entry,28.8
2026-01-02,20:00 - 20:59,1821,north_ave,entry,30.35
2026-01-02,21:00 - 21:59,1253,north_ave,entry,20.883333333333333
2026-01-02,22:00 - 22:59,348,north_ave,entry,5.8
2026-01-02,23:00 - 23:59,0,north_ave,entry,0.0
2026-01-02,00:00 - 00:59,0,north_ave,entry,0.0
2026-01-02,01:00 - 01:59,0,north_ave,entry,0.0
2026-01-02,02:00 - 02:59,0,north_ave,entry,0.0
2026-01-03,03:00 - 03:59,0,north_ave,entry,0.0
2026-01-03,04:00 - 04:59,270,north_ave,entry,4.5
2026-01-03,05:00 - 05:59,958,north_ave,entry,15.966666666666667
2026-01-03,06:00 - 06:59,1337,north_ave,entry,22.283333333333335
2026-01-03,07:00 - 07:59,1481,north_ave,entry,24.683333333333334
2026-01-03,08:00 - 08:59,1853,north_ave,entry,30.883333333333333
2026-01-03,09:00 - 09:59,1711,north_ave,entry,28.516666666666666
2026-01-03,10:00 - 10:59,1699,north_ave,entry,28.316666666666666
2026-01-03,11:00 - 11:59,1917,north_ave,entry,31.95
2026-01-03,12:00 - 12:59,2037,north_ave,entry,33.95
2026-01-03,13:00 - 13:59,1670,north_ave,entry,27.833333333333332
2026-01-03,14:00 - 14:59,1565,north_ave,entry,26.083333333333332
2026-01-03,15:00 - 15:59,1688,north_ave,entry,28.133333333333333
2026-01-03,16:00 - 16:59,1846,north_ave,entry,30.766666666666666
2026-01-03,17:00 - 17:59,1852,north_ave,entry,30.866666666666667
2026-01-03,18:00 - 18:59,1601,north_ave,entry,26.683333333333334
2026-01-03,19:00 - 19:59,1643,north_ave,entry,27.383333333333333
2026-01-03,20:00 - 20:59,1462,north_ave,entry,24.366666666666667
2026-01-03,21:00 - 21:59,594,north_ave,entry,9.9
2026-01-03,22:00 - 22:59,0,north_ave,entry,0.0
2026-01-03,23:00 - 23:59,0,north_ave,entry,0.0
2026-01-03,00:00 - 00:59,0,north_ave,entry,0.0
2026-01-03,01:00 - 01:59,0,north_ave,entry,0.0
2026-01-03,03:00 - 03:59,0,north_ave,entry,0.0
2026-01-04,03:00 - 03:59,0,north_ave,entry,0.0
2026-01-04,04:00 - 04:59,211,north_ave,entry,3.5166666666666666
2026-01-04,05:00 - 05:59,652,north_ave,entry,10.866666666666667
2026-01-04,06:00 - 06:59,808,north_ave,entry,13.466666666666667
2026-01-04,07:00 - 07:59,1009,north_ave,entry,16.816666666666666
2026-01-04,08:00 - 08:59,1286,north_ave,entry,21.433333333333334
2026-01-04,09:00 - 09:59,1551,north_ave,entry,25.85
2026-01-04,10:00 - 10:59,1449,north_ave,entry,24.15
2026-01-04,11:00 - 11:59,1563,north_ave,entry,26.05
2026-01-04,12:00 - 12:59,1778,north_ave,entry,29.633333333333333
2026-01-04,13:00 - 13:59,1780,north_ave,entry,29.666666666666668
2026-01-04,14:00 - 14:59,1666,north_ave,entry,27.766666666666666
2026-01-04,15:00 - 15:59,1825,north_ave,entry,30.416666666666668
2026-01-04,16:00 - 16:59,1974,north_ave,entry,32.9
2026-01-04,17:00 - 17:59,1983,north_ave,entry,33.05
2026-01-04,18:00 - 18:59,1896,north_ave,entry,31.6
2026-01-04,19:00 - 19:59,1939,north_ave,entry,32.31666666666667
2026-01-04,20:00 - 20:59,1639,north_ave,entry,27.316666666666666
2026-01-04,21:00 - 21:59,694,north_ave,entry,11.566666666666666
2026-01-04,22:00 - 22:59,0,north_ave,entry,0.0
2026-01-04,23:00 - 23:59,0,north_ave,entry,0.0
2026-01-04,00:00 - 00:59,0,north_ave,entry,0.0
2026-01-04,01:00 - 01:59,0,north_ave,entry,0.0
2026-01-04,02:00 - 02:59,0,north_ave,entry,0.0
2026-01-05,03:00 - 03:59,0,north_ave,entry,0.0
2026-01-05,04:00 - 04:59,830,north_ave,entry,13.833333333333334
2026-01-05,05:00 - 05:59,3508,north_ave,entry,58.46666666666667
2026-01-05,06:00 - 06:59,5573,north_ave,entry,92.88333333333334
2026-01-05,07:00 - 07:59,6286,north_ave,entry,104.76666666666667
2026-01-05,08:00 - 08:59,5375,north_ave,entry,89.58333333333333
2026-01-05,09:00 - 09:59,3145,north_ave,entry,52.416666666666664
2026-01-05,10:00 - 10:59,2204,north_ave,entry,36.733333333333334
2026-01-05,11:00 - 11:59,2072,north_ave,entry,34.53333333333333
2026-01-05,12:00 - 12:59,2021,north_ave,entry,33.68333333333333
2026-01-05,13:00 - 13:59,1859,north_ave,entry,30.983333333333334
2026-01-05,14:00 - 14:59,1593,north_ave,entry,26.55
2026-01-05,15:00 - 15:59,1635,north_ave,entry,27.25
2026-01-05,16:00 - 16:59,1847,north_ave,entry,30.783333333333335
2026-01-05,17:00 - 17:59,2172,north_ave,entry,36.2
2026-01-05,18:00 - 18:59,2137,north_ave,entry,35.61666666666667
2026-01-05,19:00 - 19:59,2253,north_ave,entry,37.55
2026-01-05,20:00 - 20:59,2019,north_ave,entry,33.65
2026-01-05,21:00 - 21:59,1336,north_ave,entry,22.266666666666666
2026-01-05,22:00 - 22:59,236,north_ave,entry,3.933333333333333
2026-01-05,23:00 - 23:59,0,north_ave,entry,0.0
2026-01-05,00:00 - 00:59,0,north_ave,entry,0.0
2026-01-05,01:00 - 01:59,0,north_ave,entry,0.0
2026-01-05,03:00 - 03:59,0,north_ave,entry,0.0
2026-01-06,03:00 - 03:59,0,north_ave,entry,0.0
2026-01-06,04:00 - 04:59,636,north_ave,entry,10.6
2026-01-06,05:00 - 05:59,2836,north_ave,entry,47.266666666666666
2026-01-06,06:00 - 06:59,5670,north_ave,entry,94.5
2026-01-06,07:00 - 07:59,6845,north_ave,entry,114.08333333333333
2026-01-06,08:00 - 08:59,4855,north_ave,entry,80.91666666666667
2026-01-06,09:00 - 09:59,3228,north_ave,entry,53.8
2026-01-06,10:00 - 10:59,2068,north_ave,entry,34.46666666666667
2026-01-06,11:00 - 11:59,2256,north_ave,entry,37.6
2026-01-06,12:00 - 12:59,2077,north_ave,entry,34.61666666666667
2026-01-06,13:00 - 13:59,1784,north_ave,entry,29.733333333333334
2026-01-06,14:00 - 14:59,1443,north_ave,entry,24.05
2026-01-06,15:00 - 15:59,1422,north_ave,entry,23.7
2026-01-06,16:00 - 16:59,1781,north_ave,entry,29.683333333333334
2026-01-06,17:00 - 17:59,2095,north_ave,entry,34.916666666666664
2026-01-06,18:00 - 18:59,2107,north_ave,entry,35.11666666666667
2026-01-06,19:00 - 19:59,2112,north_ave,entry,35.2
2026-01-06,20:00 - 20:59,2168,north_ave,entry,36.13333333333333
2026-01-06,21:00 - 21:59,1420,north_ave,entry,23.666666666666668
2026-01-06,22:00 - 22:59,320,north_ave,entry,5.333333333333333
2026-01-06,23:00 - 23:59,0,north_ave,entry,0.0
2026-01-06,00:00 - 00:59,0,north_ave,entry,0.0
2026-01-06,01:00 - 01:59,0,north_ave,entry,0.0
2026-01-06,02:00 - 02:59,0,north_ave,entry,0.0
2026-01-07,03:00 - 03:59,0,north_ave,entry,0.0
2026-01-07,04:00 - 04:59,644,north_ave,entry,10.733333333333333
2026-01-07,05:00 - 05:59,2706,north_ave,entry,45.1
2026-01-07,06:00 - 06:59,5508,north_ave,entry,91.8
2026-01-07,07:00 - 07:59,6869,north_ave,entry,114.48333333333333
2026-01-07,08:00 - 08:59,4967,north_ave,entry,82.78333333333333
2026-01-07,09:00 - 09:59,3224,north_ave,entry,53.733333333333334
2026-01-07,10:00 - 10:59,2164,north_ave,entry,36.06666666666667
2026-01-07,11:00 - 11:59,2217,north_ave,entry,36.95
2026-01-07,12:00 - 12:59,2108,north_ave,entry,35.13333333333333
2026-01-07,13:00 - 13:59,1889,north_ave,entry,31.483333333333334
2026-01-07,14:00 - 14:59,1571,north_ave,entry,26.183333333333334
2026-01-07,15:00 - 15:59,1497,north_ave,entry,24.95
2026-01-07,16:00 - 16:59,1656,north_ave,entry,27.6
2026-01-07,17:00 - 17:59,2165,north_ave,entry,36.083333333333336
2026-01-07,18:00 - 18:59,2226,north_ave,entry,37.1
2026-01-07,19:00 - 19:59,2190,north_ave,entry,36.5
2026-01-07,20:00 - 20:59,2191,north_ave,entry,36.516666666666666
2026-01-07,21:00 - 21:59,1448,north_ave,entry,24.133333333333333
2026-01-07,22:00 - 22:59,303,north_ave,entry,5.05
2026-01-07,23:00 - 23:59,0,north_ave,entry,0.0
2026-01-07,00:00 - 00:59,0,north_ave,entry,0.0
2026-01-07,01:00 - 01:59,0,north_ave,entry,0.0
2026-01-07,02:00 - 02:59,0,north_ave,entry,0.0
2026-01-08,03:00 - 03:59,0,north_ave,entry,0.0
2026-01-08,04:00 - 04:59,592,north_ave,entry,9.866666666666667
2026-01-08,05:00 - 05:59,2627,north_ave,entry,43.78333333333333
2026-01-08,06:00 - 06:59,5307,north_ave,entry,88.45
2026-01-08,07:00 - 07:59,6578,north_ave,entry,109.63333333333334
2026-01-08,08:00 - 08:59,4913,north_ave,entry,81.88333333333334
2026-01-08,09:00 - 09:59,3268,north_ave,entry,54.46666666666667
2026-01-08,10:00 - 10:59,2258,north_ave,entry,37.63333333333333
2026-01-08,11:00 - 11:59,2175,north_ave,entry,36.25
2026-01-08,12:00 - 12:59,2167,north_ave,entry,36.11666666666667
2026-01-08,13:00 - 13:59,1787,north_ave,entry,29.783333333333335
2026-01-08,14:00 - 14:59,1471,north_ave,entry,24.516666666666666
2026-01-08,15:00 - 15:59,1466,north_ave,entry,24.433333333333334
2026-01-08,16:00 - 16:59,1664,north_ave,entry,27.733333333333334
2026-01-08,17:00 - 17:59,2075,north_ave,entry,34.583333333333336
2026-01-08,18:00 - 18:59,1975,north_ave,entry,32.916666666666664
2026-01-08,19:00 - 19:59,2164,north_ave,entry,36.06666666666667
2026-01-08,20:00 - 20:59,2102,north_ave,entry,35.03333333333333
2026-01-08,21:00 - 21:59,1464,north_ave,entry,24.4
2026-01-08,22:00 - 22:59,303,north_ave,entry,5.05
2026-01-08,23:00 - 23:59,0,north_ave,entry,0.0
2026-01-08,00:00 - 00:59,0,north_ave,entry,0.0
2026-01-08,01:00 - 01:59,0,north_ave,entry,0.0
2026-01-08,02:00 - 02:59,0,north_ave,entry,0.0
2026-01-09,03:00 - 03:59,0,north_ave,entry,0.0
2026-01-09,04:00 - 04:59,522,north_ave,entry,8.7
2026-01-09,05:00 - 05:59,2343,north_ave,entry,39.05
2026-01-09,06:00 - 06:59,4980,north_ave,entry,83.0
2026-01-09,07:00 - 07:59,6012,north_ave,entry,100.2
2026-01-09,08:00 - 08:59,4554,north_ave,entry,75.9
2026-01-09,09:00 - 09:59,3084,north_ave,entry,51.4
2026-01-09,10:00 - 10:59,2047,north_ave,entry,34.11666666666667
2026-01-09,11:00 - 11:59,2316,north_ave,entry,38.6
2026-01-09,12:00 - 12:59,2208,north_ave,entry,36.8
2026-01-09,13:00 - 13:59,1821,north_ave,entry,30.35
2026-01-09,14:00 - 14:59,1631,north_ave,entry,27.183333333333334
2026-01-09,15:00 - 15:59,1757,north_ave,entry,29.283333333333335
2026-01-09,16:00 - 16:59,1825,north_ave,entry,30.416666666666668
2026-01-09,17:00 - 17:59,2242,north_ave,entry,37.36666666666667
2026-01-09,18:00 - 18:59,2143,north_ave,entry,35.71666666666667
2026-01-09,19:00 - 19:59,2156,north_ave,entry,35.93333333333333
2026-01-09,20:00 - 20:59,2169,north_ave,entry,36.15
2026-01-09,21:00 - 21:59,1429,north_ave,entry,23.816666666666666
2026-01-09,22:00 - 22:59,422,north_ave,entry,7.033333333333333
2026-01-09,23:00 - 23:59,0,north_ave,entry,0.0
2026-01-09,00:00 - 00:59,0,north_ave,entry,0.0
2026-01-09,01:00 - 01:59,0,north_ave,entry,0.0
2026-01-09,02:00 - 02:59,0,north_ave,entry,0.0
2026-01-10,03:00 - 03:59,0,north_ave,entry,0.0
2026-01-10,04:00 - 04:59,335,north_ave,entry,5.583333333333333
2026-01-10,05:00 - 05:59,1176,north_ave,entry,19.6
2026-01-10,06:00 - 06:59,1853,north_ave,entry,30.883333333333333
2026-01-10,07:00 - 07:59,2152,north_ave,entry,35.86666666666667
2026-01-10,08:00 - 08:59,2111,north_ave,entry,35.18333333333333
2026-01-10,09:00 - 09:59,1953,north_ave,entry,32.55
2026-01-10,10:00 - 10:59,1791,north_ave,entry,29.85
2026-01-10,11:00 - 11:59,1824,north_ave,entry,30.4
2026-01-10,12:00 - 12:59,2025,north_ave,entry,33.75
2026-01-10,13:00 - 13:59,1793,north_ave,entry,29.883333333333333
2026-01-10,14:00 - 14:59,1600,north_ave,entry,26.666666666666668
2026-01-10,15:00 - 15:59,1702,north_ave,entry,28.366666666666667
2026-01-10,16:00 - 16:59,1877,north_ave,entry,31.283333333333335
2026-01-10,17:00 - 17:59,2026,north_ave,entry,33.766666666666666
2026-01-10,18:00 - 18:59,1801,north_ave,entry,30.016666666666666
2026-01-10,19:00 - 19:59,1720,north_ave,entry,28.666666666666668
2026-01-10,20:00 - 20:59,1799,north_ave,entry,29.983333333333334
2026-01-10,21:00 - 21:59,622,north_ave,entry,10.366666666666667
2026-01-10,22:00 - 22:59,0,north_ave,entry,0.0
2026-01-10,23:00 - 23:59,0,north_ave,entry,0.0
2026-01-10,00:00 - 00:59,0,north_ave,entry,0.0
2026-01-10,01:00 - 01:59,0,north_ave,entry,0.0
2026-01-10,02:00 - 02:59,0,north_ave,entry,0.0
2026-01-11,03:00 - 03:59,0,north_ave,entry,0.0
2026-01-11,04:00 - 04:59,206,north_ave,entry,3.433333333333333
2026-01-11,05:00 - 05:59,690,north_ave,entry,11.5
2026-01-11,06:00 - 06:59,799,north_ave,entry,13.316666666666666
2026-01-11,07:00 - 07:59,1030,north_ave,entry,17.166666666666668
2026-01-11,08:00 - 08:59,1388,north_ave,entry,23.133333333333333
2026-01-11,09:00 - 09:59,1539,north_ave,entry,25.65
2026-01-11,10:00 - 10:59,1419,north_ave,entry,23.65
2026-01-11,11:00 - 11:59,1558,north_ave,entry,25.966666666666665
2026-01-11,12:00 - 12:59,1606,north_ave,entry,26.766666666666666
2026-01-11,13:00 - 13:59,1540,north_ave,entry,25.666666666666668
2026-01-11,14:00 - 14:59,1614,north_ave,entry,26.9
2026-01-11,15:00 - 15:59,1652,north_ave,entry,27.533333333333335
2026-01-11,16:00 - 16:59,1872,north_ave,entry,31.2
2026-01-11,17:00 - 17:59,1882,north_ave,entry,31.366666666666667
2026-01-11,18:00 - 18:59,1891,north_ave,entry,31.516666666666666
2026-01-11,19:00 - 19:59,1870,north_ave,entry,31.166666666666668
2026-01-11,20:00 - 20:59,1865,north_ave,entry,31.083333333333332
2026-01-11,21:00 - 21:59,651,north_ave,entry,10.85
2026-01-11,22:00 - 22:59,0,north_ave,entry,0.0
2026-01-11,23:00 - 23:59,0,north_ave,entry,0.0
2026-01-11,00:00 - 00:59,0,north_ave,entry,0.0
2026-01-11,01:00 - 01:59,0,north_ave,entry,0.0
2026-01-11,02:00 - 02:59,0,north_ave,entry,0.0
2026-01-12,03:00 - 03:59,0,north_ave,entry,0.0
2026-01-12,04:00 - 04:59,828,north_ave,entry,13.8
2026-01-12,05:00 - 05:59,3591,north_ave,entry,59.85
2026-01-12,06:00 - 06:59,5667,north_ave,entry,94.45
2026-01-12,07:00 - 07:59,6843,north_ave,entry,114.05
2026-01-12,08:00 - 08:59,5678,north_ave,entry,94.63333333333334
2026-01-12,09:00 - 09:59,3554,north_ave,entry,59.233333333333334
2026-01-12,10:00 - 10:59,2272,north_ave,entry,37.86666666666667
2026-01-12,11:00 - 11:59,2255,north_ave,entry,37.583333333333336
2026-01-12,12:00 - 12:59,2164,north_ave,entry,36.06666666666667
2026-01-12,13:00 - 13:59,1821,north_ave,entry,30.35
2026-01-12,14:00 - 14:59,1536,north_ave,entry,25.6
2026-01-12,15:00 - 15:59,1654,north_ave,entry,27.566666666666666
2026-01-12,16:00 - 16:59,1761,north_ave,entry,29.35
2026-01-12,17:00 - 17:59,2179,north_ave,entry,36.31666666666667
2026-01-12,18:00 - 18:59,2228,north_ave,entry,37.13333333333333
2026-01-12,19:00 - 19:59,2308,north_ave,entry,38.46666666666667
2026-01-12,20:00 - 20:59,2124,north_ave,entry,35.4
2026-01-12,21:00 - 21:59,1348,north_ave,entry,22.466666666666665
2026-01-12,22:00 - 22:59,311,north_ave,entry,5.183333333333334
2026-01-12,23:00 - 23:59,0,north_ave,entry,0.0
2026-01-12,00:00 - 00:59,0,north_ave,entry,0.0
2026-01-12,01:00 - 01:59,0,north_ave,entry,0.0
2026-01-12,02:00 - 02:59,0,north_ave,entry,0.0
2026-01-13,03:00 - 03:59,0,north_ave,entry,0.0
2026-01-13,04:00 - 04:59,727,north_ave,entry,12.116666666666667
2026-01-13,05:00 - 05:59,2966,north_ave,entry,49.43333333333333
2026-01-13,06:00 - 06:59,5751,north_ave,entry,95.85
2026-01-13,07:00 - 07:59,6908,north_ave,entry,115.13333333333334
2026-01-13,08:00 - 08:59,5432,north_ave,entry,90.53333333333333
2026-01-13,09:00 - 09:59,3411,north_ave,entry,56.85
2026-01-13,10:00 - 10:59,2179,north_ave,entry,36.31666666666667
2026-01-13,11:00 - 11:59,2256,north_ave,entry,37.6
2026-01-13,12:00 - 12:59,2071,north_ave,entry,34.516666666666666
2026-01-13,13:00 - 13:59,1784,north_ave,entry,29.733333333333334
2026-01-13,14:00 - 14:59,1459,north_ave,entry,24.316666666666666
2026-01-13,15:00 - 15:59,1469,north_ave,entry,24.483333333333334
2026-01-13,16:00 - 16:59,1723,north_ave,entry,28.716666666666665
2026-01-13,17:00 - 17:59,2092,north_ave,entry,34.86666666666667
2026-01-13,18:00 - 18:59,2114,north_ave,entry,35.233333333333334
2026-01-13,19:00 - 19:59,2259,north_ave,entry,37.65
2026-01-13,20:00 - 20:59,2155,north_ave,entry,35.916666666666664
2026-01-13,21:00 - 21:59,1436,north_ave,entry,23.933333333333334
2026-01-13,22:00 - 22:59,285,north_ave,entry,4.75
2026-01-13,23:00 - 23:59,0,north_ave,entry,0.0
2026-01-13,00:00 - 00:59,0,north_ave,entry,0.0
2026-01-13,01:00 - 01:59,0,north_ave,entry,0.0
2026-01-13,02:00 - 02:59,0,north_ave,entry,0.0
2026-01-14,03:00 - 03:59,0,north_ave,entry,0.0
2026-01-14,04:00 - 04:59,631,north_ave,entry,10.516666666666667
2026-01-14,05:00 - 05:59,2811,north_ave,entry,46.85
2026-01-14,06:00 - 06:59,5603,north_ave,entry,93.38333333333334
2026-01-14,07:00 - 07:59,6838,north_ave,entry,113.96666666666667
2026-01-14,08:00 - 08:59,5314,north_ave,entry,88.56666666666666
2026-01-14,09:00 - 09:59,3466,north_ave,entry,57.766666666666666
2026-01-14,10:00 - 10:59,2223,north_ave,entry,37.05
2026-01-14,11:00 - 11:59,2154,north_ave,entry,35.9
2026-01-14,12:00 - 12:59,2182,north_ave,entry,36.36666666666667
2026-01-14,13:00 - 13:59,1929,north_ave,entry,32.15
2026-01-14,14:00 - 14:59,1617,north_ave,entry,26.95
2026-01-14,15:00 - 15:59,1586,north_ave,entry,26.433333333333334
2026-01-14,16:00 - 16:59,1744,north_ave,entry,29.066666666666666
2026-01-14,17:00 - 17:59,1959,north_ave,entry,32.65
2026-01-14,18:00 - 18:59,2261,north_ave,entry,37.68333333333333
2026-01-14,19:00 - 19:59,2255,north_ave,entry,37.583333333333336
2026-01-14,20:00 - 20:59,2315,north_ave,entry,38.583333333333336
2026-01-14,21:00 - 21:59,1567,north_ave,entry,26.116666666666667
2026-01-14,22:00 - 22:59,367,north_ave,entry,6.116666666666666
2026-01-14,23:00 - 23:59,0,north_ave,entry,0.0
2026-01-14,00:00 - 00:59,0,north_ave,entry,0.0
2026-01-14,01:00 - 01:59,0,north_ave,entry,0.0
2026-01-14,02:00 - 02:59,0,north_ave,entry,0.0
2026-01-15,03:00 - 03:59,0,north_ave,entry,0.0
2026-01-15,04:00 - 04:59,644,north_ave,entry,10.733333333333333
2026-01-15,05:00 - 05:59,2613,north_ave,entry,43.55
2026-01-15,06:00 - 06:59,5549,north_ave,entry,92.48333333333333
2026-01-15,07:00 - 07:59,6478,north_ave,entry,107.96666666666667
2026-01-15,08:00 - 08:59,5180,north_ave,entry,86.33333333333333
2026-01-15,09:00 - 09:59,3570,north_ave,entry,59.5
2026-01-15,10:00 - 10:59,2155,north_ave,entry,35.916666666666664
2026-01-15,11:00 - 11:59,2263,north_ave,entry,37.71666666666667
2026-01-15,12:00 - 12:59,2168,north_ave,entry,36.13333333333333
2026-01-15,13:00 - 13:59,1929,north_ave,entry,32.15
2026-01-15,14:00 - 14:59,1621,north_ave,entry,27.016666666666666
2026-01-15,15:00 - 15:59,1402,north_ave,entry,23.366666666666667
2026-01-15,16:00 - 16:59,1855,north_ave,entry,30.916666666666668
2026-01-15,17:00 - 17:59,2153,north_ave,entry,35.88333333333333
2026-01-15,18:00 - 18:59,2018,north_ave,entry,33.63333333333333
2026-01-15,19:00 - 19:59,2242,north_ave,entry,37.36666666666667
2026-01-15,20:00 - 20:59,2139,north_ave,entry,35.65
2026-01-15,21:00 - 21:59,1561,north_ave,entry,26.016666666666666
2026-01-15,22:00 - 22:59,339,north_ave,entry,5.65
2026-01-15,23:00 - 23:59,0,north_ave,entry,0.0
2026-01-15,00:00 - 00:59,0,north_ave,entry,0.0
2026-01-15,01:00 - 01:59,0,north_ave,entry,0.0
2026-01-15,02:00 - 02:59,0,north_ave,entry,0.0
2026-01-16,03:00 - 03:59,0,north_ave,entry,0.0
2026-01-16,04:00 - 04:59,575,north_ave,entry,9.583333333333334
2026-01-16,05:00 - 05:59,2405,north_ave,entry,40.083333333333336
2026-01-16,06:00 - 06:59,5071,north_ave,entry,84.51666666666667
2026-01-16,07:00 - 07:59,5981,north_ave,entry,99.68333333333334
2026-01-16,08:00 - 08:59,4896,north_ave,entry,81.6
2026-01-16,09:00 - 09:59,3213,north_ave,entry,53.55
2026-01-16,10:00 - 10:59,2167,north_ave,entry,36.11666666666667
2026-01-16,11:00 - 11:59,2270,north_ave,entry,37.833333333333336
2026-01-16,12:00 - 12:59,2187,north_ave,entry,36.45
2026-01-16,13:00 - 13:59,2042,north_ave,entry,34.03333333333333
2026-01-16,14:00 - 14:59,1673,north_ave,entry,27.883333333333333
2026-01-16,15:00 - 15:59,1665,north_ave,entry,27.75
2026-01-16,16:00 - 16:59,1924,north_ave,entry,32.06666666666667
2026-01-16,17:00 - 17:59,2263,north_ave,entry,37.71666666666667
2026-01-16,18:00 - 18:59,2352,north_ave,entry,39.2
2026-01-16,19:00 - 19:59,2399,north_ave,entry,39.983333333333334
2026-01-16,20:00 - 20:59,2273,north_ave,entry,37.88333333333333
2026-01-16,21:00 - 21:59,1535,north_ave,entry,25.583333333333332
2026-01-16,22:00 - 22:59,412,north_ave,entry,6.866666666666666
2026-01-16,23:00 - 23:59,0,north_ave,entry,0.0
2026-01-16,00:00 - 00:59,0,north_ave,entry,0.0
2026-01-16,01:00 - 01:59,0,north_ave,entry,0.0
2026-01-16,02:00 - 02:59,0,north_ave,entry,0.0
2026-01-17,03:00 - 03:59,0,north_ave,entry,0.0
2026-01-17,04:00 - 04:59,307,north_ave,entry,5.116666666666666
2026-01-17,05:00 - 05:59,1295,north_ave,entry,21.583333333333332
2026-01-17,06:00 - 06:59,1855,north_ave,entry,30.916666666666668
2026-01-17,07:00 - 07:59,2241,north_ave,entry,37.35
2026-01-17,08:00 - 08:59,2097,north_ave,entry,34.95
2026-01-17,09:00 - 09:59,2069,north_ave,entry,34.483333333333334
2026-01-17,10:00 - 10:59,1726,north_ave,entry,28.766666666666666
2026-01-17,11:00 - 11:59,1993,north_ave,entry,33.21666666666667
2026-01-17,12:00 - 12:59,2071,north_ave,entry,34.516666666666666
2026-01-17,13:00 - 13:59,1927,north_ave,entry,32.11666666666667
2026-01-17,14:00 - 14:59,1732,north_ave,entry,28.866666666666667
2026-01-17,15:00 - 15:59,1739,north_ave,entry,28.983333333333334
2026-01-17,16:00 - 16:59,2124,north_ave,entry,35.4
2026-01-17,17:00 - 17:59,2245,north_ave,entry,37.416666666666664
2026-01-17,18:00 - 18:59,1920,north_ave,entry,32.0
2026-01-17,19:00 - 19:59,1721,north_ave,entry,28.683333333333334
2026-01-17,20:00 - 20:59,1605,north_ave,entry,26.75
2026-01-17,21:00 - 21:59,688,north_ave,entry,11.466666666666667
2026-01-17,22:00 - 22:59,0,north_ave,entry,0.0
2026-01-17,23:00 - 23:59,0,north_ave,entry,0.0
2026-01-17,00:00 - 00:59,0,north_ave,entry,0.0
2026-01-17,01:00 - 01:59,0,north_ave,entry,0.0
2026-01-17,02:00 - 02:59,0,north_ave,entry,0.0
2026-01-18,03:00 - 03:59,0,north_ave,entry,0.0
2026-01-18,04:00 - 04:59,210,north_ave,entry,3.5
2026-01-18,05:00 - 05:59,679,north_ave,entry,11.316666666666666
2026-01-18,06:00 - 06:59,860,north_ave,entry,14.333333333333334
2026-01-18,07:00 - 07:59,1054,north_ave,entry,17.566666666666666
2026-01-18,08:00 - 08:59,1356,north_ave,entry,22.6
2026-01-18,09:00 - 09:59,1535,north_ave,entry,25.583333333333332
2026-01-18,10:00 - 10:59,1550,north_ave,entry,25.833333333333332
2026-01-18,11:00 - 11:59,1678,north_ave,entry,27.966666666666665
2026-01-18,12:00 - 12:59,1646,north_ave,entry,27.433333333333334
2026-01-18,13:00 - 13:59,1600,north_ave,entry,26.666666666666668
2026-01-18,14:00 - 14:59,1576,north_ave,entry,26.266666666666666
2026-01-18,15:00 - 15:59,1648,north_ave,entry,27.466666666666665
2026-01-18,16:00 - 16:59,1728,north_ave,entry,28.8
2026-01-18,17:00 - 17:59,1882,north_ave,entry,31.366666666666667
2026-01-18,18:00 - 18:59,1859,north_ave,entry,30.983333333333334
2026-01-18,19:00 - 19:59,1913,north_ave,entry,31.883333333333333
2026-01-18,20:00 - 20:59,1770,north_ave,entry,29.5
2026-01-18,21:00 - 21:59,745,north_ave,entry,12.416666666666666
2026-01-18,22:00 - 22:59,0,north_ave,entry,0.0
2026-01-18,23:00 - 23:59,0,north_ave,entry,0.0
2026-01-18,00:00 - 00:59,0,north_ave,entry,0.0
2026-01-18,01:00 - 01:59,0,north_ave,entry,0.0
2026-01-18,02:00 - 02:59,0,north_ave,entry,0.0
2026-01-19,03:00 - 03:59,0,north_ave,entry,0.0
2026-01-19,04:00 - 04:59,904,north_ave,entry,15.066666666666666
2026-01-19,05:00 - 05:59,3381,north_ave,entry,56.35
2026-01-19,06:00 - 06:59,5875,north_ave,entry,97.91666666666667
2026-01-19,07:00 - 07:59,6898,north_ave,entry,114.96666666666667
2026-01-19,08:00 - 08:59,5764,north_ave,entry,96.06666666666666
2026-01-19,09:00 - 09:59,3448,north_ave,entry,57.46666666666667
2026-01-19,10:00 - 10:59,2282,north_ave,entry,38.03333333333333
2026-01-19,11:00 - 11:59,2135,north_ave,entry,35.583333333333336
2026-01-19,12:00 - 12:59,2171,north_ave,entry,36.18333333333333
2026-01-19,13:00 - 13:59,1882,north_ave,entry,31.366666666666667
2026-01-19,14:00 - 14:59,1541,north_ave,entry,25.683333333333334
2026-01-19,15:00 - 15:59,1683,north_ave,entry,28.05
2026-01-19,16:00 - 16:59,1867,north_ave,entry,31.116666666666667
2026-01-19,17:00 - 17:59,2265,north_ave,entry,37.75
2026-01-19,18:00 - 18:59,2085,north_ave,entry,34.75
2026-01-19,19:00 - 19:59,2091,north_ave,entry,34.85
2026-01-19,20:00 - 20:59,2047,north_ave,entry,34.11666666666667
2026-01-19,21:00 - 21:59,1249,north_ave,entry,20.816666666666666
2026-01-19,22:00 - 22:59,259,north_ave,entry,4.316666666666666
2026-01-19,23:00 - 23:59,0,north_ave,entry,0.0
2026-01-19,00:00 - 00:59,0,north_ave,entry,0.0
2026-01-19,01:00 - 01:59,0,north_ave,entry,0.0
2026-01-19,02:00 - 02:59,0,north_ave,entry,0.0
2026-01-20,03:00 - 03:59,0,north_ave,entry,0.0
2026-01-20,04:00 - 04:59,734,north_ave,entry,12.233333333333333
2026-01-20,05:00 - 05:59,2811,north_ave,entry,46.85
2026-01-20,06:00 - 06:59,6020,north_ave,entry,100.33333333333333
2026-01-20,07:00 - 07:59,6370,north_ave,entry,106.16666666666667
2026-01-20,08:00 - 08:59,5754,north_ave,entry,95.9
2026-01-20,09:00 - 09:59,3558,north_ave,entry,59.3
2026-01-20,10:00 - 10:59,2113,north_ave,entry,35.21666666666667
2026-01-20,11:00 - 11:59,2102,north_ave,entry,35.03333333333333
2026-01-20,12:00 - 12:59,2378,north_ave,entry,39.63333333333333
2026-01-20,13:00 - 13:59,1887,north_ave,entry,31.45
2026-01-20,14:00 - 14:59,1526,north_ave,entry,25.433333333333334
2026-01-20,15:00 - 15:59,1381,north_ave,entry,23.016666666666666
2026-01-20,16:00 - 16:59,1760,north_ave,entry,29.333333333333332
2026-01-20,17:00 - 17:59,2183,north_ave,entry,36.38333333333333
2026-01-20,18:00 - 18:59,2117,north_ave,entry,35.28333333333333
2026-01-20,19:00 - 19:59,2299,north_ave,entry,38.31666666666667
2026-01-20,20:00 - 20:59,2183,north_ave,entry,36.38333333333333
2026-01-20,21:00 - 21:59,1469,north_ave,entry,24.483333333333334
2026-01-20,22:00 - 22:59,302,north_ave,entry,5.033333333333333
2026-01-20,23:00 - 23:59,0,north_ave,entry,0.0
2026-01-20,00:00 - 00:59,0,north_ave,entry,0.0
2026-01-20,01:00 - 01:59,0,north_ave,entry,0.0
2026-01-20,02:00 - 02:59,0,north_ave,entry,0.0
2026-01-21,03:00 - 03:59,0,north_ave,entry,0.0
2026-01-21,04:00 - 04:59,723,north_ave,entry,12.05
2026-01-21,05:00 - 05:59,2993,north_ave,entry,49.88333333333333
2026-01-21,06:00 - 06:59,5714,north_ave,entry,95.23333333333333
2026-01-21,07:00 - 07:59,6762,north_ave,entry,112.7
2026-01-21,08:00 - 08:59,5316,north_ave,entry,88.6
2026-01-21,09:00 - 09:59,3282,north_ave,entry,54.7
2026-01-21,10:00 - 10:59,2286,north_ave,entry,38.1
2026-01-21,11:00 - 11:59,2186,north_ave,entry,36.43333333333333
2026-01-21,12:00 - 12:59,2234,north_ave,entry,37.233333333333334
2026-01-21,13:00 - 13:59,1873,north_ave,entry,31.216666666666665
2026-01-21,14:00 - 14:59,1589,north_ave,entry,26.483333333333334
2026-01-21,15:00 - 15:59,1592,north_ave,entry,26.533333333333335
2026-01-21,16:00 - 16:59,1822,north_ave,entry,30.366666666666667
2026-01-21,17:00 - 17:59,2202,north_ave,entry,36.7
2026-01-21,18:00 - 18:59,2142,north_ave,entry,35.7
2026-01-21,19:00 - 19:59,2313,north_ave,entry,38.55
2026-01-21,20:00 - 20:59,2212,north_ave,entry,36.86666666666667
2026-01-21,21:00 - 21:59,1511,north_ave,entry,25.183333333333334
2026-01-21,22:00 - 22:59,340,north_ave,entry,5.666666666666667
2026-01-21,23:00 - 23:59,0,north_ave,entry,0.0
2026-01-21,00:00 - 00:59,0,north_ave,entry,0.0
2026-01-21,01:00 - 01:59,0,north_ave,entry,0.0
2026-01-21,02:00 - 02:59,0,north_ave,entry,0.0
2026-01-22,03:00 - 03:59,0,north_ave,entry,0.0
2026-01-22,04:00 - 04:59,627,north_ave,entry,10.45
2026-01-22,05:00 - 05:59,2729,north_ave,entry,45.483333333333334
2026-01-22,06:00 - 06:59,5500,north_ave,entry,91.66666666666667
2026-01-22,07:00 - 07:59,6719,north_ave,entry,111.98333333333333
2026-01-22,08:00 - 08:59,5032,north_ave,entry,83.86666666666666
2026-01-22,09:00 - 09:59,3245,north_ave,entry,54.083333333333336
2026-01-22,10:00 - 10:59,2278,north_ave,entry,37.96666666666667
2026-01-22,11:00 - 11:59,2225,north_ave,entry,37.083333333333336
2026-01-22,12:00 - 12:59,2262,north_ave,entry,37.7
2026-01-22,13:00 - 13:59,1772,north_ave,entry,29.533333333333335
2026-01-22,14:00 - 14:59,1431,north_ave,entry,23.85
2026-01-22,15:00 - 15:59,1437,north_ave,entry,23.95
2026-01-22,16:00 - 16:59,1736,north_ave,entry,28.933333333333334
2026-01-22,17:00 - 17:59,2163,north_ave,entry,36.05
2026-01-22,18:00 - 18:59,2138,north_ave,entry,35.63333333333333
2026-01-22,19:00 - 19:59,2277,north_ave,entry,37.95
2026-01-22,20:00 - 20:59,2138,north_ave,entry,35.63333333333333
2026-01-22,21:00 - 21:59,1396,north_ave,entry,23.266666666666666
2026-01-22,22:00 - 22:59,318,north_ave,entry,5.3
2026-01-22,23:00 - 23:59,0,north_ave,entry,0.0
2026-01-22,00:00 - 00:59,0,north_ave,entry,0.0
2026-01-22,01:00 - 01:59,0,north_ave,entry,0.0
2026-01-22,02:00 - 02:59,0,north_ave,entry,0.0
2026-01-23,03:00 - 03:59,0,north_ave,entry,0.0
2026-01-23,04:00 - 04:59,595,north_ave,entry,9.916666666666666
2026-01-23,05:00 - 05:59,2532,north_ave,entry,42.2
2026-01-23,06:00 - 06:59,5175,north_ave,entry,86.25
2026-01-23,07:00 - 07:59,6325,north_ave,entry,105.41666666666667
2026-01-23,08:00 - 08:59,4559,north_ave,entry,75.98333333333333
2026-01-23,09:00 - 09:59,3197,north_ave,entry,53.28333333333333
2026-01-23,10:00 - 10:59,2224,north_ave,entry,37.06666666666667
2026-01-23,11:00 - 11:59,2128,north_ave,entry,35.46666666666667
2026-01-23,12:00 - 12:59,2310,north_ave,entry,38.5
2026-01-23,13:00 - 13:59,2108,north_ave,entry,35.13333333333333
2026-01-23,14:00 - 14:59,1682,north_ave,entry,28.033333333333335
2026-01-23,15:00 - 15:59,1702,north_ave,entry,28.366666666666667
2026-01-23,16:00 - 16:59,2014,north_ave,entry,33.56666666666667
2026-01-23,17:00 - 17:59,2165,north_ave,entry,36.083333333333336
2026-01-23,18:00 - 18:59,2205,north_ave,entry,36.75
2026-01-23,19:00 - 19:59,2360,north_ave,entry,39.333333333333336
2026-01-23,20:00 - 20:59,2129,north_ave,entry,35.483333333333334
2026-01-23,21:00 - 21:59,1575,north_ave,entry,26.25
2026-01-23,22:00 - 22:59,412,north_ave,entry,6.866666666666666
2026-01-23,23:00 - 23:59,0,north_ave,entry,0.0
2026-01-23,00:00 - 00:59,0,north_ave,entry,0.0
2026-01-23,01:00 - 01:59,0,north_ave,entry,0.0
2026-01-23,02:00 - 02:59,0,north_ave,entry,0.0
2026-01-24,03:00 - 03:59,0,north_ave,entry,0.0
2026-01-24,04:00 - 04:59,327,north_ave,entry,5.45
2026-01-24,05:00 - 05:59,1289,north_ave,entry,21.483333333333334
2026-01-24,06:00 - 06:59,1872,north_ave,entry,31.2
2026-01-24,07:00 - 07:59,2257,north_ave,entry,37.61666666666667
2026-01-24,08:00 - 08:59,2144,north_ave,entry,35.733333333333334
2026-01-24,09:00 - 09:59,2114,north_ave,entry,35.233333333333334
2026-01-24,10:00 - 10:59,1683,north_ave,entry,28.05
2026-01-24,11:00 - 11:59,1932,north_ave,entry,32.2
2026-01-24,12:00 - 12:59,2222,north_ave,entry,37.03333333333333
2026-01-24,13:00 - 13:59,1919,north_ave,entry,31.983333333333334
2026-01-24,14:00 - 14:59,1611,north_ave,entry,26.85
2026-01-24,15:00 - 15:59,1703,north_ave,entry,28.383333333333333
2026-01-24,16:00 - 16:59,2093,north_ave,entry,34.88333333333333
2026-01-24,17:00 - 17:59,2091,north_ave,entry,34.85
2026-01-24,18:00 - 18:59,1906,north_ave,entry,31.766666666666666
2026-01-24,19:00 - 19:59,1683,north_ave,entry,28.05
2026-01-24,20:00 - 20:59,1576,north_ave,entry,26.266666666666666
2026-01-24,21:00 - 21:59,621,north_ave,entry,10.35
2026-01-24,22:00 - 22:59,0,north_ave,entry,0.0
2026-01-24,23:00 - 23:59,0,north_ave,entry,0.0
2026-01-24,00:00 - 00:59,0,north_ave,entry,0.0
2026-01-24,01:00 - 01:59,0,north_ave,entry,0.0
2026-01-24,02:00 - 02:59,0,north_ave,entry,0.0
2026-01-25,03:00 - 03:59,0,north_ave,entry,0.0
2026-01-25,04:00 - 04:59,216,north_ave,entry,3.6
2026-01-25,05:00 - 05:59,706,north_ave,entry,11.766666666666667
2026-01-25,06:00 - 06:59,932,north_ave,entry,15.533333333333333
2026-01-25,07:00 - 07:59,1050,north_ave,entry,17.5
2026-01-25,08:00 - 08:59,1306,north_ave,entry,21.766666666666666
2026-01-25,09:00 - 09:59,1684,north_ave,entry,28.066666666666666
2026-01-25,10:00 - 10:59,1450,north_ave,entry,24.166666666666668
2026-01-25,11:00 - 11:59,1705,north_ave,entry,28.416666666666668
2026-01-25,12:00 - 12:59,1751,north_ave,entry,29.183333333333334
2026-01-25,13:00 - 13:59,1566,north_ave,entry,26.1
2026-01-25,14:00 - 14:59,1562,north_ave,entry,26.033333333333335
2026-01-25,15:00 - 15:59,1623,north_ave,entry,27.05
2026-01-25,16:00 - 16:59,1649,north_ave,entry,27.483333333333334
2026-01-25,17:00 - 17:59,1805,north_ave,entry,30.083333333333332
2026-01-25,18:00 - 18:59,1776,north_ave,entry,29.6
2026-01-25,19:00 - 19:59,1788,north_ave,entry,29.8
2026-01-25,20:00 - 20:59,1897,north_ave,entry,31.616666666666667
2026-01-25,21:00 - 21:59,746,north_ave,entry,12.433333333333334
2026-01-25,22:00 - 22:59,0,north_ave,entry,0.0
2026-01-25,23:00 - 23:59,0,north_ave,entry,0.0
2026-01-25,00:00 - 00:59,0,north_ave,entry,0.0
2026-01-25,01:00 - 01:59,0,north_ave,entry,0.0
2026-01-25,02:00 - 02:59,0,north_ave,entry,0.0
2026-01-26,03:00 - 03:59,0,north_ave,entry,0.0
2026-01-26,04:00 - 04:59,858,north_ave,entry,14.3
2026-01-26,05:00 - 05:59,3405,north_ave,entry,56.75
2026-01-26,06:00 - 06:59,5736,north_ave,entry,95.6
2026-01-26,07:00 - 07:59,7072,north_ave,entry,117.86666666666666
2026-01-26,08:00 - 08:59,5411,north_ave,entry,90.18333333333334
2026-01-26,09:00 - 09:59,3345,north_ave,entry,55.75
2026-01-26,10:00 - 10:59,2244,north_ave,entry,37.4
2026-01-26,11:00 - 11:59,2191,north_ave,entry,36.516666666666666
2026-01-26,12:00 - 12:59,2196,north_ave,entry,36.6
2026-01-26,13:00 - 13:59,1886,north_ave,entry,31.433333333333334
2026-01-26,14:00 - 14:59,1658,north_ave,entry,27.633333333333333
2026-01-26,15:00 - 15:59,1587,north_ave,entry,26.45
2026-01-26,16:00 - 16:59,1738,north_ave,entry,28.966666666666665
2026-01-26,17:00 - 17:59,2239,north_ave,entry,37.31666666666667
2026-01-26,18:00 - 18:59,2139,north_ave,entry,35.65
2026-01-26,19:00 - 19:59,2133,north_ave,entry,35.55
2026-01-26,20:00 - 20:59,2179,north_ave,entry,36.31666666666667
2026-01-26,21:00 - 21:59,1378,north_ave,entry,22.966666666666665
2026-01-26,22:00 - 22:59,303,north_ave,entry,5.05
2026-01-26,23:00 - 23:59,0,north_ave,entry,0.0
2026-01-26,00:00 - 00:59,0,north_ave,entry,0.0
2026-01-26,01:00 - 01:59,0,north_ave,entry,0.0
2026-01-26,02:00 - 02:59,0,north_ave,entry,0.0
2026-01-27,03:00 - 03:59,0,north_ave,entry,0.0
2026-01-27,04:00 - 04:59,663,north_ave,entry,11.05
2026-01-27,05:00 - 05:59,2860,north_ave,entry,47.666666666666664
2026-01-27,06:00 - 06:59,5720,north_ave,entry,95.33333333333333
2026-01-27,07:00 - 07:59,6920,north_ave,entry,115.33333333333333
2026-01-27,08:00 - 08:59,5470,north_ave,entry,91.16666666666667
2026-01-27,09:00 - 09:59,3451,north_ave,entry,57.516666666666666
2026-01-27,10:00 - 10:59,2325,north_ave,entry,38.75
2026-01-27,11:00 - 11:59,2179,north_ave,entry,36.31666666666667
2026-01-27,12:00 - 12:59,2172,north_ave,entry,36.2
2026-01-27,13:00 - 13:59,1811,north_ave,entry,30.183333333333334
2026-01-27,14:00 - 14:59,1517,north_ave,entry,25.283333333333335
2026-01-27,15:00 - 15:59,1582,north_ave,entry,26.366666666666667
2026-01-27,16:00 - 16:59,1723,north_ave,entry,28.716666666666665
2026-01-27,17:00 - 17:59,2106,north_ave,entry,35.1
2026-01-27,18:00 - 18:59,2225,north_ave,entry,37.083333333333336
2026-01-27,19:00 - 19:59,2346,north_ave,entry,39.1
2026-01-27,20:00 - 20:59,2120,north_ave,entry,35.333333333333336
2026-01-27,21:00 - 21:59,1393,north_ave,entry,23.216666666666665
2026-01-27,22:00 - 22:59,295,north_ave,entry,4.916666666666667
2026-01-27,23:00 - 23:59,0,north_ave,entry,0.0
2026-01-27,00:00 - 00:59,0,north_ave,entry,0.0
2026-01-27,01:00 - 01:59,0,north_ave,entry,0.0
2026-01-27,02:00 - 02:59,0,north_ave,entry,0.0
2026-01-28,03:00 - 03:59,0,north_ave,entry,0.0
2026-01-28,04:00 - 04:59,684,north_ave,entry,11.4
2026-01-28,05:00 - 05:59,2839,north_ave,entry,47.31666666666667
2026-01-28,06:00 - 06:59,6013,north_ave,entry,100.21666666666667
2026-01-28,07:00 - 07:59,6846,north_ave,entry,114.1
2026-01-28,08:00 - 08:59,5119,north_ave,entry,85.31666666666666
2026-01-28,09:00 - 09:59,3449,north_ave,entry,57.483333333333334
2026-01-28,10:00 - 10:59,2359,north_ave,entry,39.31666666666667
2026-01-28,11:00 - 11:59,2200,north_ave,entry,36.666666666666664
2026-01-28,12:00 - 12:59,2230,north_ave,entry,37.166666666666664
2026-01-28,13:00 - 13:59,1776,north_ave,entry,29.6
2026-01-28,14:00 - 14:59,1511,north_ave,entry,25.183333333333334
2026-01-28,15:00 - 15:59,1479,north_ave,entry,24.65
2026-01-28,16:00 - 16:59,1783,north_ave,entry,29.716666666666665
2026-01-28,17:00 - 17:59,2226,north_ave,entry,37.1
2026-01-28,18:00 - 18:59,2122,north_ave,entry,35.36666666666667
2026-01-28,19:00 - 19:59,2156,north_ave,entry,35.93333333333333
2026-01-28,20:00 - 20:59,2146,north_ave,entry,35.766666666666666
2026-01-28,21:00 - 21:59,1614,north_ave,entry,26.9
2026-01-28,22:00 - 22:59,341,north_ave,entry,5.683333333333334
2026-01-28,23:00 - 23:59,0,north_ave,entry,0.0
2026-01-28,00:00 - 00:59,0,north_ave,entry,0.0
2026-01-28,01:00 - 01:59,0,north_ave,entry,0.0
2026-01-28,02:00 - 02:59,0,north_ave,entry,0.0
2026-01-29,03:00 - 03:59,0,north_ave,entry,0.0
2026-01-29,04:00 - 04:59,699,north_ave,entry,11.65
2026-01-29,05:00 - 05:59,2674,north_ave,entry,44.56666666666667
2026-01-29,06:00 - 06:59,5512,north_ave,entry,91.86666666666666
2026-01-29,07:00 - 07:59,6713,north_ave,entry,111.88333333333334
2026-01-29,08:00 - 08:59,5040,north_ave,entry,84.0
2026-01-29,09:00 - 09:59,3430,north_ave,entry,57.166666666666664
2026-01-29,10:00 - 10:59,2334,north_ave,entry,38.9
2026-01-29,11:00 - 11:59,2192,north_ave,entry,36.53333333333333
2026-01-29,12:00 - 12:59,2026,north_ave,entry,33.766666666666666
2026-01-29,13:00 - 13:59,1767,north_ave,entry,29.45
2026-01-29,14:00 - 14:59,1554,north_ave,entry,25.9
2026-01-29,15:00 - 15:59,1496,north_ave,entry,24.933333333333334
2026-01-29,16:00 - 16:59,1827,north_ave,entry,30.45
2026-01-29,17:00 - 17:59,2106,north_ave,entry,35.1
2026-01-29,18:00 - 18:59,2072,north_ave,entry,34.53333333333333
2026-01-29,19:00 - 19:59,2228,north_ave,entry,37.13333333333333
2026-01-29,20:00 - 20:59,2167,north_ave,entry,36.11666666666667
2026-01-29,21:00 - 21:59,1474,north_ave,entry,24.566666666666666
2026-01-29,22:00 - 22:59,321,north_ave,entry,5.35
2026-01-29,23:00 - 23:59,0,north_ave,entry,0.0
2026-01-29,00:00 - 00:59,0,north_ave,entry,0.0
2026-01-29,01:00 - 01:59,0,north_ave,entry,0.0
2026-01-29,02:00 - 02:59,0,north_ave,entry,0.0
2026-01-30,03:00 - 03:59,0,north_ave,entry,0.0
2026-01-30,04:00 - 04:59,667,north_ave,entry,11.116666666666667
2026-01-30,05:00 - 05:59,2535,north_ave,entry,42.25
2026-01-30,06:00 - 06:59,5261,north_ave,entry,87.68333333333334
2026-01-30,07:00 - 07:59,6297,north_ave,entry,104.95
2026-01-30,08:00 - 08:59,4410,north_ave,entry,73.5
2026-01-30,09:00 - 09:59,3261,north_ave,entry,54.35
2026-01-30,10:00 - 10:59,2253,north_ave,entry,37.55
2026-01-30,11:00 - 11:59,2272,north_ave,entry,37.86666666666667
2026-01-30,12:00 - 12:59,2191,north_ave,entry,36.516666666666666
2026-01-30,13:00 - 13:59,1839,north_ave,entry,30.65
2026-01-30,14:00 - 14:59,1713,north_ave,entry,28.55
2026-01-30,15:00 - 15:59,1723,north_ave,entry,28.716666666666665
2026-01-30,16:00 - 16:59,1924,north_ave,entry,32.06666666666667
2026-01-30,17:00 - 17:59,2267,north_ave,entry,37.78333333333333
2026-01-30,18:00 - 18:59,2260,north_ave,entry,37.666666666666664
2026-01-30,19:00 - 19:59,2327,north_ave,entry,38.78333333333333
2026-01-30,20:00 - 20:59,2179,north_ave,entry,36.31666666666667
2026-01-30,21:00 - 21:59,1509,north_ave,entry,25.15
2026-01-30,22:00 - 22:59,441,north_ave,entry,7.35
2026-01-30,23:00 - 23:59,0,north_ave,entry,0.0
2026-01-30,00:00 - 00:59,0,north_ave,entry,0.0
2026-01-30,01:00 - 01:59,0,north_ave,entry,0.0
2026-01-30,02:00 - 02:59,0,north_ave,entry,0.0
2026-01-31,03:00 - 03:59,0,north_ave,entry,0.0
2026-01-31,04:00 - 04:59,338,north_ave,entry,5.633333333333334
2026-01-31,05:00 - 05:59,1214,north_ave,entry,20.233333333333334
2026-01-31,06:00 - 06:59,1975,north_ave,entry,32.916666666666664
2026-01-31,07:00 - 07:59,2241,north_ave,entry,37.35
2026-01-31,08:00 - 08:59,2129,north_ave,entry,35.483333333333334
2026-01-31,09:00 - 09:59,2064,north_ave,entry,34.4
2026-01-31,10:00 - 10:59,1769,north_ave,entry,29.483333333333334
2026-01-31,11:00 - 11:59,1887,north_ave,entry,31.45
2026-01-31,12:00 - 12:59,2152,north_ave,entry,35.86666666666667
2026-01-31,13:00 - 13:59,2020,north_ave,entry,33.666666666666664
2026-01-31,14:00 - 14:59,1831,north_ave,entry,30.516666666666666
2026-01-31,15:00 - 15:59,1762,north_ave,entry,29.366666666666667
2026-01-31,16:00 - 16:59,1981,north_ave,entry,33.016666666666666
2026-01-31,17:00 - 17:59,2182,north_ave,entry,36.36666666666667
2026-01-31,18:00 - 18:59,1905,north_ave,entry,31.75
2026-01-31,19:00 - 19:59,1833,north_ave,entry,30.55
2026-01-31,20:00 - 20:59,1640,north_ave,entry,27.333333333333332
2026-01-31,21:00 - 21:59,674,north_ave,entry,11.233333333333333
2026-01-31,22:00 - 22:59,0,north_ave,entry,0.0
2026-01-31,23:00 - 23:59,0,north_ave,entry,0.0
2026-01-31,00:00 - 00:59,0,north_ave,entry,0.0
2026-01-31,01:00 - 01:59,0,north_ave,entry,0.0
2026-01-31,02:00 - 02:59,0,north_ave,entry,0.0
2026-01-01,03:00 - 03:59,0,north_ave,exit,0.0
2026-01-01,04:00 - 04:59,0,north_ave,exit,0.0
2026-01-01,05:00 - 05:59,0,north_ave,exit,0.0
2026-01-01,06:00 - 06:59,0,north_ave,exit,0.0
2026-01-01,07:00 - 07:59,796,north_ave,exit,0.0
2026-01-01,08:00 - 08:59,529,north_ave,exit,0.0
2026-01-01,09:00 - 09:59,683,north_ave,exit,0.0
2026-01-01,10:00 - 10:59,766,north_ave,exit,0.0
2026-01-01,11:00 - 11:59,1028,north_ave,exit,0.0
2026-01-01,12:00 - 12:59,1106,north_ave,exit,0.0
2026-01-01,13:00 - 13:59,1001,north_ave,exit,0.0
2026-01-01,14:00 - 14:59,1131,north_ave,exit,0.0
2026-01-01,15:00 - 15:59,1226,north_ave,exit,0.0
2026-01-01,16:00 - 16:59,1357,north_ave,exit,0.0
2026-01-01,17:00 - 17:59,1283,north_ave,exit,0.0
2026-01-01,18:00 - 18:59,1058,north_ave,exit,0.0
2026-01-01,19:00 - 19:59,1090,north_ave,exit,0.0
2026-01-01,20:00 - 20:59,967,north_ave,exit,0.0
2026-01-01,21:00 - 21:59,967,north_ave,exit,0.0
2026-01-01,22:00 - 22:59,826,north_ave,exit,0.0
2026-01-01,23:00 - 23:59,273,north_ave,exit,0.0
2026-01-01,00:00 - 00:59,0,north_ave,exit,0.0
2026-01-01,01:00 - 01:59,0,north_ave,exit,0.0
2026-01-01,02:00 - 02:59,0,north_ave,exit,0.0
2026-01-02,03:00 - 03:59,0,north_ave,exit,0.0
2026-01-02,04:00 - 04:59,0,north_ave,exit,0.0
2026-01-02,05:00 - 05:59,323,north_ave,exit,0.0
2026-01-02,06:00 - 06:59,706,north_ave,exit,0.0
2026-01-02,07:00 - 07:59,946,north_ave,exit,0.0
2026-01-02,08:00 - 08:59,794,north_ave,exit,0.0
2026-01-02,09:00 - 09:59,905,north_ave,exit,0.0
2026-01-02,10:00 - 10:59,1129,north_ave,exit,0.0
2026-01-02,11:00 - 11:59,1133,north_ave,exit,0.0
2026-01-02,12:00 - 12:59,1234,north_ave,exit,0.0
2026-01-02,13:00 - 13:59,1233,north_ave,exit,0.0
2026-01-02,14:00 - 14:59,1412,north_ave,exit,0.0
2026-01-02,15:00 - 15:59,1600,north_ave,exit,0.0
2026-01-02,16:00 - 16:59,2151,north_ave,exit,0.0
2026-01-02,17:00 - 17:59,2855,north_ave,exit,0.0
2026-01-02,18:00 - 18:59,2990,north_ave,exit,0.0
2026-01-02,19:00 - 19:59,2679,north_ave,exit,0.0
2026-01-02,20:00 - 20:59,1578,north_ave,exit,0.0
2026-01-02,21:00 - 21:59,1449,north_ave,exit,0.0
2026-01-02,22:00 - 22:59,882,north_ave,exit,0.0
2026-01-02,23:00 - 23:59,279,north_ave,exit,0.0
2026-01-02,00:00 - 00:59,0,north_ave,exit,0.0
2026-01-02,01:00 - 01:59,0,north_ave,exit,0.0
2026-01-02,02:00 - 02:59,0,north_ave,exit,0.0
2026-01-03,03:00 - 03:59,0,north_ave,exit,0.0
2026-01-03,04:00 - 04:59,0,north_ave,exit,0.0
2026-01-03,05:00 - 05:59,281,north_ave,exit,0.0
2026-01-03,06:00 - 06:59,848,north_ave,exit,0.0
2026-01-03,07:00 - 07:59,1290,north_ave,exit,0.0
2026-01-03,08:00 - 08:59,989,north_ave,exit,0.0
2026-01-03,09:00 - 09:59,1195,north_ave,exit,0.0
2026-01-03,10:00 - 10:59,1151,north_ave,exit,0.0
2026-01-03,11:00 - 11:59,1347,north_ave,exit,0.0
2026-01-03,12:00 - 12:59,1502,north_ave,exit,0.0
2026-01-03,13:00 - 13:59,1484,north_ave,exit,0.0
2026-01-03,14:00 - 14:59,1534,north_ave,exit,0.0
2026-01-03,15:00 - 15:59,1790,north_ave,exit,0.0
2026-01-03,16:00 - 16:59,2081,north_ave,exit,0.0
2026-01-03,17:00 - 17:59,2283,north_ave,exit,0.0
2026-01-03,18:00 - 18:59,2013,north_ave,exit,0.0
2026-01-03,19:00 - 19:59,1911,north_ave,exit,0.0
2026-01-03,20:00 - 20:59,1672,north_ave,exit,0.0
2026-01-03,21:00 - 21:59,1360,north_ave,exit,0.0
2026-01-03,22:00 - 22:59,793,north_ave,exit,0.0
2026-01-03,23:00 - 23:59,0,north_ave,exit,0.0
2026-01-03,00:00 - 00:59,0,north_ave,exit,0.0
2026-01-03,01:00 - 01:59,0,north_ave,exit,0.0
2026-01-03,03:00 - 03:59,0,north_ave,exit,0.0
2026-01-04,03:00 - 03:59,0,north_ave,exit,0.0
2026-01-04,04:00 - 04:59,0,north_ave,exit,0.0
2026-01-04,05:00 - 05:59,217,north_ave,exit,0.0
2026-01-04,06:00 - 06:59,570,north_ave,exit,0.0
2026-01-04,07:00 - 07:59,753,north_ave,exit,0.0
2026-01-04,08:00 - 08:59,686,north_ave,exit,0.0
2026-01-04,09:00 - 09:59,1035,north_ave,exit,0.0
2026-01-04,10:00 - 10:59,1073,north_ave,exit,0.0
2026-01-04,11:00 - 11:59,1242,north_ave,exit,0.0
2026-01-04,12:00 - 12:59,1318,north_ave,exit,0.0
2026-01-04,13:00 - 13:59,1251,north_ave,exit,0.0
2026-01-04,14:00 - 14:59,1603,north_ave,exit,0.0
2026-01-04,15:00 - 15:59,1765,north_ave,exit,0.0
2026-01-04,16:00 - 16:59,1739,north_ave,exit,0.0
2026-01-04,17:00 - 17:59,1768,north_ave,exit,0.0
2026-01-04,18:00 - 18:59,1748,north_ave,exit,0.0
2026-01-04,19:00 - 19:59,1797,north_ave,exit,0.0
2026-01-04,20:00 - 20:59,1291,north_ave,exit,0.0
2026-01-04,21:00 - 21:59,1320,north_ave,exit,0.0
2026-01-04,22:00 - 22:59,700,north_ave,exit,0.0
2026-01-04,23:00 - 23:59,0,north_ave,exit,0.0
2026-01-04,00:00 - 00:59,0,north_ave,exit,0.0
2026-01-04,01:00 - 01:59,0,north_ave,exit,0.0
2026-01-04,02:00 - 02:59,0,north_ave,exit,0.0
2026-01-05,03:00 - 03:59,0,north_ave,exit,0.0
2026-01-05,04:00 - 04:59,0,north_ave,exit,0.0
2026-01-05,05:00 - 05:59,301,north_ave,exit,0.0
2026-01-05,06:00 - 06:59,1163,north_ave,exit,0.0
2026-01-05,07:00 - 07:59,1587,north_ave,exit,0.0
2026-01-05,08:00 - 08:59,1109,north_ave,exit,0.0
2026-01-05,09:00 - 09:59,1230,north_ave,exit,0.0
2026-01-05,10:00 - 10:59,1072,north_ave,exit,0.0
2026-01-05,11:00 - 11:59,1134,north_ave,exit,0.0
2026-01-05,12:00 - 12:59,1658,north_ave,exit,0.0
2026-01-05,13:00 - 13:59,1389,north_ave,exit,0.0
2026-01-05,14:00 - 14:59,1758,north_ave,exit,0.0
2026-01-05,15:00 - 15:59,2171,north_ave,exit,0.0
2026-01-05,16:00 - 16:59,3211,north_ave,exit,0.0
2026-01-05,17:00 - 17:59,4912,north_ave,exit,0.0
2026-01-05,18:00 - 18:59,5072,north_ave,exit,0.0
2026-01-05,19:00 - 19:59,4700,north_ave,exit,0.0
2026-01-05,20:00 - 20:59,2672,north_ave,exit,0.0
2026-01-05,21:00 - 21:59,1622,north_ave,exit,0.0
2026-01-05,22:00 - 22:59,890,north_ave,exit,0.0
2026-01-05,23:00 - 23:59,238,north_ave,exit,0.0
2026-01-05,00:00 - 00:59,0,north_ave,exit,0.0
2026-01-05,01:00 - 01:59,0,north_ave,exit,0.0
2026-01-05,03:00 - 03:59,0,north_ave,exit,0.0
2026-01-06,03:00 - 03:59,0,north_ave,exit,0.0
2026-01-06,04:00 - 04:59,0,north_ave,exit,0.0
2026-01-06,05:00 - 05:59,614,north_ave,exit,0.0
2026-01-06,06:00 - 06:59,1508,north_ave,exit,0.0
2026-01-06,07:00 - 07:59,1931,north_ave,exit,0.0
2026-01-06,08:00 - 08:59,1514,north_ave,exit,0.0
2026-01-06,09:00 - 09:59,1366,north_ave,exit,0.0
2026-01-06,10:00 - 10:59,1352,north_ave,exit,0.0
2026-01-06,11:00 - 11:59,1419,north_ave,exit,0.0
2026-01-06,12:00 - 12:59,1330,north_ave,exit,0.0
2026-01-06,13:00 - 13:59,1430,north_ave,exit,0.0
2026-01-06,14:00 - 14:59,1679,north_ave,exit,0.0
2026-01-06,15:00 - 15:59,2161,north_ave,exit,0.0
2026-01-06,16:00 - 16:59,3391,north_ave,exit,0.0
2026-01-06,17:00 - 17:59,5180,north_ave,exit,0.0
2026-01-06,18:00 - 18:59,6095,north_ave,exit,0.0
2026-01-06,19:00 - 19:59,4559,north_ave,exit,0.0
2026-01-06,20:00 - 20:59,2763,north_ave,exit,0.0
2026-01-06,21:00 - 21:59,1809,north_ave,exit,0.0
2026-01-06,22:00 - 22:59,1081,north_ave,exit,0.0
2026-01-06,23:00 - 23:59,309,north_ave,exit,0.0
2026-01-06,00:00 - 00:59,0,north_ave,exit,0.0
2026-01-06,01:00 - 01:59,0,north_ave,exit,0.0
2026-01-06,02:00 - 02:59,0,north_ave,exit,0.0
2026-01-07,03:00 - 03:59,0,north_ave,exit,0.0
2026-01-07,04:00 - 04:59,0,north_ave,exit,0.0
2026-01-07,05:00 - 05:59,584,north_ave,exit,0.0
2026-01-07,06:00 - 06:59,1482,north_ave,exit,0.0
2026-01-07,07:00 - 07:59,1997,north_ave,exit,0.0
2026-01-07,08:00 - 08:59,1681,north_ave,exit,0.0
2026-01-07,09:00 - 09:59,1304,north_ave,exit,0.0
2026-01-07,10:00 - 10:59,1306,north_ave,exit,0.0
2026-01-07,11:00 - 11:59,1260,north_ave,exit,0.0
2026-01-07,12:00 - 12:59,1487,north_ave,exit,0.0
2026-01-07,13:00 - 13:59,1412,north_ave,exit,0.0
2026-01-07,14:00 - 14:59,1637,north_ave,exit,0.0
2026-01-07,15:00 - 15:59,2235,north_ave,exit,0.0
2026-01-07,16:00 - 16:59,3435,north_ave,exit,0.0
2026-01-07,17:00 - 17:59,5173,north_ave,exit,0.0
2026-01-07,18:00 - 18:59,5967,north_ave,exit,0.0
2026-01-07,19:00 - 19:59,4554,north_ave,exit,0.0
2026-01-07,20:00 - 20:59,2688,north_ave,exit,0.0
2026-01-07,21:00 - 21:59,2137,north_ave,exit,0.0
2026-01-07,22:00 - 22:59,1221,north_ave,exit,0.0
2026-01-07,23:00 - 23:59,288,north_ave,exit,0.0
2026-01-07,00:00 - 00:59,0,north_ave,exit,0.0
2026-01-07,01:00 - 01:59,0,north_ave,exit,0.0
2026-01-07,02:00 - 02:59,0,north_ave,exit,0.0
2026-01-08,03:00 - 03:59,0,north_ave,exit,0.0
2026-01-08,04:00 - 04:59,0,north_ave,exit,0.0
2026-01-08,05:00 - 05:59,635,north_ave,exit,0.0
2026-01-08,06:00 - 06:59,1507,north_ave,exit,0.0
2026-01-08,07:00 - 07:59,2047,north_ave,exit,0.0
2026-01-08,08:00 - 08:59,1623,north_ave,exit,0.0
2026-01-08,09:00 - 09:59,1209,north_ave,exit,0.0
2026-01-08,10:00 - 10:59,1318,north_ave,exit,0.0
2026-01-08,11:00 - 11:59,1315,north_ave,exit,0.0
2026-01-08,12:00 - 12:59,1350,north_ave,exit,0.0
2026-01-08,13:00 - 13:59,1403,north_ave,exit,0.0
2026-01-08,14:00 - 14:59,1565,north_ave,exit,0.0
2026-01-08,15:00 - 15:59,2166,north_ave,exit,0.0
2026-01-08,16:00 - 16:59,3251,north_ave,exit,0.0
2026-01-08,17:00 - 17:59,5130,north_ave,exit,0.0
2026-01-08,18:00 - 18:59,5499,north_ave,exit,0.0
2026-01-08,19:00 - 19:59,4706,north_ave,exit,0.0
2026-01-08,20:00 - 20:59,2644,north_ave,exit,0.0
2026-01-08,21:00 - 21:59,2138,north_ave,exit,0.0
2026-01-08,22:00 - 22:59,1052,north_ave,exit,0.0
2026-01-08,23:00 - 23:59,374,north_ave,exit,0.0
2026-01-08,00:00 - 00:59,0,north_ave,exit,0.0
2026-01-08,01:00 - 01:59,0,north_ave,exit,0.0
2026-01-08,02:00 - 02:59,0,north_ave,exit,0.0
2026-01-09,03:00 - 03:59,0,north_ave,exit,0.0
2026-01-09,04:00 - 04:59,0,north_ave,exit,0.0
2026-01-09,05:00 - 05:59,571,north_ave,exit,0.0
2026-01-09,06:00 - 06:59,1409,north_ave,exit,0.0
2026-01-09,07:00 - 07:59,1959,north_ave,exit,0.0
2026-01-09,08:00 - 08:59,1684,north_ave,exit,0.0
2026-01-09,09:00 - 09:59,1491,north_ave,exit,0.0
2026-01-09,10:00 - 10:59,1239,north_ave,exit,0.0
2026-01-09,11:00 - 11:59,1398,north_ave,exit,0.0
2026-01-09,12:00 - 12:59,1557,north_ave,exit,0.0
2026-01-09,13:00 - 13:59,1642,north_ave,exit,0.0
2026-01-09,14:00 - 14:59,1806,north_ave,exit,0.0
2026-01-09,15:00 - 15:59,2477,north_ave,exit,0.0
2026-01-09,16:00 - 16:59,3526,north_ave,exit,0.0
2026-01-09,17:00 - 17:59,4910,north_ave,exit,0.0
2026-01-09,18:00 - 18:59,5593,north_ave,exit,0.0
2026-01-09,19:00 - 19:59,4585,north_ave,exit,0.0
2026-01-09,20:00 - 20:59,2613,north_ave,exit,0.0
2026-01-09,21:00 - 21:59,2037,north_ave,exit,0.0
2026-01-09,22:00 - 22:59,1611,north_ave,exit,0.0
2026-01-09,23:00 - 23:59,437,north_ave,exit,0.0
2026-01-09,00:00 - 00:59,0,north_ave,exit,0.0
2026-01-09,01:00 - 01:59,0,north_ave,exit,0.0
2026-01-09,02:00 - 02:59,0,north_ave,exit,0.0
2026-01-10,03:00 - 03:59,0,north_ave,exit,0.0
2026-01-10,04:00 - 04:59,0,north_ave,exit,0.0
2026-01-10,05:00 - 05:59,405,north_ave,exit,0.0
2026-01-10,06:00 - 06:59,1093,north_ave,exit,0.0
2026-01-10,07:00 - 07:59,1858,north_ave,exit,0.0
2026-01-10,08:00 - 08:59,1347,north_ave,exit,0.0
2026-01-10,09:00 - 09:59,1624,north_ave,exit,0.0
2026-01-10,10:00 - 10:59,1536,north_ave,exit,0.0
2026-01-10,11:00 - 11:59,1486,north_ave,exit,0.0
2026-01-10,12:00 - 12:59,1972,north_ave,exit,0.0
2026-01-10,13:00 - 13:59,1768,north_ave,exit,0.0
2026-01-10,14:00 - 14:59,2037,north_ave,exit,0.0
2026-01-10,15:00 - 15:59,2322,north_ave,exit,0.0
2026-01-10,16:00 - 16:59,2364,north_ave,exit,0.0
2026-01-10,17:00 - 17:59,3263,north_ave,exit,0.0
2026-01-10,18:00 - 18:59,2558,north_ave,exit,0.0
2026-01-10,19:00 - 19:59,2449,north_ave,exit,0.0
2026-01-10,20:00 - 20:59,1901,north_ave,exit,0.0
2026-01-10,21:00 - 21:59,1427,north_ave,exit,0.0
2026-01-10,22:00 - 22:59,830,north_ave,exit,0.0
2026-01-10,23:00 - 23:59,0,north_ave,exit,0.0
2026-01-10,00:00 - 00:59,0,north_ave,exit,0.0
2026-01-10,01:00 - 01:59,0,north_ave,exit,0.0
2026-01-10,02:00 - 02:59,0,north_ave,exit,0.0
2026-01-11,03:00 - 03:59,0,north_ave,exit,0.0
2026-01-11,04:00 - 04:59,0,north_ave,exit,0.0
2026-01-11,05:00 - 05:59,248,north_ave,exit,0.0
2026-01-11,06:00 - 06:59,564,north_ave,exit,0.0
2026-01-11,07:00 - 07:59,776,north_ave,exit,0.0
2026-01-11,08:00 - 08:59,867,north_ave,exit,0.0
2026-01-11,09:00 - 09:59,1007,north_ave,exit,0.0
2026-01-11,10:00 - 10:59,1170,north_ave,exit,0.0
2026-01-11,11:00 - 11:59,1298,north_ave,exit,0.0
2026-01-11,12:00 - 12:59,1414,north_ave,exit,0.0
2026-01-11,13:00 - 13:59,1430,north_ave,exit,0.0
2026-01-11,14:00 - 14:59,1431,north_ave,exit,0.0
2026-01-11,15:00 - 15:59,1715,north_ave,exit,0.0
2026-01-11,16:00 - 16:59,1826,north_ave,exit,0.0
2026-01-11,17:00 - 17:59,1811,north_ave,exit,0.0
2026-01-11,18:00 - 18:59,1672,north_ave,exit,0.0
2026-01-11,19:00 - 19:59,1842,north_ave,exit,0.0
2026-01-11,20:00 - 20:59,1304,north_ave,exit,0.0
2026-01-11,21:00 - 21:59,1385,north_ave,exit,0.0
2026-01-11,22:00 - 22:59,594,north_ave,exit,0.0
2026-01-11,23:00 - 23:59,0,north_ave,exit,0.0
2026-01-11,00:00 - 00:59,0,north_ave,exit,0.0
2026-01-11,01:00 - 01:59,0,north_ave,exit,0.0
2026-01-11,02:00 - 02:59,0,north_ave,exit,0.0
2026-01-12,03:00 - 03:59,0,north_ave,exit,0.0
2026-01-12,04:00 - 04:59,0,north_ave,exit,0.0
2026-01-12,05:00 - 05:59,595,north_ave,exit,0.0
2026-01-12,06:00 - 06:59,1110,north_ave,exit,0.0
2026-01-12,07:00 - 07:59,1375,north_ave,exit,0.0
2026-01-12,08:00 - 08:59,1218,north_ave,exit,0.0
2026-01-12,09:00 - 09:59,1212,north_ave,exit,0.0
2026-01-12,10:00 - 10:59,1247,north_ave,exit,0.0
2026-01-12,11:00 - 11:59,1263,north_ave,exit,0.0
2026-01-12,12:00 - 12:59,1638,north_ave,exit,0.0
2026-01-12,13:00 - 13:59,1370,north_ave,exit,0.0
2026-01-12,14:00 - 14:59,1624,north_ave,exit,0.0
2026-01-12,15:00 - 15:59,2227,north_ave,exit,0.0
2026-01-12,16:00 - 16:59,3273,north_ave,exit,0.0
2026-01-12,17:00 - 17:59,4771,north_ave,exit,0.0
2026-01-12,18:00 - 18:59,5130,north_ave,exit,0.0
2026-01-12,19:00 - 19:59,5032,north_ave,exit,0.0
2026-01-12,20:00 - 20:59,2764,north_ave,exit,0.0
2026-01-12,21:00 - 21:59,1816,north_ave,exit,0.0
2026-01-12,22:00 - 22:59,1022,north_ave,exit,0.0
2026-01-12,23:00 - 23:59,249,north_ave,exit,0.0
2026-01-12,00:00 - 00:59,0,north_ave,exit,0.0
2026-01-12,01:00 - 01:59,0,north_ave,exit,0.0
2026-01-12,02:00 - 02:59,0,north_ave,exit,0.0
2026-01-13,03:00 - 03:59,0,north_ave,exit,0.0
2026-01-13,04:00 - 04:59,0,north_ave,exit,0.0
2026-01-13,05:00 - 05:59,616,north_ave,exit,0.0
2026-01-13,06:00 - 06:59,1440,north_ave,exit,0.0
2026-01-13,07:00 - 07:59,2064,north_ave,exit,0.0
2026-01-13,08:00 - 08:59,1529,north_ave,exit,0.0
2026-01-13,09:00 - 09:59,1320,north_ave,exit,0.0
2026-01-13,10:00 - 10:59,1304,north_ave,exit,0.0
2026-01-13,11:00 - 11:59,1369,north_ave,exit,0.0
2026-01-13,12:00 - 12:59,1495,north_ave,exit,0.0
2026-01-13,13:00 - 13:59,1236,north_ave,exit,0.0
2026-01-13,14:00 - 14:59,1638,north_ave,exit,0.0
2026-01-13,15:00 - 15:59,2179,north_ave,exit,0.0
2026-01-13,16:00 - 16:59,3515,north_ave,exit,0.0
2026-01-13,17:00 - 17:59,5376,north_ave,exit,0.0
2026-01-13,18:00 - 18:59,5566,north_ave,exit,0.0
2026-01-13,19:00 - 19:59,4855,north_ave,exit,0.0
2026-01-13,20:00 - 20:59,3190,north_ave,exit,0.0
2026-01-13,21:00 - 21:59,1909,north_ave,exit,0.0
2026-01-13,22:00 - 22:59,1088,north_ave,exit,0.0
2026-01-13,23:00 - 23:59,336,north_ave,exit,0.0
2026-01-13,00:00 - 00:59,0,north_ave,exit,0.0
2026-01-13,01:00 - 01:59,0,north_ave,exit,0.0
2026-01-13,02:00 - 02:59,0,north_ave,exit,0.0
2026-01-14,03:00 - 03:59,0,north_ave,exit,0.0
2026-01-14,04:00 - 04:59,0,north_ave,exit,0.0
2026-01-14,05:00 - 05:59,621,north_ave,exit,0.0
2026-01-14,06:00 - 06:59,1555,north_ave,exit,0.0
2026-01-14,07:00 - 07:59,2067,north_ave,exit,0.0
2026-01-14,08:00 - 08:59,1510,north_ave,exit,0.0
2026-01-14,09:00 - 09:59,1395,north_ave,exit,0.0
2026-01-14,10:00 - 10:59,1310,north_ave,exit,0.0
2026-01-14,11:00 - 11:59,1336,north_ave,exit,0.0
2026-01-14,12:00 - 12:59,1393,north_ave,exit,0.0
2026-01-14,13:00 - 13:59,1361,north_ave,exit,0.0
2026-01-14,14:00 - 14:59,1732,north_ave,exit,0.0
2026-01-14,15:00 - 15:59,2322,north_ave,exit,0.0
2026-01-14,16:00 - 16:59,3521,north_ave,exit,0.0
2026-01-14,17:00 - 17:59,4941,north_ave,exit,0.0
2026-01-14,18:00 - 18:59,5978,north_ave,exit,0.0
2026-01-14,19:00 - 19:59,4816,north_ave,exit,0.0
2026-01-14,20:00 - 20:59,3152,north_ave,exit,0.0
2026-01-14,21:00 - 21:59,2189,north_ave,exit,0.0
2026-01-14,22:00 - 22:59,1162,north_ave,exit,0.0
2026-01-14,23:00 - 23:59,391,north_ave,exit,0.0
2026-01-14,00:00 - 00:59,1,north_ave,exit,0.0
2026-01-14,01:00 - 01:59,0,north_ave,exit,0.0
2026-01-14,02:00 - 02:59,0,north_ave,exit,0.0
2026-01-15,03:00 - 03:59,0,north_ave,exit,0.0
2026-01-15,04:00 - 04:59,0,north_ave,exit,0.0
2026-01-15,05:00 - 05:59,636,north_ave,exit,0.0
2026-01-15,06:00 - 06:59,1516,north_ave,exit,0.0
2026-01-15,07:00 - 07:59,2006,north_ave,exit,0.0
2026-01-15,08:00 - 08:59,1672,north_ave,exit,0.0
2026-01-15,09:00 - 09:59,1354,north_ave,exit,0.0
2026-01-15,10:00 - 10:59,1355,north_ave,exit,0.0
2026-01-15,11:00 - 11:59,1411,north_ave,exit,0.0
2026-01-15,12:00 - 12:59,1458,north_ave,exit,0.0
2026-01-15,13:00 - 13:59,1309,north_ave,exit,0.0
2026-01-15,14:00 - 14:59,1678,north_ave,exit,0.0
2026-01-15,15:00 - 15:59,2244,north_ave,exit,0.0
2026-01-15,16:00 - 16:59,3545,north_ave,exit,0.0
2026-01-15,17:00 - 17:59,5068,north_ave,exit,0.0
2026-01-15,18:00 - 18:59,5704,north_ave,exit,0.0
2026-01-15,19:00 - 19:59,4807,north_ave,exit,0.0
2026-01-15,20:00 - 20:59,3092,north_ave,exit,0.0
2026-01-15,21:00 - 21:59,2242,north_ave,exit,0.0
2026-01-15,22:00 - 22:59,1053,north_ave,exit,0.0
2026-01-15,23:00 - 23:59,417,north_ave,exit,0.0
2026-01-15,00:00 - 00:59,0,north_ave,exit,0.0
2026-01-15,01:00 - 01:59,0,north_ave,exit,0.0
2026-01-15,02:00 - 02:59,0,north_ave,exit,0.0
2026-01-16,03:00 - 03:59,0,north_ave,exit,0.0
2026-01-16,04:00 - 04:59,1,north_ave,exit,0.0
2026-01-16,05:00 - 05:59,588,north_ave,exit,0.0
2026-01-16,06:00 - 06:59,1534,north_ave,exit,0.0
2026-01-16,07:00 - 07:59,1950,north_ave,exit,0.0
2026-01-16,08:00 - 08:59,1450,north_ave,exit,0.0
2026-01-16,09:00 - 09:59,1433,north_ave,exit,0.0
2026-01-16,10:00 - 10:59,1353,north_ave,exit,0.0
2026-01-16,11:00 - 11:59,1586,north_ave,exit,0.0
2026-01-16,12:00 - 12:59,1470,north_ave,exit,0.0
2026-01-16,13:00 - 13:59,1642,north_ave,exit,0.0
2026-01-16,14:00 - 14:59,1821,north_ave,exit,0.0
2026-01-16,15:00 - 15:59,2527,north_ave,exit,0.0
2026-01-16,16:00 - 16:59,3829,north_ave,exit,0.0
2026-01-16,17:00 - 17:59,4920,north_ave,exit,0.0
2026-01-16,18:00 - 18:59,5154,north_ave,exit,0.0
2026-01-16,19:00 - 19:59,4910,north_ave,exit,0.0
2026-01-16,20:00 - 20:59,3386,north_ave,exit,0.0
2026-01-16,21:00 - 21:59,2191,north_ave,exit,0.0
2026-01-16,22:00 - 22:59,1422,north_ave,exit,0.0
2026-01-16,23:00 - 23:59,456,north_ave,exit,0.0
2026-01-16,00:00 - 00:59,0,north_ave,exit,0.0
2026-01-16,01:00 - 01:59,0,north_ave,exit,0.0
2026-01-16,02:00 - 02:59,0,north_ave,exit,0.0
2026-01-17,03:00 - 03:59,0,north_ave,exit,0.0
2026-01-17,04:00 - 04:59,0,north_ave,exit,0.0
2026-01-17,05:00 - 05:59,523,north_ave,exit,0.0
2026-01-17,06:00 - 06:59,1165,north_ave,exit,0.0
2026-01-17,07:00 - 07:59,1812,north_ave,exit,0.0
2026-01-17,08:00 - 08:59,1436,north_ave,exit,0.0
2026-01-17,09:00 - 09:59,1620,north_ave,exit,0.0
2026-01-17,10:00 - 10:59,1414,north_ave,exit,0.0
2026-01-17,11:00 - 11:59,1791,north_ave,exit,0.0
2026-01-17,12:00 - 12:59,1891,north_ave,exit,0.0
2026-01-17,13:00 - 13:59,1899,north_ave,exit,0.0
2026-01-17,14:00 - 14:59,2042,north_ave,exit,0.0
2026-01-17,15:00 - 15:59,2066,north_ave,exit,0.0
2026-01-17,16:00 - 16:59,2503,north_ave,exit,0.0
2026-01-17,17:00 - 17:59,3216,north_ave,exit,0.0
2026-01-17,18:00 - 18:59,2791,north_ave,exit,0.0
2026-01-17,19:00 - 19:59,2602,north_ave,exit,0.0
2026-01-17,20:00 - 20:59,2043,north_ave,exit,0.0
2026-01-17,21:00 - 21:59,1440,north_ave,exit,0.0
2026-01-17,22:00 - 22:59,832,north_ave,exit,0.0
2026-01-17,23:00 - 23:59,0,north_ave,exit,0.0
2026-01-17,00:00 - 00:59,0,north_ave,exit,0.0
2026-01-17,01:00 - 01:59,0,north_ave,exit,0.0
2026-01-17,02:00 - 02:59,0,north_ave,exit,0.0
2026-01-18,03:00 - 03:59,0,north_ave,exit,0.0
2026-01-18,04:00 - 04:59,0,north_ave,exit,0.0
2026-01-18,05:00 - 05:59,227,north_ave,exit,0.0
2026-01-18,06:00 - 06:59,630,north_ave,exit,0.0
2026-01-18,07:00 - 07:59,784,north_ave,exit,0.0
2026-01-18,08:00 - 08:59,894,north_ave,exit,0.0
2026-01-18,09:00 - 09:59,1028,north_ave,exit,0.0
2026-01-18,10:00 - 10:59,1125,north_ave,exit,0.0
2026-01-18,11:00 - 11:59,1110,north_ave,exit,0.0
2026-01-18,12:00 - 12:59,1602,north_ave,exit,0.0
2026-01-18,13:00 - 13:59,1297,north_ave,exit,0.0
2026-01-18,14:00 - 14:59,1610,north_ave,exit,0.0
2026-01-18,15:00 - 15:59,1641,north_ave,exit,0.0
2026-01-18,16:00 - 16:59,1877,north_ave,exit,0.0
2026-01-18,17:00 - 17:59,1904,north_ave,exit,0.0
2026-01-18,18:00 - 18:59,1725,north_ave,exit,0.0
2026-01-18,19:00 - 19:59,1756,north_ave,exit,0.0
2026-01-18,20:00 - 20:59,1529,north_ave,exit,0.0
2026-01-18,21:00 - 21:59,1373,north_ave,exit,0.0
2026-01-18,22:00 - 22:59,646,north_ave,exit,0.0
2026-01-18,23:00 - 23:59,0,north_ave,exit,0.0
2026-01-18,00:00 - 00:59,0,north_ave,exit,0.0
2026-01-18,01:00 - 01:59,0,north_ave,exit,0.0
2026-01-18,02:00 - 02:59,0,north_ave,exit,0.0
2026-01-19,03:00 - 03:59,0,north_ave,exit,0.0
2026-01-19,04:00 - 04:59,0,north_ave,exit,0.0
2026-01-19,05:00 - 05:59,607,north_ave,exit,0.0
2026-01-19,06:00 - 06:59,1191,north_ave,exit,0.0
2026-01-19,07:00 - 07:59,1344,north_ave,exit,0.0
2026-01-19,08:00 - 08:59,1311,north_ave,exit,0.0
2026-01-19,09:00 - 09:59,1174,north_ave,exit,0.0
2026-01-19,10:00 - 10:59,1151,north_ave,exit,0.0
2026-01-19,11:00 - 11:59,1391,north_ave,exit,0.0
2026-01-19,12:00 - 12:59,1411,north_ave,exit,0.0
2026-01-19,13:00 - 13:59,1470,north_ave,exit,0.0
2026-01-19,14:00 - 14:59,1610,north_ave,exit,0.0
2026-01-19,15:00 - 15:59,2152,north_ave,exit,0.0
2026-01-19,16:00 - 16:59,3179,north_ave,exit,0.0
2026-01-19,17:00 - 17:59,5093,north_ave,exit,0.0
2026-01-19,18:00 - 18:59,5293,north_ave,exit,0.0
2026-01-19,19:00 - 19:59,4542,north_ave,exit,0.0
2026-01-19,20:00 - 20:59,2981,north_ave,exit,0.0
2026-01-19,21:00 - 21:59,1817,north_ave,exit,0.0
2026-01-19,22:00 - 22:59,903,north_ave,exit,0.0
2026-01-19,23:00 - 23:59,277,north_ave,exit,0.0
2026-01-19,00:00 - 00:59,0,north_ave,exit,0.0
2026-01-19,01:00 - 01:59,0,north_ave,exit,0.0
2026-01-19,02:00 - 02:59,0,north_ave,exit,0.0
2026-01-20,03:00 - 03:59,0,north_ave,exit,0.0
2026-01-20,04:00 - 04:59,0,north_ave,exit,0.0
2026-01-20,05:00 - 05:59,645,north_ave,exit,0.0
2026-01-20,06:00 - 06:59,1210,north_ave,exit,0.0
2026-01-20,07:00 - 07:59,1901,north_ave,exit,0.0
2026-01-20,08:00 - 08:59,1575,north_ave,exit,0.0
2026-01-20,09:00 - 09:59,1249,north_ave,exit,0.0
2026-01-20,10:00 - 10:59,1271,north_ave,exit,0.0
2026-01-20,11:00 - 11:59,1452,north_ave,exit,0.0
2026-01-20,12:00 - 12:59,1345,north_ave,exit,0.0
2026-01-20,13:00 - 13:59,1318,north_ave,exit,0.0
2026-01-20,14:00 - 14:59,1644,north_ave,exit,0.0
2026-01-20,15:00 - 15:59,2247,north_ave,exit,0.0
2026-01-20,16:00 - 16:59,3499,north_ave,exit,0.0
2026-01-20,17:00 - 17:59,4948,north_ave,exit,0.0
2026-01-20,18:00 - 18:59,5730,north_ave,exit,0.0
2026-01-20,19:00 - 19:59,4764,north_ave,exit,0.0
2026-01-20,20:00 - 20:59,3178,north_ave,exit,0.0
2026-01-20,21:00 - 21:59,2149,north_ave,exit,0.0
2026-01-20,22:00 - 22:59,1015,north_ave,exit,0.0
2026-01-20,23:00 - 23:59,337,north_ave,exit,0.0
2026-01-20,00:00 - 00:59,0,north_ave,exit,0.0
2026-01-20,01:00 - 01:59,0,north_ave,exit,0.0
2026-01-20,02:00 - 02:59,0,north_ave,exit,0.0
2026-01-21,03:00 - 03:59,0,north_ave,exit,0.0
2026-01-21,04:00 - 04:59,0,north_ave,exit,0.0
2026-01-21,05:00 - 05:59,486,north_ave,exit,0.0
2026-01-21,06:00 - 06:59,1736,north_ave,exit,0.0
2026-01-21,07:00 - 07:59,2071,north_ave,exit,0.0
2026-01-21,08:00 - 08:59,1607,north_ave,exit,0.0
2026-01-21,09:00 - 09:59,1459,north_ave,exit,0.0
2026-01-21,10:00 - 10:59,1296,north_ave,exit,0.0
2026-01-21,11:00 - 11:59,1260,north_ave,exit,0.0
2026-01-21,12:00 - 12:59,1600,north_ave,exit,0.0
2026-01-21,13:00 - 13:59,1309,north_ave,exit,0.0
2026-01-21,14:00 - 14:59,1610,north_ave,exit,0.0
2026-01-21,15:00 - 15:59,2340,north_ave,exit,0.0
2026-01-21,16:00 - 16:59,3187,north_ave,exit,0.0
2026-01-21,17:00 - 17:59,5081,north_ave,exit,0.0
2026-01-21,18:00 - 18:59,6165,north_ave,exit,0.0
2026-01-21,19:00 - 19:59,4699,north_ave,exit,0.0
2026-01-21,20:00 - 20:59,3068,north_ave,exit,0.0
2026-01-21,21:00 - 21:59,2069,north_ave,exit,0.0
2026-01-21,22:00 - 22:59,1142,north_ave,exit,0.0
2026-01-21,23:00 - 23:59,394,north_ave,exit,0.0
2026-01-21,00:00 - 00:59,0,north_ave,exit,0.0
2026-01-21,01:00 - 01:59,0,north_ave,exit,0.0
2026-01-21,02:00 - 02:59,0,north_ave,exit,0.0
2026-01-22,03:00 - 03:59,0,north_ave,exit,0.0
2026-01-22,04:00 - 04:59,0,north_ave,exit,0.0
2026-01-22,05:00 - 05:59,518,north_ave,exit,0.0
2026-01-22,06:00 - 06:59,1400,north_ave,exit,0.0
2026-01-22,07:00 - 07:59,2255,north_ave,exit,0.0
2026-01-22,08:00 - 08:59,1704,north_ave,exit,0.0
2026-01-22,09:00 - 09:59,1395,north_ave,exit,0.0
2026-01-22,10:00 - 10:59,1202,north_ave,exit,0.0
2026-01-22,11:00 - 11:59,1376,north_ave,exit,0.0
2026-01-22,12:00 - 12:59,1393,north_ave,exit,0.0
2026-01-22,13:00 - 13:59,1309,north_ave,exit,0.0
2026-01-22,14:00 - 14:59,1604,north_ave,exit,0.0
2026-01-22,15:00 - 15:59,2415,north_ave,exit,0.0
2026-01-22,16:00 - 16:59,3135,north_ave,exit,0.0
2026-01-22,17:00 - 17:59,4834,north_ave,exit,0.0
2026-01-22,18:00 - 18:59,4600,north_ave,exit,0.0
2026-01-22,19:00 - 19:59,4608,north_ave,exit,0.0
2026-01-22,20:00 - 20:59,3864,north_ave,exit,0.0
2026-01-22,21:00 - 21:59,2072,north_ave,exit,0.0
2026-01-22,22:00 - 22:59,1166,north_ave,exit,0.0
2026-01-22,23:00 - 23:59,309,north_ave,exit,0.0
2026-01-22,00:00 - 00:59,0,north_ave,exit,0.0
2026-01-22,01:00 - 01:59,0,north_ave,exit,0.0
2026-01-22,02:00 - 02:59,0,north_ave,exit,0.0
2026-01-23,03:00 - 03:59,0,north_ave,exit,0.0
2026-01-23,04:00 - 04:59,0,north_ave,exit,0.0
2026-01-23,05:00 - 05:59,615,north_ave,exit,0.0
2026-01-23,06:00 - 06:59,1518,north_ave,exit,0.0
2026-01-23,07:00 - 07:59,2036,north_ave,exit,0.0
2026-01-23,08:00 - 08:59,1529,north_ave,exit,0.0
2026-01-23,09:00 - 09:59,1459,north_ave,exit,0.0
2026-01-23,10:00 - 10:59,1379,north_ave,exit,0.0
2026-01-23,11:00 - 11:59,1350,north_ave,exit,0.0
2026-01-23,12:00 - 12:59,1779,north_ave,exit,0.0
2026-01-23,13:00 - 13:59,1549,north_ave,exit,0.0
2026-01-23,14:00 - 14:59,1869,north_ave,exit,0.0
2026-01-23,15:00 - 15:59,2422,north_ave,exit,0.0
2026-01-23,16:00 - 16:59,3704,north_ave,exit,0.0
2026-01-23,17:00 - 17:59,4779,north_ave,exit,0.0
2026-01-23,18:00 - 18:59,5806,north_ave,exit,0.0
2026-01-23,19:00 - 19:59,4618,north_ave,exit,0.0
2026-01-23,20:00 - 20:59,3104,north_ave,exit,0.0
2026-01-23,21:00 - 21:59,2328,north_ave,exit,0.0
2026-01-23,22:00 - 22:59,1248,north_ave,exit,0.0
2026-01-23,23:00 - 23:59,405,north_ave,exit,0.0
2026-01-23,00:00 - 00:59,1,north_ave,exit,0.0
2026-01-23,01:00 - 01:59,0,north_ave,exit,0.0
2026-01-23,02:00 - 02:59,0,north_ave,exit,0.0
2026-01-24,03:00 - 03:59,0,north_ave,exit,0.0
2026-01-24,04:00 - 04:59,0,north_ave,exit,0.0
2026-01-24,05:00 - 05:59,488,north_ave,exit,0.0
2026-01-24,06:00 - 06:59,1206,north_ave,exit,0.0
2026-01-24,07:00 - 07:59,1722,north_ave,exit,0.0
2026-01-24,08:00 - 08:59,1422,north_ave,exit,0.0
2026-01-24,09:00 - 09:59,1437,north_ave,exit,0.0
2026-01-24,10:00 - 10:59,1576,north_ave,exit,0.0
2026-01-24,11:00 - 11:59,1572,north_ave,exit,0.0
2026-01-24,12:00 - 12:59,1797,north_ave,exit,0.0
2026-01-24,13:00 - 13:59,1869,north_ave,exit,0.0
2026-01-24,14:00 - 14:59,1969,north_ave,exit,0.0
2026-01-24,15:00 - 15:59,2060,north_ave,exit,0.0
2026-01-24,16:00 - 16:59,2537,north_ave,exit,0.0
2026-01-24,17:00 - 17:59,3043,north_ave,exit,0.0
2026-01-24,18:00 - 18:59,2841,north_ave,exit,0.0
2026-01-24,19:00 - 19:59,2573,north_ave,exit,0.0
2026-01-24,20:00 - 20:59,1790,north_ave,exit,0.0
2026-01-24,21:00 - 21:59,1611,north_ave,exit,0.0
2026-01-24,22:00 - 22:59,816,north_ave,exit,0.0
2026-01-24,23:00 - 23:59,0,north_ave,exit,0.0
2026-01-24,00:00 - 00:59,0,north_ave,exit,0.0
2026-01-24,01:00 - 01:59,0,north_ave,exit,0.0
2026-01-24,02:00 - 02:59,0,north_ave,exit,0.0
2026-01-25,03:00 - 03:59,0,north_ave,exit,0.0
2026-01-25,04:00 - 04:59,0,north_ave,exit,0.0
2026-01-25,05:00 - 05:59,245,north_ave,exit,0.0
2026-01-25,06:00 - 06:59,626,north_ave,exit,0.0
2026-01-25,07:00 - 07:59,757,north_ave,exit,0.0
2026-01-25,08:00 - 08:59,812,north_ave,exit,0.0
2026-01-25,09:00 - 09:59,1134,north_ave,exit,0.0
2026-01-25,10:00 - 10:59,1013,north_ave,exit,0.0
2026-01-25,11:00 - 11:59,1369,north_ave,exit,0.0
2026-01-25,12:00 - 12:59,1360,north_ave,exit,0.0
2026-01-25,13:00 - 13:59,1437,north_ave,exit,0.0
2026-01-25,14:00 - 14:59,1511,north_ave,exit,0.0
2026-01-25,15:00 - 15:59,1636,north_ave,exit,0.0
2026-01-25,16:00 - 16:59,1672,north_ave,exit,0.0
2026-01-25,17:00 - 17:59,1908,north_ave,exit,0.0
2026-01-25,18:00 - 18:59,1580,north_ave,exit,0.0
2026-01-25,19:00 - 19:59,1741,north_ave,exit,0.0
2026-01-25,20:00 - 20:59,1533,north_ave,exit,0.0
2026-01-25,21:00 - 21:59,1228,north_ave,exit,0.0
2026-01-25,22:00 - 22:59,629,north_ave,exit,0.0
2026-01-25,23:00 - 23:59,0,north_ave,exit,0.0
2026-01-25,00:00 - 00:59,0,north_ave,exit,0.0
2026-01-25,01:00 - 01:59,0,north_ave,exit,0.0
2026-01-25,02:00 - 02:59,0,north_ave,exit,0.0
2026-01-26,03:00 - 03:59,0,north_ave,exit,0.0
2026-01-26,04:00 - 04:59,0,north_ave,exit,0.0
2026-01-26,05:00 - 05:59,512,north_ave,exit,0.0
2026-01-26,06:00 - 06:59,1273,north_ave,exit,0.0
2026-01-26,07:00 - 07:59,1480,north_ave,exit,0.0
2026-01-26,08:00 - 08:59,1156,north_ave,exit,0.0
2026-01-26,09:00 - 09:59,1133,north_ave,exit,0.0
2026-01-26,10:00 - 10:59,1242,north_ave,exit,0.0
2026-01-26,11:00 - 11:59,1320,north_ave,exit,0.0
2026-01-26,12:00 - 12:59,1385,north_ave,exit,0.0
2026-01-26,13:00 - 13:59,1400,north_ave,exit,0.0
2026-01-26,14:00 - 14:59,1683,north_ave,exit,0.0
2026-01-26,15:00 - 15:59,2176,north_ave,exit,0.0
2026-01-26,16:00 - 16:59,3215,north_ave,exit,0.0
2026-01-26,17:00 - 17:59,4287,north_ave,exit,0.0
2026-01-26,18:00 - 18:59,5256,north_ave,exit,0.0
2026-01-26,19:00 - 19:59,4634,north_ave,exit,0.0
2026-01-26,20:00 - 20:59,2819,north_ave,exit,0.0
2026-01-26,21:00 - 21:59,1646,north_ave,exit,0.0
2026-01-26,22:00 - 22:59,982,north_ave,exit,0.0
2026-01-26,23:00 - 23:59,268,north_ave,exit,0.0
2026-01-26,00:00 - 00:59,0,north_ave,exit,0.0
2026-01-26,01:00 - 01:59,0,north_ave,exit,0.0
2026-01-26,02:00 - 02:59,0,north_ave,exit,0.0
2026-01-27,03:00 - 03:59,0,north_ave,exit,0.0
2026-01-27,04:00 - 04:59,0,north_ave,exit,0.0
2026-01-27,05:00 - 05:59,670,north_ave,exit,0.0
2026-01-27,06:00 - 06:59,1579,north_ave,exit,0.0
2026-01-27,07:00 - 07:59,1937,north_ave,exit,0.0
2026-01-27,08:00 - 08:59,1587,north_ave,exit,0.0
2026-01-27,09:00 - 09:59,1337,north_ave,exit,0.0
2026-01-27,10:00 - 10:59,1363,north_ave,exit,0.0
2026-01-27,11:00 - 11:59,1417,north_ave,exit,0.0
2026-01-27,12:00 - 12:59,1391,north_ave,exit,0.0
2026-01-27,13:00 - 13:59,1202,north_ave,exit,0.0
2026-01-27,14:00 - 14:59,1530,north_ave,exit,0.0
2026-01-27,15:00 - 15:59,2083,north_ave,exit,0.0
2026-01-27,16:00 - 16:59,3499,north_ave,exit,0.0
2026-01-27,17:00 - 17:59,5054,north_ave,exit,0.0
2026-01-27,18:00 - 18:59,5572,north_ave,exit,0.0
2026-01-27,19:00 - 19:59,4910,north_ave,exit,0.0
2026-01-27,20:00 - 20:59,3185,north_ave,exit,0.0
2026-01-27,21:00 - 21:59,1830,north_ave,exit,0.0
2026-01-27,22:00 - 22:59,1113,north_ave,exit,0.0
2026-01-27,23:00 - 23:59,349,north_ave,exit,0.0
2026-01-27,00:00 - 00:59,0,north_ave,exit,0.0
2026-01-27,01:00 - 01:59,0,north_ave,exit,0.0
2026-01-27,02:00 - 02:59,0,north_ave,exit,0.0
2026-01-28,03:00 - 03:59,0,north_ave,exit,0.0
2026-01-28,04:00 - 04:59,0,north_ave,exit,0.0
2026-01-28,05:00 - 05:59,626,north_ave,exit,0.0
2026-01-28,06:00 - 06:59,1584,north_ave,exit,0.0
2026-01-28,07:00 - 07:59,1975,north_ave,exit,0.0
2026-01-28,08:00 - 08:59,1702,north_ave,exit,0.0
2026-01-28,09:00 - 09:59,1368,north_ave,exit,0.0
2026-01-28,10:00 - 10:59,1272,north_ave,exit,0.0
2026-01-28,11:00 - 11:59,1517,north_ave,exit,0.0
2026-01-28,12:00 - 12:59,1434,north_ave,exit,0.0
2026-01-28,13:00 - 13:59,1330,north_ave,exit,0.0
2026-01-28,14:00 - 14:59,1651,north_ave,exit,0.0
2026-01-28,15:00 - 15:59,2089,north_ave,exit,0.0
2026-01-28,16:00 - 16:59,3681,north_ave,exit,0.0
2026-01-28,17:00 - 17:59,4713,north_ave,exit,0.0
2026-01-28,18:00 - 18:59,6124,north_ave,exit,0.0
2026-01-28,19:00 - 19:59,4397,north_ave,exit,0.0
2026-01-28,20:00 - 20:59,3162,north_ave,exit,0.0
2026-01-28,21:00 - 21:59,2128,north_ave,exit,0.0
2026-01-28,22:00 - 22:59,1098,north_ave,exit,0.0
2026-01-28,23:00 - 23:59,448,north_ave,exit,0.0
2026-01-28,00:00 - 00:59,0,north_ave,exit,0.0
2026-01-28,01:00 - 01:59,0,north_ave,exit,0.0
2026-01-28,02:00 - 02:59,0,north_ave,exit,0.0
2026-01-29,03:00 - 03:59,0,north_ave,exit,0.0
2026-01-29,04:00 - 04:59,0,north_ave,exit,0.0
2026-01-29,05:00 - 05:59,648,north_ave,exit,0.0
2026-01-29,06:00 - 06:59,1547,north_ave,exit,0.0
2026-01-29,07:00 - 07:59,2094,north_ave,exit,0.0
2026-01-29,08:00 - 08:59,1638,north_ave,exit,0.0
2026-01-29,09:00 - 09:59,1369,north_ave,exit,0.0
2026-01-29,10:00 - 10:59,1271,north_ave,exit,0.0
2026-01-29,11:00 - 11:59,1273,north_ave,exit,0.0
2026-01-29,12:00 - 12:59,1488,north_ave,exit,0.0
2026-01-29,13:00 - 13:59,1210,north_ave,exit,0.0
2026-01-29,14:00 - 14:59,1541,north_ave,exit,0.0
2026-01-29,15:00 - 15:59,2168,north_ave,exit,0.0
2026-01-29,16:00 - 16:59,3517,north_ave,exit,0.0
2026-01-29,17:00 - 17:59,4684,north_ave,exit,0.0
2026-01-29,18:00 - 18:59,5665,north_ave,exit,0.0
2026-01-29,19:00 - 19:59,4340,north_ave,exit,0.0
2026-01-29,20:00 - 20:59,3417,north_ave,exit,0.0
2026-01-29,21:00 - 21:59,2186,north_ave,exit,0.0
2026-01-29,22:00 - 22:59,1115,north_ave,exit,0.0
2026-01-29,23:00 - 23:59,341,north_ave,exit,0.0
2026-01-29,00:00 - 00:59,0,north_ave,exit,0.0
2026-01-29,01:00 - 01:59,0,north_ave,exit,0.0
2026-01-29,02:00 - 02:59,0,north_ave,exit,0.0
2026-01-30,03:00 - 03:59,0,north_ave,exit,0.0
2026-01-30,04:00 - 04:59,0,north_ave,exit,0.0
2026-01-30,05:00 - 05:59,651,north_ave,exit,0.0
2026-01-30,06:00 - 06:59,1494,north_ave,exit,0.0
2026-01-30,07:00 - 07:59,1999,north_ave,exit,0.0
2026-01-30,08:00 - 08:59,1600,north_ave,exit,0.0
2026-01-30,09:00 - 09:59,1337,north_ave,exit,0.0
2026-01-30,10:00 - 10:59,1253,north_ave,exit,0.0
2026-01-30,11:00 - 11:59,1265,north_ave,exit,0.0
2026-01-30,12:00 - 12:59,1499,north_ave,exit,0.0
2026-01-30,13:00 - 13:59,1606,north_ave,exit,0.0
2026-01-30,14:00 - 14:59,1501,north_ave,exit,0.0
2026-01-30,15:00 - 15:59,2623,north_ave,exit,0.0
2026-01-30,16:00 - 16:59,3023,north_ave,exit,0.0
2026-01-30,17:00 - 17:59,5316,north_ave,exit,0.0
2026-01-30,18:00 - 18:59,5465,north_ave,exit,0.0
2026-01-30,19:00 - 19:59,4499,north_ave,exit,0.0
2026-01-30,20:00 - 20:59,3357,north_ave,exit,0.0
2026-01-30,21:00 - 21:59,2428,north_ave,exit,0.0
2026-01-30,22:00 - 22:59,1512,north_ave,exit,0.0
2026-01-30,23:00 - 23:59,477,north_ave,exit,0.0
2026-01-30,00:00 - 00:59,0,north_ave,exit,0.0
2026-01-30,01:00 - 01:59,0,north_ave,exit,0.0
2026-01-30,02:00 - 02:59,0,north_ave,exit,0.0
2026-01-31,03:00 - 03:59,0,north_ave,exit,0.0
2026-01-31,04:00 - 04:59,0,north_ave,exit,0.0
2026-01-31,05:00 - 05:59,447,north_ave,exit,0.0
2026-01-31,06:00 - 06:59,1178,north_ave,exit,0.0
2026-01-31,07:00 - 07:59,1762,north_ave,exit,0.0
2026-01-31,08:00 - 08:59,1293,north_ave,exit,0.0
2026-01-31,09:00 - 09:59,1502,north_ave,exit,0.0
2026-01-31,10:00 - 10:59,1416,north_ave,exit,0.0
2026-01-31,11:00 - 11:59,1652,north_ave,exit,0.0
2026-01-31,12:00 - 12:59,1859,north_ave,exit,0.0
2026-01-31,13:00 - 13:59,1861,north_ave,exit,0.0
2026-01-31,14:00 - 14:59,2040,north_ave,exit,0.0
2026-01-31,15:00 - 15:59,2109,north_ave,exit,0.0
2026-01-31,16:00 - 16:59,2737,north_ave,exit,0.0
2026-01-31,17:00 - 17:59,2928,north_ave,exit,0.0
2026-01-31,18:00 - 18:59,2912,north_ave,exit,0.0
2026-01-31,19:00 - 19:59,2412,north_ave,exit,0.0
2026-01-31,20:00 - 20:59,1948,north_ave,exit,0.0
2026-01-31,21:00 - 21:59,1494,north_ave,exit,0.0
2026-01-31,22:00 - 22:59,857,north_ave,exit,0.0
2026-01-31,23:00 - 23:59,0,north_ave,exit,0.0
2026-01-31,00:00 - 00:59,0,north_ave,exit,0.0
2026-01-31,01:00 - 01:59,0,north_ave,exit,0.0
2026-01-31,02:00 - 02:59,0,north_ave,exit,0.0
2026-01-01,03:00 - 03:59,0,quezon_ave,entry,0.0
2026-01-01,04:00 - 04:59,0,quezon_ave,entry,0.0
2026-01-01,05:00 - 05:59,0,quezon_ave,entry,0.0
2026-01-01,06:00 - 06:59,376,quezon_ave,entry,6.266666666666667
2026-01-01,07:00 - 07:59,386,quezon_ave,entry,6.433333333333334
2026-01-01,08:00 - 08:59,392,quezon_ave,entry,6.533333333333333
2026-01-01,09:00 - 09:59,502,quezon_ave,entry,8.366666666666667
2026-01-01,10:00 - 10:59,616,quezon_ave,entry,10.266666666666667
2026-01-01,11:00 - 11:59,848,quezon_ave,entry,14.133333333333333
2026-01-01,12:00 - 12:59,795,quezon_ave,entry,13.25
2026-01-01,13:00 - 13:59,743,quezon_ave,entry,12.383333333333333
2026-01-01,14:00 - 14:59,719,quezon_ave,entry,11.983333333333333
2026-01-01,15:00 - 15:59,735,quezon_ave,entry,12.25
2026-01-01,16:00 - 16:59,663,quezon_ave,entry,11.05
2026-01-01,17:00 - 17:59,645,quezon_ave,entry,10.75
2026-01-01,18:00 - 18:59,536,quezon_ave,entry,8.933333333333334
2026-01-01,19:00 - 19:59,417,quezon_ave,entry,6.95
2026-01-01,20:00 - 20:59,438,quezon_ave,entry,7.3
2026-01-01,21:00 - 21:59,333,quezon_ave,entry,5.55
2026-01-01,22:00 - 22:59,72,quezon_ave,entry,1.2
2026-01-01,23:00 - 23:59,4,quezon_ave,entry,0.06666666666666667
2026-01-01,00:00 - 00:59,0,quezon_ave,entry,0.0
2026-01-01,01:00 - 01:59,0,quezon_ave,entry,0.0
2026-01-01,02:00 - 02:59,0,quezon_ave,entry,0.0
2026-01-02,03:00 - 03:59,0,quezon_ave,entry,0.0
2026-01-02,04:00 - 04:59,378,quezon_ave,entry,6.3
2026-01-02,05:00 - 05:59,962,quezon_ave,entry,16.033333333333335
2026-01-02,06:00 - 06:59,1537,quezon_ave,entry,25.616666666666667
2026-01-02,07:00 - 07:59,1593,quezon_ave,entry,26.55
2026-01-02,08:00 - 08:59,1267,quezon_ave,entry,21.116666666666667
2026-01-02,09:00 - 09:59,1122,quezon_ave,entry,18.7
2026-01-02,10:00 - 10:59,973,quezon_ave,entry,16.216666666666665
2026-01-02,11:00 - 11:59,1010,quezon_ave,entry,16.833333333333332
2026-01-02,12:00 - 12:59,1019,quezon_ave,entry,16.983333333333334
2026-01-02,13:00 - 13:59,886,quezon_ave,entry,14.766666666666667
2026-01-02,14:00 - 14:59,843,quezon_ave,entry,14.05
2026-01-02,15:00 - 15:59,782,quezon_ave,entry,13.033333333333333
2026-01-02,16:00 - 16:59,910,quezon_ave,entry,15.166666666666666
2026-01-02,17:00 - 17:59,939,quezon_ave,entry,15.65
2026-01-02,18:00 - 18:59,794,quezon_ave,entry,13.233333333333333
2026-01-02,19:00 - 19:59,734,quezon_ave,entry,12.233333333333333
2026-01-02,20:00 - 20:59,710,quezon_ave,entry,11.833333333333334
2026-01-02,21:00 - 21:59,438,quezon_ave,entry,7.3
2026-01-02,22:00 - 22:59,113,quezon_ave,entry,1.8833333333333333
2026-01-02,23:00 - 23:59,2,quezon_ave,entry,0.03333333333333333
2026-01-02,00:00 - 00:59,0,quezon_ave,entry,0.0
2026-01-02,01:00 - 01:59,0,quezon_ave,entry,0.0
2026-01-02,02:00 - 02:59,0,quezon_ave,entry,0.0
2026-01-03,03:00 - 03:59,0,quezon_ave,entry,0.0
2026-01-03,04:00 - 04:59,326,quezon_ave,entry,5.433333333333334
2026-01-03,05:00 - 05:59,880,quezon_ave,entry,14.666666666666666
2026-01-03,06:00 - 06:59,1059,quezon_ave,entry,17.65
2026-01-03,07:00 - 07:59,1050,quezon_ave,entry,17.5
2026-01-03,08:00 - 08:59,1125,quezon_ave,entry,18.75
2026-01-03,09:00 - 09:59,1121,quezon_ave,entry,18.683333333333334
2026-01-03,10:00 - 10:59,1053,quezon_ave,entry,17.55
2026-01-03,11:00 - 11:59,1061,quezon_ave,entry,17.683333333333334
2026-01-03,12:00 - 12:59,1060,quezon_ave,entry,17.666666666666668
2026-01-03,13:00 - 13:59,855,quezon_ave,entry,14.25
2026-01-03,14:00 - 14:59,776,quezon_ave,entry,12.933333333333334
2026-01-03,15:00 - 15:59,826,quezon_ave,entry,13.766666666666667
2026-01-03,16:00 - 16:59,948,quezon_ave,entry,15.8
2026-01-03,17:00 - 17:59,920,quezon_ave,entry,15.333333333333334
2026-01-03,18:00 - 18:59,710,quezon_ave,entry,11.833333333333334
2026-01-03,19:00 - 19:59,638,quezon_ave,entry,10.633333333333333
2026-01-03,20:00 - 20:59,544,quezon_ave,entry,9.066666666666666
2026-01-03,21:00 - 21:59,226,quezon_ave,entry,3.7666666666666666
2026-01-03,22:00 - 22:59,6,quezon_ave,entry,0.1
2026-01-03,23:00 - 23:59,0,quezon_ave,entry,0.0
2026-01-03,00:00 - 00:59,0,quezon_ave,entry,0.0
2026-01-03,01:00 - 01:59,0,quezon_ave,entry,0.0
2026-01-03,03:00 - 03:59,0,quezon_ave,entry,0.0
2026-01-04,03:00 - 03:59,0,quezon_ave,entry,0.0
2026-01-04,04:00 - 04:59,224,quezon_ave,entry,3.7333333333333334
2026-01-04,05:00 - 05:59,565,quezon_ave,entry,9.416666666666666
2026-01-04,06:00 - 06:59,611,quezon_ave,entry,10.183333333333334
2026-01-04,07:00 - 07:59,606,quezon_ave,entry,10.1
2026-01-04,08:00 - 08:59,854,quezon_ave,entry,14.233333333333333
2026-01-04,09:00 - 09:59,1003,quezon_ave,entry,16.716666666666665
2026-01-04,10:00 - 10:59,951,quezon_ave,entry,15.85
2026-01-04,11:00 - 11:59,958,quezon_ave,entry,15.966666666666667
2026-01-04,12:00 - 12:59,935,quezon_ave,entry,15.583333333333334
2026-01-04,13:00 - 13:59,892,quezon_ave,entry,14.866666666666667
2026-01-04,14:00 - 14:59,745,quezon_ave,entry,12.416666666666666
2026-01-04,15:00 - 15:59,816,quezon_ave,entry,13.6
2026-01-04,16:00 - 16:59,899,quezon_ave,entry,14.983333333333333
2026-01-04,17:00 - 17:59,872,quezon_ave,entry,14.533333333333333
2026-01-04,18:00 - 18:59,715,quezon_ave,entry,11.916666666666666
2026-01-04,19:00 - 19:59,607,quezon_ave,entry,10.116666666666667
2026-01-04,20:00 - 20:59,566,quezon_ave,entry,9.433333333333334
2026-01-04,21:00 - 21:59,259,quezon_ave,entry,4.316666666666666
2026-01-04,22:00 - 22:59,4,quezon_ave,entry,0.06666666666666667
2026-01-04,23:00 - 23:59,0,quezon_ave,entry,0.0
2026-01-04,00:00 - 00:59,0,quezon_ave,entry,0.0
2026-01-04,01:00 - 01:59,0,quezon_ave,entry,0.0
2026-01-04,02:00 - 02:59,0,quezon_ave,entry,0.0
2026-01-05,03:00 - 03:59,0,quezon_ave,entry,0.0
2026-01-05,04:00 - 04:59,732,quezon_ave,entry,12.2
2026-01-05,05:00 - 05:59,2132,quezon_ave,entry,35.53333333333333
2026-01-05,06:00 - 06:59,3109,quezon_ave,entry,51.81666666666667
2026-01-05,07:00 - 07:59,3305,quezon_ave,entry,55.083333333333336
2026-01-05,08:00 - 08:59,2623,quezon_ave,entry,43.71666666666667
2026-01-05,09:00 - 09:59,1585,quezon_ave,entry,26.416666666666668
2026-01-05,10:00 - 10:59,1327,quezon_ave,entry,22.116666666666667
2026-01-05,11:00 - 11:59,1304,quezon_ave,entry,21.733333333333334
2026-01-05,12:00 - 12:59,1211,quezon_ave,entry,20.183333333333334
2026-01-05,13:00 - 13:59,1200,quezon_ave,entry,20.0
2026-01-05,14:00 - 14:59,1106,quezon_ave,entry,18.433333333333334
2026-01-05,15:00 - 15:59,1022,quezon_ave,entry,17.033333333333335
2026-01-05,16:00 - 16:59,1696,quezon_ave,entry,28.266666666666666
2026-01-05,17:00 - 17:59,2118,quezon_ave,entry,35.3
2026-01-05,18:00 - 18:59,1667,quezon_ave,entry,27.783333333333335
2026-01-05,19:00 - 19:59,1133,quezon_ave,entry,18.883333333333333
2026-01-05,20:00 - 20:59,893,quezon_ave,entry,14.883333333333333
2026-01-05,21:00 - 21:59,648,quezon_ave,entry,10.8
2026-01-05,22:00 - 22:59,199,quezon_ave,entry,3.316666666666667
2026-01-05,23:00 - 23:59,0,quezon_ave,entry,0.0
2026-01-05,00:00 - 00:59,0,quezon_ave,entry,0.0
2026-01-05,01:00 - 01:59,0,quezon_ave,entry,0.0
2026-01-05,03:00 - 03:59,0,quezon_ave,entry,0.0
2026-01-06,03:00 - 03:59,0,quezon_ave,entry,0.0
2026-01-06,04:00 - 04:59,621,quezon_ave,entry,10.35
2026-01-06,05:00 - 05:59,1924,quezon_ave,entry,32.06666666666667
2026-01-06,06:00 - 06:59,3330,quezon_ave,entry,55.5
2026-01-06,07:00 - 07:59,3382,quezon_ave,entry,56.36666666666667
2026-01-06,08:00 - 08:59,2676,quezon_ave,entry,44.6
2026-01-06,09:00 - 09:59,1752,quezon_ave,entry,29.2
2026-01-06,10:00 - 10:59,1318,quezon_ave,entry,21.966666666666665
2026-01-06,11:00 - 11:59,1355,quezon_ave,entry,22.583333333333332
2026-01-06,12:00 - 12:59,1315,quezon_ave,entry,21.916666666666668
2026-01-06,13:00 - 13:59,1068,quezon_ave,entry,17.8
2026-01-06,14:00 - 14:59,1067,quezon_ave,entry,17.783333333333335
2026-01-06,15:00 - 15:59,1042,quezon_ave,entry,17.366666666666667
2026-01-06,16:00 - 16:59,1628,quezon_ave,entry,27.133333333333333
2026-01-06,17:00 - 17:59,2084,quezon_ave,entry,34.733333333333334
2026-01-06,18:00 - 18:59,1703,quezon_ave,entry,28.383333333333333
2026-01-06,19:00 - 19:59,1207,quezon_ave,entry,20.116666666666667
2026-01-06,20:00 - 20:59,1005,quezon_ave,entry,16.75
2026-01-06,21:00 - 21:59,709,quezon_ave,entry,11.816666666666666
2026-01-06,22:00 - 22:59,206,quezon_ave,entry,3.433333333333333
2026-01-06,23:00 - 23:59,1,quezon_ave,entry,0.016666666666666666
2026-01-06,00:00 - 00:59,0,quezon_ave,entry,0.0
2026-01-06,01:00 - 01:59,0,quezon_ave,entry,0.0
2026-01-06,02:00 - 02:59,0,quezon_ave,entry,0.0
2026-01-07,03:00 - 03:59,0,quezon_ave,entry,0.0
2026-01-07,04:00 - 04:59,599,quezon_ave,entry,9.983333333333333
2026-01-07,05:00 - 05:59,1967,quezon_ave,entry,32.78333333333333
2026-01-07,06:00 - 06:59,3055,quezon_ave,entry,50.916666666666664
2026-01-07,07:00 - 07:59,3533,quezon_ave,entry,58.88333333333333
2026-01-07,08:00 - 08:59,2744,quezon_ave,entry,45.733333333333334
2026-01-07,09:00 - 09:59,1894,quezon_ave,entry,31.566666666666666
2026-01-07,10:00 - 10:59,1340,quezon_ave,entry,22.333333333333332
2026-01-07,11:00 - 11:59,1370,quezon_ave,entry,22.833333333333332
2026-01-07,12:00 - 12:59,1315,quezon_ave,entry,21.916666666666668
2026-01-07,13:00 - 13:59,1119,quezon_ave,entry,18.65
2026-01-07,14:00 - 14:59,1011,quezon_ave,entry,16.85
2026-01-07,15:00 - 15:59,1050,quezon_ave,entry,17.5
2026-01-07,16:00 - 16:59,1616,quezon_ave,entry,26.933333333333334
2026-01-07,17:00 - 17:59,2159,quezon_ave,entry,35.983333333333334
2026-01-07,18:00 - 18:59,1830,quezon_ave,entry,30.5
2026-01-07,19:00 - 19:59,1239,quezon_ave,entry,20.65
2026-01-07,20:00 - 20:59,984,quezon_ave,entry,16.4
2026-01-07,21:00 - 21:59,700,quezon_ave,entry,11.666666666666666
2026-01-07,22:00 - 22:59,232,quezon_ave,entry,3.8666666666666667
2026-01-07,23:00 - 23:59,0,quezon_ave,entry,0.0
2026-01-07,00:00 - 00:59,0,quezon_ave,entry,0.0
2026-01-07,01:00 - 01:59,0,quezon_ave,entry,0.0
2026-01-07,02:00 - 02:59,0,quezon_ave,entry,0.0
2026-01-08,03:00 - 03:59,0,quezon_ave,entry,0.0
2026-01-08,04:00 - 04:59,559,quezon_ave,entry,9.316666666666666
2026-01-08,05:00 - 05:59,1830,quezon_ave,entry,30.5
2026-01-08,06:00 - 06:59,3029,quezon_ave,entry,50.483333333333334
2026-01-08,07:00 - 07:59,3516,quezon_ave,entry,58.6
2026-01-08,08:00 - 08:59,2695,quezon_ave,entry,44.916666666666664
2026-01-08,09:00 - 09:59,1972,quezon_ave,entry,32.86666666666667
2026-01-08,10:00 - 10:59,1332,quezon_ave,entry,22.2
2026-01-08,11:00 - 11:59,1395,quezon_ave,entry,23.25
2026-01-08,12:00 - 12:59,1296,quezon_ave,entry,21.6
2026-01-08,13:00 - 13:59,1114,quezon_ave,entry,18.566666666666666
2026-01-08,14:00 - 14:59,1008,quezon_ave,entry,16.8
2026-01-08,15:00 - 15:59,1026,quezon_ave,entry,17.1
2026-01-08,16:00 - 16:59,1626,quezon_ave,entry,27.1
2026-01-08,17:00 - 17:59,2113,quezon_ave,entry,35.21666666666667
2026-01-08,18:00 - 18:59,1623,quezon_ave,entry,27.05
2026-01-08,19:00 - 19:59,1212,quezon_ave,entry,20.2
2026-01-08,20:00 - 20:59,1018,quezon_ave,entry,16.966666666666665
2026-01-08,21:00 - 21:59,722,quezon_ave,entry,12.033333333333333
2026-01-08,22:00 - 22:59,217,quezon_ave,entry,3.6166666666666667
2026-01-08,23:00 - 23:59,0,quezon_ave,entry,0.0
2026-01-08,00:00 - 00:59,0,quezon_ave,entry,0.0
2026-01-08,01:00 - 01:59,0,quezon_ave,entry,0.0
2026-01-08,02:00 - 02:59,0,quezon_ave,entry,0.0
2026-01-09,03:00 - 03:59,0,quezon_ave,entry,0.0
2026-01-09,04:00 - 04:59,558,quezon_ave,entry,9.3
2026-01-09,05:00 - 05:59,1890,quezon_ave,entry,31.5
2026-01-09,06:00 - 06:59,3064,quezon_ave,entry,51.06666666666667
2026-01-09,07:00 - 07:59,3117,quezon_ave,entry,51.95
2026-01-09,08:00 - 08:59,2610,quezon_ave,entry,43.5
2026-01-09,09:00 - 09:59,1787,quezon_ave,entry,29.783333333333335
2026-01-09,10:00 - 10:59,1466,quezon_ave,entry,24.433333333333334
2026-01-09,11:00 - 11:59,1425,quezon_ave,entry,23.75
2026-01-09,12:00 - 12:59,1405,quezon_ave,entry,23.416666666666668
2026-01-09,13:00 - 13:59,1152,quezon_ave,entry,19.2
2026-01-09,14:00 - 14:59,1185,quezon_ave,entry,19.75
2026-01-09,15:00 - 15:59,1140,quezon_ave,entry,19.0
2026-01-09,16:00 - 16:59,1709,quezon_ave,entry,28.483333333333334
2026-01-09,17:00 - 17:59,2275,quezon_ave,entry,37.916666666666664
2026-01-09,18:00 - 18:59,1697,quezon_ave,entry,28.283333333333335
2026-01-09,19:00 - 19:59,1225,quezon_ave,entry,20.416666666666668
2026-01-09,20:00 - 20:59,1028,quezon_ave,entry,17.133333333333333
2026-01-09,21:00 - 21:59,733,quezon_ave,entry,12.216666666666667
2026-01-09,22:00 - 22:59,209,quezon_ave,entry,3.4833333333333334
2026-01-09,23:00 - 23:59,2,quezon_ave,entry,0.03333333333333333
2026-01-09,00:00 - 00:59,0,quezon_ave,entry,0.0
2026-01-09,01:00 - 01:59,0,quezon_ave,entry,0.0
2026-01-09,02:00 - 02:59,0,quezon_ave,entry,0.0
2026-01-10,03:00 - 03:59,0,quezon_ave,entry,0.0
2026-01-10,04:00 - 04:59,346,quezon_ave,entry,5.766666666666667
2026-01-10,05:00 - 05:59,1147,quezon_ave,entry,19.116666666666667
2026-01-10,06:00 - 06:59,1492,quezon_ave,entry,24.866666666666667
2026-01-10,07:00 - 07:59,1476,quezon_ave,entry,24.6
2026-01-10,08:00 - 08:59,1393,quezon_ave,entry,23.216666666666665
2026-01-10,09:00 - 09:59,1352,quezon_ave,entry,22.533333333333335
2026-01-10,10:00 - 10:59,1106,quezon_ave,entry,18.433333333333334
2026-01-10,11:00 - 11:59,1208,quezon_ave,entry,20.133333333333333
2026-01-10,12:00 - 12:59,1248,quezon_ave,entry,20.8
2026-01-10,13:00 - 13:59,976,quezon_ave,entry,16.266666666666666
2026-01-10,14:00 - 14:59,994,quezon_ave,entry,16.566666666666666
2026-01-10,15:00 - 15:59,947,quezon_ave,entry,15.783333333333333
2026-01-10,16:00 - 16:59,1230,quezon_ave,entry,20.5
2026-01-10,17:00 - 17:59,1257,quezon_ave,entry,20.95
2026-01-10,18:00 - 18:59,898,quezon_ave,entry,14.966666666666667
2026-01-10,19:00 - 19:59,829,quezon_ave,entry,13.816666666666666
2026-01-10,20:00 - 20:59,697,quezon_ave,entry,11.616666666666667
2026-01-10,21:00 - 21:59,312,quezon_ave,entry,5.2
2026-01-10,22:00 - 22:59,3,quezon_ave,entry,0.05
2026-01-10,23:00 - 23:59,0,quezon_ave,entry,0.0
2026-01-10,00:00 - 00:59,0,quezon_ave,entry,0.0
2026-01-10,01:00 - 01:59,0,quezon_ave,entry,0.0
2026-01-10,02:00 - 02:59,0,quezon_ave,entry,0.0
2026-01-11,03:00 - 03:59,0,quezon_ave,entry,0.0
2026-01-11,04:00 - 04:59,216,quezon_ave,entry,3.6
2026-01-11,05:00 - 05:59,614,quezon_ave,entry,10.233333333333333
2026-01-11,06:00 - 06:59,705,quezon_ave,entry,11.75
2026-01-11,07:00 - 07:59,670,quezon_ave,entry,11.166666666666666
2026-01-11,08:00 - 08:59,875,quezon_ave,entry,14.583333333333334
2026-01-11,09:00 - 09:59,1021,quezon_ave,entry,17.016666666666666
2026-01-11,10:00 - 10:59,911,quezon_ave,entry,15.183333333333334
2026-01-11,11:00 - 11:59,974,quezon_ave,entry,16.233333333333334
2026-01-11,12:00 - 12:59,951,quezon_ave,entry,15.85
2026-01-11,13:00 - 13:59,806,quezon_ave,entry,13.433333333333334
2026-01-11,14:00 - 14:59,777,quezon_ave,entry,12.95
2026-01-11,15:00 - 15:59,928,quezon_ave,entry,15.466666666666667
2026-01-11,16:00 - 16:59,846,quezon_ave,entry,14.1
2026-01-11,17:00 - 17:59,805,quezon_ave,entry,13.416666666666666
2026-01-11,18:00 - 18:59,688,quezon_ave,entry,11.466666666666667
2026-01-11,19:00 - 19:59,660,quezon_ave,entry,11.0
2026-01-11,20:00 - 20:59,607,quezon_ave,entry,10.116666666666667
2026-01-11,21:00 - 21:59,278,quezon_ave,entry,4.633333333333334
2026-01-11,22:00 - 22:59,3,quezon_ave,entry,0.05
2026-01-11,23:00 - 23:59,0,quezon_ave,entry,0.0
2026-01-11,00:00 - 00:59,0,quezon_ave,entry,0.0
2026-01-11,01:00 - 01:59,0,quezon_ave,entry,0.0
2026-01-11,02:00 - 02:59,0,quezon_ave,entry,0.0
2026-01-12,03:00 - 03:59,0,quezon_ave,entry,0.0
2026-01-12,04:00 - 04:59,761,quezon_ave,entry,12.683333333333334
2026-01-12,05:00 - 05:59,2304,quezon_ave,entry,38.4
2026-01-12,06:00 - 06:59,3148,quezon_ave,entry,52.46666666666667
2026-01-12,07:00 - 07:59,3176,quezon_ave,entry,52.93333333333333
2026-01-12,08:00 - 08:59,2950,quezon_ave,entry,49.166666666666664
2026-01-12,09:00 - 09:59,1862,quezon_ave,entry,31.033333333333335
2026-01-12,10:00 - 10:59,1382,quezon_ave,entry,23.033333333333335
2026-01-12,11:00 - 11:59,1383,quezon_ave,entry,23.05
2026-01-12,12:00 - 12:59,1306,quezon_ave,entry,21.766666666666666
2026-01-12,13:00 - 13:59,1116,quezon_ave,entry,18.6
2026-01-12,14:00 - 14:59,1049,quezon_ave,entry,17.483333333333334
2026-01-12,15:00 - 15:59,999,quezon_ave,entry,16.65
2026-01-12,16:00 - 16:59,1536,quezon_ave,entry,25.6
2026-01-12,17:00 - 17:59,2300,quezon_ave,entry,38.333333333333336
2026-01-12,18:00 - 18:59,1586,quezon_ave,entry,26.433333333333334
2026-01-12,19:00 - 19:59,1236,quezon_ave,entry,20.6
2026-01-12,20:00 - 20:59,1010,quezon_ave,entry,16.833333333333332
2026-01-12,21:00 - 21:59,660,quezon_ave,entry,11.0
2026-01-12,22:00 - 22:59,189,quezon_ave,entry,3.15
2026-01-12,23:00 - 23:59,0,quezon_ave,entry,0.0
2026-01-12,00:00 - 00:59,0,quezon_ave,entry,0.0
2026-01-12,01:00 - 01:59,0,quezon_ave,entry,0.0
2026-01-12,02:00 - 02:59,0,quezon_ave,entry,0.0
2026-01-13,03:00 - 03:59,0,quezon_ave,entry,0.0
2026-01-13,04:00 - 04:59,576,quezon_ave,entry,9.6
2026-01-13,05:00 - 05:59,2031,quezon_ave,entry,33.85
2026-01-13,06:00 - 06:59,3217,quezon_ave,entry,53.61666666666667
2026-01-13,07:00 - 07:59,3600,quezon_ave,entry,60.0
2026-01-13,08:00 - 08:59,2876,quezon_ave,entry,47.93333333333333
2026-01-13,09:00 - 09:59,1933,quezon_ave,entry,32.21666666666667
2026-01-13,10:00 - 10:59,1497,quezon_ave,entry,24.95
2026-01-13,11:00 - 11:59,1426,quezon_ave,entry,23.766666666666666
2026-01-13,12:00 - 12:59,1313,quezon_ave,entry,21.883333333333333
2026-01-13,13:00 - 13:59,1144,quezon_ave,entry,19.066666666666666
2026-01-13,14:00 - 14:59,1017,quezon_ave,entry,16.95
2026-01-13,15:00 - 15:59,1119,quezon_ave,entry,18.65
2026-01-13,16:00 - 16:59,1598,quezon_ave,entry,26.633333333333333
2026-01-13,17:00 - 17:59,2105,quezon_ave,entry,35.083333333333336
2026-01-13,18:00 - 18:59,1826,quezon_ave,entry,30.433333333333334
2026-01-13,19:00 - 19:59,1397,quezon_ave,entry,23.283333333333335
2026-01-13,20:00 - 20:59,1081,quezon_ave,entry,18.016666666666666
2026-01-13,21:00 - 21:59,668,quezon_ave,entry,11.133333333333333
2026-01-13,22:00 - 22:59,209,quezon_ave,entry,3.4833333333333334
2026-01-13,23:00 - 23:59,0,quezon_ave,entry,0.0
2026-01-13,00:00 - 00:59,0,quezon_ave,entry,0.0
2026-01-13,01:00 - 01:59,0,quezon_ave,entry,0.0
2026-01-13,02:00 - 02:59,0,quezon_ave,entry,0.0
2026-01-14,03:00 - 03:59,0,quezon_ave,entry,0.0
2026-01-14,04:00 - 04:59,578,quezon_ave,entry,9.633333333333333
2026-01-14,05:00 - 05:59,1861,quezon_ave,entry,31.016666666666666
2026-01-14,06:00 - 06:59,3170,quezon_ave,entry,52.833333333333336
2026-01-14,07:00 - 07:59,3601,quezon_ave,entry,60.016666666666666
2026-01-14,08:00 - 08:59,2844,quezon_ave,entry,47.4
2026-01-14,09:00 - 09:59,1885,quezon_ave,entry,31.416666666666668
2026-01-14,10:00 - 10:59,1405,quezon_ave,entry,23.416666666666668
2026-01-14,11:00 - 11:59,1400,quezon_ave,entry,23.333333333333332
2026-01-14,12:00 - 12:59,1339,quezon_ave,entry,22.316666666666666
2026-01-14,13:00 - 13:59,1221,quezon_ave,entry,20.35
2026-01-14,14:00 - 14:59,1094,quezon_ave,entry,18.233333333333334
2026-01-14,15:00 - 15:59,1163,quezon_ave,entry,19.383333333333333
2026-01-14,16:00 - 16:59,1590,quezon_ave,entry,26.5
2026-01-14,17:00 - 17:59,2176,quezon_ave,entry,36.266666666666666
2026-01-14,18:00 - 18:59,1877,quezon_ave,entry,31.283333333333335
2026-01-14,19:00 - 19:59,1318,quezon_ave,entry,21.966666666666665
2026-01-14,20:00 - 20:59,1052,quezon_ave,entry,17.533333333333335
2026-01-14,21:00 - 21:59,752,quezon_ave,entry,12.533333333333333
2026-01-14,22:00 - 22:59,216,quezon_ave,entry,3.6
2026-01-14,23:00 - 23:59,0,quezon_ave,entry,0.0
2026-01-14,00:00 - 00:59,0,quezon_ave,entry,0.0
2026-01-14,01:00 - 01:59,0,quezon_ave,entry,0.0
2026-01-14,02:00 - 02:59,0,quezon_ave,entry,0.0
2026-01-15,03:00 - 03:59,0,quezon_ave,entry,0.0
2026-01-15,04:00 - 04:59,519,quezon_ave,entry,8.65
2026-01-15,05:00 - 05:59,1918,quezon_ave,entry,31.966666666666665
2026-01-15,06:00 - 06:59,3150,quezon_ave,entry,52.5
2026-01-15,07:00 - 07:59,3524,quezon_ave,entry,58.733333333333334
2026-01-15,08:00 - 08:59,2919,quezon_ave,entry,48.65
2026-01-15,09:00 - 09:59,1948,quezon_ave,entry,32.46666666666667
2026-01-15,10:00 - 10:59,1409,quezon_ave,entry,23.483333333333334
2026-01-15,11:00 - 11:59,1410,quezon_ave,entry,23.5
2026-01-15,12:00 - 12:59,1326,quezon_ave,entry,22.1
2026-01-15,13:00 - 13:59,1137,quezon_ave,entry,18.95
2026-01-15,14:00 - 14:59,1012,quezon_ave,entry,16.866666666666667
2026-01-15,15:00 - 15:59,1096,quezon_ave,entry,18.266666666666666
2026-01-15,16:00 - 16:59,1532,quezon_ave,entry,25.533333333333335
2026-01-15,17:00 - 17:59,2168,quezon_ave,entry,36.13333333333333
2026-01-15,18:00 - 18:59,1763,quezon_ave,entry,29.383333333333333
2026-01-15,19:00 - 19:59,1328,quezon_ave,entry,22.133333333333333
2026-01-15,20:00 - 20:59,1084,quezon_ave,entry,18.066666666666666
2026-01-15,21:00 - 21:59,698,quezon_ave,entry,11.633333333333333
2026-01-15,22:00 - 22:59,232,quezon_ave,entry,3.8666666666666667
2026-01-15,23:00 - 23:59,0,quezon_ave,entry,0.0
2026-01-15,00:00 - 00:59,0,quezon_ave,entry,0.0
2026-01-15,01:00 - 01:59,0,quezon_ave,entry,0.0
2026-01-15,02:00 - 02:59,0,quezon_ave,entry,0.0
2026-01-16,03:00 - 03:59,0,quezon_ave,entry,0.0
2026-01-16,04:00 - 04:59,508,quezon_ave,entry,8.466666666666667
2026-01-16,05:00 - 05:59,1850,quezon_ave,entry,30.833333333333332
2026-01-16,06:00 - 06:59,2905,quezon_ave,entry,48.416666666666664
2026-01-16,07:00 - 07:59,3336,quezon_ave,entry,55.6
2026-01-16,08:00 - 08:59,2695,quezon_ave,entry,44.916666666666664
2026-01-16,09:00 - 09:59,1956,quezon_ave,entry,32.6
2026-01-16,10:00 - 10:59,1424,quezon_ave,entry,23.733333333333334
2026-01-16,11:00 - 11:59,1378,quezon_ave,entry,22.966666666666665
2026-01-16,12:00 - 12:59,1424,quezon_ave,entry,23.733333333333334
2026-01-16,13:00 - 13:59,1275,quezon_ave,entry,21.25
2026-01-16,14:00 - 14:59,1195,quezon_ave,entry,19.916666666666668
2026-01-16,15:00 - 15:59,1118,quezon_ave,entry,18.633333333333333
2026-01-16,16:00 - 16:59,1868,quezon_ave,entry,31.133333333333333
2026-01-16,17:00 - 17:59,2253,quezon_ave,entry,37.55
2026-01-16,18:00 - 18:59,1754,quezon_ave,entry,29.233333333333334
2026-01-16,19:00 - 19:59,1305,quezon_ave,entry,21.75
2026-01-16,20:00 - 20:59,1032,quezon_ave,entry,17.2
2026-01-16,21:00 - 21:59,740,quezon_ave,entry,12.333333333333334
2026-01-16,22:00 - 22:59,226,quezon_ave,entry,3.7666666666666666
2026-01-16,23:00 - 23:59,1,quezon_ave,entry,0.016666666666666666
2026-01-16,00:00 - 00:59,0,quezon_ave,entry,0.0
2026-01-16,01:00 - 01:59,0,quezon_ave,entry,0.0
2026-01-16,02:00 - 02:59,0,quezon_ave,entry,0.0
2026-01-17,03:00 - 03:59,0,quezon_ave,entry,0.0
2026-01-17,04:00 - 04:59,320,quezon_ave,entry,5.333333333333333
2026-01-17,05:00 - 05:59,1208,quezon_ave,entry,20.133333333333333
2026-01-17,06:00 - 06:59,1593,quezon_ave,entry,26.55
2026-01-17,07:00 - 07:59,1516,quezon_ave,entry,25.266666666666666
2026-01-17,08:00 - 08:59,1395,quezon_ave,entry,23.25
2026-01-17,09:00 - 09:59,1365,quezon_ave,entry,22.75
2026-01-17,10:00 - 10:59,1149,quezon_ave,entry,19.15
2026-01-17,11:00 - 11:59,1134,quezon_ave,entry,18.9
2026-01-17,12:00 - 12:59,1199,quezon_ave,entry,19.983333333333334
2026-01-17,13:00 - 13:59,1097,quezon_ave,entry,18.283333333333335
2026-01-17,14:00 - 14:59,982,quezon_ave,entry,16.366666666666667
2026-01-17,15:00 - 15:59,1031,quezon_ave,entry,17.183333333333334
2026-01-17,16:00 - 16:59,1239,quezon_ave,entry,20.65
2026-01-17,17:00 - 17:59,1263,quezon_ave,entry,21.05
2026-01-17,18:00 - 18:59,1010,quezon_ave,entry,16.833333333333332
2026-01-17,19:00 - 19:59,815,quezon_ave,entry,13.583333333333334
2026-01-17,20:00 - 20:59,717,quezon_ave,entry,11.95
2026-01-17,21:00 - 21:59,344,quezon_ave,entry,5.733333333333333
2026-01-17,22:00 - 22:59,6,quezon_ave,entry,0.1
2026-01-17,23:00 - 23:59,0,quezon_ave,entry,0.0
2026-01-17,00:00 - 00:59,0,quezon_ave,entry,0.0
2026-01-17,01:00 - 01:59,0,quezon_ave,entry,0.0
2026-01-17,02:00 - 02:59,0,quezon_ave,entry,0.0
2026-01-18,03:00 - 03:59,0,quezon_ave,entry,0.0
2026-01-18,04:00 - 04:59,262,quezon_ave,entry,4.366666666666666
2026-01-18,05:00 - 05:59,614,quezon_ave,entry,10.233333333333333
2026-01-18,06:00 - 06:59,667,quezon_ave,entry,11.116666666666667
2026-01-18,07:00 - 07:59,660,quezon_ave,entry,11.0
2026-01-18,08:00 - 08:59,935,quezon_ave,entry,15.583333333333334
2026-01-18,09:00 - 09:59,1020,quezon_ave,entry,17.0
2026-01-18,10:00 - 10:59,886,quezon_ave,entry,14.766666666666667
2026-01-18,11:00 - 11:59,967,quezon_ave,entry,16.116666666666667
2026-01-18,12:00 - 12:59,975,quezon_ave,entry,16.25
2026-01-18,13:00 - 13:59,820,quezon_ave,entry,13.666666666666666
2026-01-18,14:00 - 14:59,768,quezon_ave,entry,12.8
2026-01-18,15:00 - 15:59,825,quezon_ave,entry,13.75
2026-01-18,16:00 - 16:59,876,quezon_ave,entry,14.6
2026-01-18,17:00 - 17:59,799,quezon_ave,entry,13.316666666666666
2026-01-18,18:00 - 18:59,727,quezon_ave,entry,12.116666666666667
2026-01-18,19:00 - 19:59,747,quezon_ave,entry,12.45
2026-01-18,20:00 - 20:59,633,quezon_ave,entry,10.55
2026-01-18,21:00 - 21:59,306,quezon_ave,entry,5.1
2026-01-18,22:00 - 22:59,1,quezon_ave,entry,0.016666666666666666
2026-01-18,23:00 - 23:59,0,quezon_ave,entry,0.0
2026-01-18,00:00 - 00:59,0,quezon_ave,entry,0.0
2026-01-18,01:00 - 01:59,0,quezon_ave,entry,0.0
2026-01-18,02:00 - 02:59,0,quezon_ave,entry,0.0
2026-01-19,03:00 - 03:59,0,quezon_ave,entry,0.0
2026-01-19,04:00 - 04:59,781,quezon_ave,entry,13.016666666666667
2026-01-19,05:00 - 05:59,2246,quezon_ave,entry,37.43333333333333
2026-01-19,06:00 - 06:59,3104,quezon_ave,entry,51.733333333333334
2026-01-19,07:00 - 07:59,3514,quezon_ave,entry,58.56666666666667
2026-01-19,08:00 - 08:59,2613,quezon_ave,entry,43.55
2026-01-19,09:00 - 09:59,1951,quezon_ave,entry,32.516666666666666
2026-01-19,10:00 - 10:59,1365,quezon_ave,entry,22.75
2026-01-19,11:00 - 11:59,1487,quezon_ave,entry,24.783333333333335
2026-01-19,12:00 - 12:59,1313,quezon_ave,entry,21.883333333333333
2026-01-19,13:00 - 13:59,1093,quezon_ave,entry,18.216666666666665
2026-01-19,14:00 - 14:59,1045,quezon_ave,entry,17.416666666666668
2026-01-19,15:00 - 15:59,1086,quezon_ave,entry,18.1
2026-01-19,16:00 - 16:59,1579,quezon_ave,entry,26.316666666666666
2026-01-19,17:00 - 17:59,2191,quezon_ave,entry,36.516666666666666
2026-01-19,18:00 - 18:59,1720,quezon_ave,entry,28.666666666666668
2026-01-19,19:00 - 19:59,1067,quezon_ave,entry,17.783333333333335
2026-01-19,20:00 - 20:59,969,quezon_ave,entry,16.15
2026-01-19,21:00 - 21:59,636,quezon_ave,entry,10.6
2026-01-19,22:00 - 22:59,157,quezon_ave,entry,2.6166666666666667
2026-01-19,23:00 - 23:59,0,quezon_ave,entry,0.0
2026-01-19,00:00 - 00:59,0,quezon_ave,entry,0.0
2026-01-19,01:00 - 01:59,0,quezon_ave,entry,0.0
2026-01-19,02:00 - 02:59,0,quezon_ave,entry,0.0
2026-01-20,03:00 - 03:59,0,quezon_ave,entry,0.0
2026-01-20,04:00 - 04:59,606,quezon_ave,entry,10.1
2026-01-20,05:00 - 05:59,2146,quezon_ave,entry,35.766666666666666
2026-01-20,06:00 - 06:59,3239,quezon_ave,entry,53.983333333333334
2026-01-20,07:00 - 07:59,3349,quezon_ave,entry,55.81666666666667
2026-01-20,08:00 - 08:59,3038,quezon_ave,entry,50.63333333333333
2026-01-20,09:00 - 09:59,1935,quezon_ave,entry,32.25
2026-01-20,10:00 - 10:59,1374,quezon_ave,entry,22.9
2026-01-20,11:00 - 11:59,1430,quezon_ave,entry,23.833333333333332
2026-01-20,12:00 - 12:59,1390,quezon_ave,entry,23.166666666666668
2026-01-20,13:00 - 13:59,1069,quezon_ave,entry,17.816666666666666
2026-01-20,14:00 - 14:59,1084,quezon_ave,entry,18.066666666666666
2026-01-20,15:00 - 15:59,1115,quezon_ave,entry,18.583333333333332
2026-01-20,16:00 - 16:59,1745,quezon_ave,entry,29.083333333333332
2026-01-20,17:00 - 17:59,2153,quezon_ave,entry,35.88333333333333
2026-01-20,18:00 - 18:59,1721,quezon_ave,entry,28.683333333333334
2026-01-20,19:00 - 19:59,1368,quezon_ave,entry,22.8
2026-01-20,20:00 - 20:59,1070,quezon_ave,entry,17.833333333333332
2026-01-20,21:00 - 21:59,704,quezon_ave,entry,11.733333333333333
2026-01-20,22:00 - 22:59,198,quezon_ave,entry,3.3
2026-01-20,23:00 - 23:59,0,quezon_ave,entry,0.0
2026-01-20,00:00 - 00:59,0,quezon_ave,entry,0.0
2026-01-20,01:00 - 01:59,0,quezon_ave,entry,0.0
2026-01-20,02:00 - 02:59,0,quezon_ave,entry,0.0
2026-01-21,03:00 - 03:59,0,quezon_ave,entry,0.0
2026-01-21,04:00 - 04:59,565,quezon_ave,entry,9.416666666666666
2026-01-21,05:00 - 05:59,2051,quezon_ave,entry,34.18333333333333
2026-01-21,06:00 - 06:59,3312,quezon_ave,entry,55.2
2026-01-21,07:00 - 07:59,3714,quezon_ave,entry,61.9
2026-01-21,08:00 - 08:59,2761,quezon_ave,entry,46.016666666666666
2026-01-21,09:00 - 09:59,1887,quezon_ave,entry,31.45
2026-01-21,10:00 - 10:59,1385,quezon_ave,entry,23.083333333333332
2026-01-21,11:00 - 11:59,1476,quezon_ave,entry,24.6
2026-01-21,12:00 - 12:59,1336,quezon_ave,entry,22.266666666666666
2026-01-21,13:00 - 13:59,1216,quezon_ave,entry,20.266666666666666
2026-01-21,14:00 - 14:59,1025,quezon_ave,entry,17.083333333333332
2026-01-21,15:00 - 15:59,1129,quezon_ave,entry,18.816666666666666
2026-01-21,16:00 - 16:59,1694,quezon_ave,entry,28.233333333333334
2026-01-21,17:00 - 17:59,2325,quezon_ave,entry,38.75
2026-01-21,18:00 - 18:59,1807,quezon_ave,entry,30.116666666666667
2026-01-21,19:00 - 19:59,1420,quezon_ave,entry,23.666666666666668
2026-01-21,20:00 - 20:59,1084,quezon_ave,entry,18.066666666666666
2026-01-21,21:00 - 21:59,798,quezon_ave,entry,13.3
2026-01-21,22:00 - 22:59,204,quezon_ave,entry,3.4
2026-01-21,23:00 - 23:59,0,quezon_ave,entry,0.0
2026-01-21,00:00 - 00:59,0,quezon_ave,entry,0.0
2026-01-21,01:00 - 01:59,0,quezon_ave,entry,0.0
2026-01-21,02:00 - 02:59,0,quezon_ave,entry,0.0
2026-01-22,03:00 - 03:59,0,quezon_ave,entry,0.0
2026-01-22,04:00 - 04:59,583,quezon_ave,entry,9.716666666666667
2026-01-22,05:00 - 05:59,1941,quezon_ave,entry,32.35
2026-01-22,06:00 - 06:59,3387,quezon_ave,entry,56.45
2026-01-22,07:00 - 07:59,3483,quezon_ave,entry,58.05
2026-01-22,08:00 - 08:59,2794,quezon_ave,entry,46.56666666666667
2026-01-22,09:00 - 09:59,1951,quezon_ave,entry,32.516666666666666
2026-01-22,10:00 - 10:59,1356,quezon_ave,entry,22.6
2026-01-22,11:00 - 11:59,1373,quezon_ave,entry,22.883333333333333
2026-01-22,12:00 - 12:59,1360,quezon_ave,entry,22.666666666666668
2026-01-22,13:00 - 13:59,1112,quezon_ave,entry,18.533333333333335
2026-01-22,14:00 - 14:59,1032,quezon_ave,entry,17.2
2026-01-22,15:00 - 15:59,1094,quezon_ave,entry,18.233333333333334
2026-01-22,16:00 - 16:59,1600,quezon_ave,entry,26.666666666666668
2026-01-22,17:00 - 17:59,2211,quezon_ave,entry,36.85
2026-01-22,18:00 - 18:59,1706,quezon_ave,entry,28.433333333333334
2026-01-22,19:00 - 19:59,1317,quezon_ave,entry,21.95
2026-01-22,20:00 - 20:59,1086,quezon_ave,entry,18.1
2026-01-22,21:00 - 21:59,712,quezon_ave,entry,11.866666666666667
2026-01-22,22:00 - 22:59,254,quezon_ave,entry,4.233333333333333
2026-01-22,23:00 - 23:59,0,quezon_ave,entry,0.0
2026-01-22,00:00 - 00:59,0,quezon_ave,entry,0.0
2026-01-22,01:00 - 01:59,0,quezon_ave,entry,0.0
2026-01-22,02:00 - 02:59,0,quezon_ave,entry,0.0
2026-01-23,03:00 - 03:59,0,quezon_ave,entry,0.0
2026-01-23,04:00 - 04:59,576,quezon_ave,entry,9.6
2026-01-23,05:00 - 05:59,1857,quezon_ave,entry,30.95
2026-01-23,06:00 - 06:59,2991,quezon_ave,entry,49.85
2026-01-23,07:00 - 07:59,3472,quezon_ave,entry,57.86666666666667
2026-01-23,08:00 - 08:59,2603,quezon_ave,entry,43.38333333333333
2026-01-23,09:00 - 09:59,1899,quezon_ave,entry,31.65
2026-01-23,10:00 - 10:59,1284,quezon_ave,entry,21.4
2026-01-23,11:00 - 11:59,1434,quezon_ave,entry,23.9
2026-01-23,12:00 - 12:59,1467,quezon_ave,entry,24.45
2026-01-23,13:00 - 13:59,1267,quezon_ave,entry,21.116666666666667
2026-01-23,14:00 - 14:59,1136,quezon_ave,entry,18.933333333333334
2026-01-23,15:00 - 15:59,1235,quezon_ave,entry,20.583333333333332
2026-01-23,16:00 - 16:59,1688,quezon_ave,entry,28.133333333333333
2026-01-23,17:00 - 17:59,2193,quezon_ave,entry,36.55
2026-01-23,18:00 - 18:59,1674,quezon_ave,entry,27.9
2026-01-23,19:00 - 19:59,1355,quezon_ave,entry,22.583333333333332
2026-01-23,20:00 - 20:59,1114,quezon_ave,entry,18.566666666666666
2026-01-23,21:00 - 21:59,693,quezon_ave,entry,11.55
2026-01-23,22:00 - 22:59,223,quezon_ave,entry,3.716666666666667
2026-01-23,23:00 - 23:59,2,quezon_ave,entry,0.03333333333333333
2026-01-23,00:00 - 00:59,0,quezon_ave,entry,0.0
2026-01-23,01:00 - 01:59,0,quezon_ave,entry,0.0
2026-01-23,02:00 - 02:59,0,quezon_ave,entry,0.0
2026-01-24,03:00 - 03:59,0,quezon_ave,entry,0.0
2026-01-24,04:00 - 04:59,355,quezon_ave,entry,5.916666666666667
2026-01-24,05:00 - 05:59,1139,quezon_ave,entry,18.983333333333334
2026-01-24,06:00 - 06:59,1585,quezon_ave,entry,26.416666666666668
2026-01-24,07:00 - 07:59,1540,quezon_ave,entry,25.666666666666668
2026-01-24,08:00 - 08:59,1447,quezon_ave,entry,24.116666666666667
2026-01-24,09:00 - 09:59,1364,quezon_ave,entry,22.733333333333334
2026-01-24,10:00 - 10:59,1198,quezon_ave,entry,19.966666666666665
2026-01-24,11:00 - 11:59,1248,quezon_ave,entry,20.8
2026-01-24,12:00 - 12:59,1355,quezon_ave,entry,22.583333333333332
2026-01-24,13:00 - 13:59,1063,quezon_ave,entry,17.716666666666665
2026-01-24,14:00 - 14:59,1018,quezon_ave,entry,16.966666666666665
2026-01-24,15:00 - 15:59,1117,quezon_ave,entry,18.616666666666667
2026-01-24,16:00 - 16:59,1303,quezon_ave,entry,21.716666666666665
2026-01-24,17:00 - 17:59,1415,quezon_ave,entry,23.583333333333332
2026-01-24,18:00 - 18:59,1153,quezon_ave,entry,19.216666666666665
2026-01-24,19:00 - 19:59,930,quezon_ave,entry,15.5
2026-01-24,20:00 - 20:59,851,quezon_ave,entry,14.183333333333334
2026-01-24,21:00 - 21:59,320,quezon_ave,entry,5.333333333333333
2026-01-24,22:00 - 22:59,3,quezon_ave,entry,0.05
2026-01-24,23:00 - 23:59,0,quezon_ave,entry,0.0
2026-01-24,00:00 - 00:59,0,quezon_ave,entry,0.0
2026-01-24,01:00 - 01:59,0,quezon_ave,entry,0.0
2026-01-24,02:00 - 02:59,0,quezon_ave,entry,0.0
2026-01-25,03:00 - 03:59,0,quezon_ave,entry,0.0
2026-01-25,04:00 - 04:59,235,quezon_ave,entry,3.9166666666666665
2026-01-25,05:00 - 05:59,670,quezon_ave,entry,11.166666666666666
2026-01-25,06:00 - 06:59,750,quezon_ave,entry,12.5
2026-01-25,07:00 - 07:59,724,quezon_ave,entry,12.066666666666666
2026-01-25,08:00 - 08:59,909,quezon_ave,entry,15.15
2026-01-25,09:00 - 09:59,1074,quezon_ave,entry,17.9
2026-01-25,10:00 - 10:59,818,quezon_ave,entry,13.633333333333333
2026-01-25,11:00 - 11:59,1072,quezon_ave,entry,17.866666666666667
2026-01-25,12:00 - 12:59,986,quezon_ave,entry,16.433333333333334
2026-01-25,13:00 - 13:59,900,quezon_ave,entry,15.0
2026-01-25,14:00 - 14:59,784,quezon_ave,entry,13.066666666666666
2026-01-25,15:00 - 15:59,850,quezon_ave,entry,14.166666666666666
2026-01-25,16:00 - 16:59,951,quezon_ave,entry,15.85
2026-01-25,17:00 - 17:59,922,quezon_ave,entry,15.366666666666667
2026-01-25,18:00 - 18:59,824,quezon_ave,entry,13.733333333333333
2026-01-25,19:00 - 19:59,780,quezon_ave,entry,13.0
2026-01-25,20:00 - 20:59,644,quezon_ave,entry,10.733333333333333
2026-01-25,21:00 - 21:59,277,quezon_ave,entry,4.616666666666666
2026-01-25,22:00 - 22:59,2,quezon_ave,entry,0.03333333333333333
2026-01-25,23:00 - 23:59,0,quezon_ave,entry,0.0
2026-01-25,00:00 - 00:59,0,quezon_ave,entry,0.0
2026-01-25,01:00 - 01:59,0,quezon_ave,entry,0.0
2026-01-25,02:00 - 02:59,0,quezon_ave,entry,0.0
2026-01-26,03:00 - 03:59,0,quezon_ave,entry,0.0
2026-01-26,04:00 - 04:59,724,quezon_ave,entry,12.066666666666666
2026-01-26,05:00 - 05:59,2277,quezon_ave,entry,37.95
2026-01-26,06:00 - 06:59,2970,quezon_ave,entry,49.5
2026-01-26,07:00 - 07:59,3337,quezon_ave,entry,55.61666666666667
2026-01-26,08:00 - 08:59,2982,quezon_ave,entry,49.7
2026-01-26,09:00 - 09:59,1831,quezon_ave,entry,30.516666666666666
2026-01-26,10:00 - 10:59,1380,quezon_ave,entry,23.0
2026-01-26,11:00 - 11:59,1418,quezon_ave,entry,23.633333333333333
2026-01-26,12:00 - 12:59,1363,quezon_ave,entry,22.716666666666665
2026-01-26,13:00 - 13:59,1211,quezon_ave,entry,20.183333333333334
2026-01-26,14:00 - 14:59,1136,quezon_ave,entry,18.933333333333334
2026-01-26,15:00 - 15:59,1095,quezon_ave,entry,18.25
2026-01-26,16:00 - 16:59,1734,quezon_ave,entry,28.9
2026-01-26,17:00 - 17:59,2138,quezon_ave,entry,35.63333333333333
2026-01-26,18:00 - 18:59,1710,quezon_ave,entry,28.5
2026-01-26,19:00 - 19:59,1113,quezon_ave,entry,18.55
2026-01-26,20:00 - 20:59,962,quezon_ave,entry,16.033333333333335
2026-01-26,21:00 - 21:59,669,quezon_ave,entry,11.15
2026-01-26,22:00 - 22:59,216,quezon_ave,entry,3.6
2026-01-26,23:00 - 23:59,2,quezon_ave,entry,0.03333333333333333
2026-01-26,00:00 - 00:59,0,quezon_ave,entry,0.0
2026-01-26,01:00 - 01:59,0,quezon_ave,entry,0.0
2026-01-26,02:00 - 02:59,0,quezon_ave,entry,0.0
2026-01-27,03:00 - 03:59,0,quezon_ave,entry,0.0
2026-01-27,04:00 - 04:59,633,quezon_ave,entry,10.55
2026-01-27,05:00 - 05:59,2053,quezon_ave,entry,34.21666666666667
2026-01-27,06:00 - 06:59,3468,quezon_ave,entry,57.8
2026-01-27,07:00 - 07:59,3729,quezon_ave,entry,62.15
2026-01-27,08:00 - 08:59,2751,quezon_ave,entry,45.85
2026-01-27,09:00 - 09:59,2035,quezon_ave,entry,33.916666666666664
2026-01-27,10:00 - 10:59,1403,quezon_ave,entry,23.383333333333333
2026-01-27,11:00 - 11:59,1435,quezon_ave,entry,23.916666666666668
2026-01-27,12:00 - 12:59,1434,quezon_ave,entry,23.9
2026-01-27,13:00 - 13:59,1176,quezon_ave,entry,19.6
2026-01-27,14:00 - 14:59,1097,quezon_ave,entry,18.283333333333335
2026-01-27,15:00 - 15:59,1203,quezon_ave,entry,20.05
2026-01-27,16:00 - 16:59,1721,quezon_ave,entry,28.683333333333334
2026-01-27,17:00 - 17:59,2101,quezon_ave,entry,35.016666666666666
2026-01-27,18:00 - 18:59,1771,quezon_ave,entry,29.516666666666666
2026-01-27,19:00 - 19:59,1278,quezon_ave,entry,21.3
2026-01-27,20:00 - 20:59,1117,quezon_ave,entry,18.616666666666667
2026-01-27,21:00 - 21:59,717,quezon_ave,entry,11.95
2026-01-27,22:00 - 22:59,207,quezon_ave,entry,3.45
2026-01-27,23:00 - 23:59,0,quezon_ave,entry,0.0
2026-01-27,00:00 - 00:59,0,quezon_ave,entry,0.0
2026-01-27,01:00 - 01:59,0,quezon_ave,entry,0.0
2026-01-27,02:00 - 02:59,0,quezon_ave,entry,0.0
2026-01-28,03:00 - 03:59,0,quezon_ave,entry,0.0
2026-01-28,04:00 - 04:59,574,quezon_ave,entry,9.566666666666666
2026-01-28,05:00 - 05:59,2112,quezon_ave,entry,35.2
2026-01-28,06:00 - 06:59,3251,quezon_ave,entry,54.18333333333333
2026-01-28,07:00 - 07:59,3640,quezon_ave,entry,60.666666666666664
2026-01-28,08:00 - 08:59,2793,quezon_ave,entry,46.55
2026-01-28,09:00 - 09:59,1989,quezon_ave,entry,33.15
2026-01-28,10:00 - 10:59,1367,quezon_ave,entry,22.783333333333335
2026-01-28,11:00 - 11:59,1342,quezon_ave,entry,22.366666666666667
2026-01-28,12:00 - 12:59,1371,quezon_ave,entry,22.85
2026-01-28,13:00 - 13:59,1123,quezon_ave,entry,18.716666666666665
2026-01-28,14:00 - 14:59,1042,quezon_ave,entry,17.366666666666667
2026-01-28,15:00 - 15:59,1168,quezon_ave,entry,19.466666666666665
2026-01-28,16:00 - 16:59,1743,quezon_ave,entry,29.05
2026-01-28,17:00 - 17:59,2212,quezon_ave,entry,36.86666666666667
2026-01-28,18:00 - 18:59,1842,quezon_ave,entry,30.7
2026-01-28,19:00 - 19:59,1354,quezon_ave,entry,22.566666666666666
2026-01-28,20:00 - 20:59,1122,quezon_ave,entry,18.7
2026-01-28,21:00 - 21:59,829,quezon_ave,entry,13.816666666666666
2026-01-28,22:00 - 22:59,225,quezon_ave,entry,3.75
2026-01-28,23:00 - 23:59,0,quezon_ave,entry,0.0
2026-01-28,00:00 - 00:59,0,quezon_ave,entry,0.0
2026-01-28,01:00 - 01:59,0,quezon_ave,entry,0.0
2026-01-28,02:00 - 02:59,0,quezon_ave,entry,0.0
2026-01-29,03:00 - 03:59,0,quezon_ave,entry,0.0
2026-01-29,04:00 - 04:59,547,quezon_ave,entry,9.116666666666667
2026-01-29,05:00 - 05:59,1881,quezon_ave,entry,31.35
2026-01-29,06:00 - 06:59,3117,quezon_ave,entry,51.95
2026-01-29,07:00 - 07:59,3461,quezon_ave,entry,57.68333333333333
2026-01-29,08:00 - 08:59,2810,quezon_ave,entry,46.833333333333336
2026-01-29,09:00 - 09:59,2126,quezon_ave,entry,35.43333333333333
2026-01-29,10:00 - 10:59,1420,quezon_ave,entry,23.666666666666668
2026-01-29,11:00 - 11:59,1442,quezon_ave,entry,24.033333333333335
2026-01-29,12:00 - 12:59,1404,quezon_ave,entry,23.4
2026-01-29,13:00 - 13:59,1188,quezon_ave,entry,19.8
2026-01-29,14:00 - 14:59,1041,quezon_ave,entry,17.35
2026-01-29,15:00 - 15:59,1167,quezon_ave,entry,19.45
2026-01-29,16:00 - 16:59,1567,quezon_ave,entry,26.116666666666667
2026-01-29,17:00 - 17:59,2214,quezon_ave,entry,36.9
2026-01-29,18:00 - 18:59,1778,quezon_ave,entry,29.633333333333333
2026-01-29,19:00 - 19:59,1396,quezon_ave,entry,23.266666666666666
2026-01-29,20:00 - 20:59,1132,quezon_ave,entry,18.866666666666667
2026-01-29,21:00 - 21:59,768,quezon_ave,entry,12.8
2026-01-29,22:00 - 22:59,220,quezon_ave,entry,3.6666666666666665
2026-01-29,23:00 - 23:59,0,quezon_ave,entry,0.0
2026-01-29,00:00 - 00:59,0,quezon_ave,entry,0.0
2026-01-29,01:00 - 01:59,0,quezon_ave,entry,0.0
2026-01-29,02:00 - 02:59,0,quezon_ave,entry,0.0
2026-01-30,03:00 - 03:59,0,quezon_ave,entry,0.0
2026-01-30,04:00 - 04:59,557,quezon_ave,entry,9.283333333333333
2026-01-30,05:00 - 05:59,1899,quezon_ave,entry,31.65
2026-01-30,06:00 - 06:59,3026,quezon_ave,entry,50.43333333333333
2026-01-30,07:00 - 07:59,3217,quezon_ave,entry,53.61666666666667
2026-01-30,08:00 - 08:59,2692,quezon_ave,entry,44.86666666666667
2026-01-30,09:00 - 09:59,2053,quezon_ave,entry,34.21666666666667
2026-01-30,10:00 - 10:59,1411,quezon_ave,entry,23.516666666666666
2026-01-30,11:00 - 11:59,1439,quezon_ave,entry,23.983333333333334
2026-01-30,12:00 - 12:59,1462,quezon_ave,entry,24.366666666666667
2026-01-30,13:00 - 13:59,1237,quezon_ave,entry,20.616666666666667
2026-01-30,14:00 - 14:59,1185,quezon_ave,entry,19.75
2026-01-30,15:00 - 15:59,1357,quezon_ave,entry,22.616666666666667
2026-01-30,16:00 - 16:59,1669,quezon_ave,entry,27.816666666666666
2026-01-30,17:00 - 17:59,2248,quezon_ave,entry,37.46666666666667
2026-01-30,18:00 - 18:59,1694,quezon_ave,entry,28.233333333333334
2026-01-30,19:00 - 19:59,1390,quezon_ave,entry,23.166666666666668
2026-01-30,20:00 - 20:59,1084,quezon_ave,entry,18.066666666666666
2026-01-30,21:00 - 21:59,747,quezon_ave,entry,12.45
2026-01-30,22:00 - 22:59,227,quezon_ave,entry,3.783333333333333
2026-01-30,23:00 - 23:59,2,quezon_ave,entry,0.03333333333333333
2026-01-30,00:00 - 00:59,0,quezon_ave,entry,0.0
2026-01-30,01:00 - 01:59,0,quezon_ave,entry,0.0
2026-01-30,02:00 - 02:59,0,quezon_ave,entry,0.0
2026-01-31,03:00 - 03:59,0,quezon_ave,entry,0.0
2026-01-31,04:00 - 04:59,362,quezon_ave,entry,6.033333333333333
2026-01-31,05:00 - 05:59,1197,quezon_ave,entry,19.95
2026-01-31,06:00 - 06:59,1595,quezon_ave,entry,26.583333333333332
2026-01-31,07:00 - 07:59,1510,quezon_ave,entry,25.166666666666668
2026-01-31,08:00 - 08:59,1500,quezon_ave,entry,25.0
2026-01-31,09:00 - 09:59,1305,quezon_ave,entry,21.75
2026-01-31,10:00 - 10:59,1156,quezon_ave,entry,19.266666666666666
2026-01-31,11:00 - 11:59,1218,quezon_ave,entry,20.3
2026-01-31,12:00 - 12:59,1191,quezon_ave,entry,19.85
2026-01-31,13:00 - 13:59,1378,quezon_ave,entry,22.966666666666665
2026-01-31,14:00 - 14:59,1026,quezon_ave,entry,17.1
2026-01-31,15:00 - 15:59,1132,quezon_ave,entry,18.866666666666667
2026-01-31,16:00 - 16:59,1408,quezon_ave,entry,23.466666666666665
2026-01-31,17:00 - 17:59,1331,quezon_ave,entry,22.183333333333334
2026-01-31,18:00 - 18:59,1186,quezon_ave,entry,19.766666666666666
2026-01-31,19:00 - 19:59,951,quezon_ave,entry,15.85
2026-01-31,20:00 - 20:59,798,quezon_ave,entry,13.3
2026-01-31,21:00 - 21:59,351,quezon_ave,entry,5.85
2026-01-31,22:00 - 22:59,6,quezon_ave,entry,0.1
2026-01-31,23:00 - 23:59,0,quezon_ave,entry,0.0
2026-01-31,00:00 - 00:59,0,quezon_ave,entry,0.0
2026-01-31,01:00 - 01:59,0,quezon_ave,entry,0.0
2026-01-31,02:00 - 02:59,0,quezon_ave,entry,0.0
2026-01-01,03:00 - 03:59,0,quezon_ave,exit,0.0
2026-01-01,04:00 - 04:59,0,quezon_ave,exit,0.0
2026-01-01,05:00 - 05:59,0,quezon_ave,exit,0.0
2026-01-01,06:00 - 06:59,156,quezon_ave,exit,0.0
2026-01-01,07:00 - 07:59,397,quezon_ave,exit,0.0
2026-01-01,08:00 - 08:59,338,quezon_ave,exit,0.0
2026-01-01,09:00 - 09:59,368,quezon_ave,exit,0.0
2026-01-01,10:00 - 10:59,408,quezon_ave,exit,0.0
2026-01-01,11:00 - 11:59,422,quezon_ave,exit,0.0
2026-01-01,12:00 - 12:59,493,quezon_ave,exit,0.0
2026-01-01,13:00 - 13:59,500,quezon_ave,exit,0.0
2026-01-01,14:00 - 14:59,448,quezon_ave,exit,0.0
2026-01-01,15:00 - 15:59,603,quezon_ave,exit,0.0
2026-01-01,16:00 - 16:59,635,quezon_ave,exit,0.0
2026-01-01,17:00 - 17:59,617,quezon_ave,exit,0.0
2026-01-01,18:00 - 18:59,573,quezon_ave,exit,0.0
2026-01-01,19:00 - 19:59,611,quezon_ave,exit,0.0
2026-01-01,20:00 - 20:59,633,quezon_ave,exit,0.0
2026-01-01,21:00 - 21:59,711,quezon_ave,exit,0.0
2026-01-01,22:00 - 22:59,652,quezon_ave,exit,0.0
2026-01-01,23:00 - 23:59,288,quezon_ave,exit,0.0
2026-01-01,00:00 - 00:59,0,quezon_ave,exit,0.0
2026-01-01,01:00 - 01:59,0,quezon_ave,exit,0.0
2026-01-01,02:00 - 02:59,0,quezon_ave,exit,0.0
2026-01-02,03:00 - 03:59,0,quezon_ave,exit,0.0
2026-01-02,04:00 - 04:59,2,quezon_ave,exit,0.0
2026-01-02,05:00 - 05:59,252,quezon_ave,exit,0.0
2026-01-02,06:00 - 06:59,547,quezon_ave,exit,0.0
2026-01-02,07:00 - 07:59,712,quezon_ave,exit,0.0
2026-01-02,08:00 - 08:59,572,quezon_ave,exit,0.0
2026-01-02,09:00 - 09:59,443,quezon_ave,exit,0.0
2026-01-02,10:00 - 10:59,533,quezon_ave,exit,0.0
2026-01-02,11:00 - 11:59,511,quezon_ave,exit,0.0
2026-01-02,12:00 - 12:59,501,quezon_ave,exit,0.0
2026-01-02,13:00 - 13:59,517,quezon_ave,exit,0.0
2026-01-02,14:00 - 14:59,673,quezon_ave,exit,0.0
2026-01-02,15:00 - 15:59,870,quezon_ave,exit,0.0
2026-01-02,16:00 - 16:59,967,quezon_ave,exit,0.0
2026-01-02,17:00 - 17:59,1167,quezon_ave,exit,0.0
2026-01-02,18:00 - 18:59,1395,quezon_ave,exit,0.0
2026-01-02,19:00 - 19:59,1479,quezon_ave,exit,0.0
2026-01-02,20:00 - 20:59,1091,quezon_ave,exit,0.0
2026-01-02,21:00 - 21:59,955,quezon_ave,exit,0.0
2026-01-02,22:00 - 22:59,841,quezon_ave,exit,0.0
2026-01-02,23:00 - 23:59,373,quezon_ave,exit,0.0
2026-01-02,00:00 - 00:59,0,quezon_ave,exit,0.0
2026-01-02,01:00 - 01:59,0,quezon_ave,exit,0.0
2026-01-02,02:00 - 02:59,0,quezon_ave,exit,0.0
2026-01-03,03:00 - 03:59,0,quezon_ave,exit,0.0
2026-01-03,04:00 - 04:59,2,quezon_ave,exit,0.0
2026-01-03,05:00 - 05:59,234,quezon_ave,exit,0.0
2026-01-03,06:00 - 06:59,593,quezon_ave,exit,0.0
2026-01-03,07:00 - 07:59,812,quezon_ave,exit,0.0
2026-01-03,08:00 - 08:59,657,quezon_ave,exit,0.0
2026-01-03,09:00 - 09:59,552,quezon_ave,exit,0.0
2026-01-03,10:00 - 10:59,535,quezon_ave,exit,0.0
2026-01-03,11:00 - 11:59,559,quezon_ave,exit,0.0
2026-01-03,12:00 - 12:59,479,quezon_ave,exit,0.0
2026-01-03,13:00 - 13:59,596,quezon_ave,exit,0.0
2026-01-03,14:00 - 14:59,682,quezon_ave,exit,0.0
2026-01-03,15:00 - 15:59,995,quezon_ave,exit,0.0
2026-01-03,16:00 - 16:59,1075,quezon_ave,exit,0.0
2026-01-03,17:00 - 17:59,1214,quezon_ave,exit,0.0
2026-01-03,18:00 - 18:59,1050,quezon_ave,exit,0.0
2026-01-03,19:00 - 19:59,1192,quezon_ave,exit,0.0
2026-01-03,20:00 - 20:59,949,quezon_ave,exit,0.0
2026-01-03,21:00 - 21:59,862,quezon_ave,exit,0.0
2026-01-03,22:00 - 22:59,682,quezon_ave,exit,0.0
2026-01-03,23:00 - 23:59,0,quezon_ave,exit,0.0
2026-01-03,00:00 - 00:59,0,quezon_ave,exit,0.0
2026-01-03,01:00 - 01:59,0,quezon_ave,exit,0.0
2026-01-03,03:00 - 03:59,0,quezon_ave,exit,0.0
2026-01-04,03:00 - 03:59,0,quezon_ave,exit,0.0
2026-01-04,04:00 - 04:59,4,quezon_ave,exit,0.0
2026-01-04,05:00 - 05:59,157,quezon_ave,exit,0.0
2026-01-04,06:00 - 06:59,430,quezon_ave,exit,0.0
2026-01-04,07:00 - 07:59,488,quezon_ave,exit,0.0
2026-01-04,08:00 - 08:59,539,quezon_ave,exit,0.0
2026-01-04,09:00 - 09:59,451,quezon_ave,exit,0.0
2026-01-04,10:00 - 10:59,434,quezon_ave,exit,0.0
2026-01-04,11:00 - 11:59,479,quezon_ave,exit,0.0
2026-01-04,12:00 - 12:59,496,quezon_ave,exit,0.0
2026-01-04,13:00 - 13:59,638,quezon_ave,exit,0.0
2026-01-04,14:00 - 14:59,591,quezon_ave,exit,0.0
2026-01-04,15:00 - 15:59,837,quezon_ave,exit,0.0
2026-01-04,16:00 - 16:59,803,quezon_ave,exit,0.0
2026-01-04,17:00 - 17:59,791,quezon_ave,exit,0.0
2026-01-04,18:00 - 18:59,933,quezon_ave,exit,0.0
2026-01-04,19:00 - 19:59,1036,quezon_ave,exit,0.0
2026-01-04,20:00 - 20:59,857,quezon_ave,exit,0.0
2026-01-04,21:00 - 21:59,871,quezon_ave,exit,0.0
2026-01-04,22:00 - 22:59,654,quezon_ave,exit,0.0
2026-01-04,23:00 - 23:59,0,quezon_ave,exit,0.0
2026-01-04,00:00 - 00:59,0,quezon_ave,exit,0.0
2026-01-04,01:00 - 01:59,0,quezon_ave,exit,0.0
2026-01-04,02:00 - 02:59,0,quezon_ave,exit,0.0
2026-01-05,03:00 - 03:59,0,quezon_ave,exit,0.0
2026-01-05,04:00 - 04:59,4,quezon_ave,exit,0.0
2026-01-05,05:00 - 05:59,300,quezon_ave,exit,0.0
2026-01-05,06:00 - 06:59,1190,quezon_ave,exit,0.0
2026-01-05,07:00 - 07:59,1890,quezon_ave,exit,0.0
2026-01-05,08:00 - 08:59,1535,quezon_ave,exit,0.0
2026-01-05,09:00 - 09:59,985,quezon_ave,exit,0.0
2026-01-05,10:00 - 10:59,798,quezon_ave,exit,0.0
2026-01-05,11:00 - 11:59,719,quezon_ave,exit,0.0
2026-01-05,12:00 - 12:59,926,quezon_ave,exit,0.0
2026-01-05,13:00 - 13:59,855,quezon_ave,exit,0.0
2026-01-05,14:00 - 14:59,835,quezon_ave,exit,0.0
2026-01-05,15:00 - 15:59,1339,quezon_ave,exit,0.0
2026-01-05,16:00 - 16:59,1578,quezon_ave,exit,0.0
2026-01-05,17:00 - 17:59,2039,quezon_ave,exit,0.0
2026-01-05,18:00 - 18:59,2236,quezon_ave,exit,0.0
2026-01-05,19:00 - 19:59,2357,quezon_ave,exit,0.0
2026-01-05,20:00 - 20:59,1764,quezon_ave,exit,0.0
2026-01-05,21:00 - 21:59,1268,quezon_ave,exit,0.0
2026-01-05,22:00 - 22:59,875,quezon_ave,exit,0.0
2026-01-05,23:00 - 23:59,332,quezon_ave,exit,0.0
2026-01-05,00:00 - 00:59,0,quezon_ave,exit,0.0
2026-01-05,01:00 - 01:59,0,quezon_ave,exit,0.0
2026-01-05,03:00 - 03:59,0,quezon_ave,exit,0.0
2026-01-06,03:00 - 03:59,0,quezon_ave,exit,0.0
2026-01-06,04:00 - 04:59,3,quezon_ave,exit,0.0
2026-01-06,05:00 - 05:59,456,quezon_ave,exit,0.0
2026-01-06,06:00 - 06:59,1302,quezon_ave,exit,0.0
2026-01-06,07:00 - 07:59,2108,quezon_ave,exit,0.0
2026-01-06,08:00 - 08:59,1600,quezon_ave,exit,0.0
2026-01-06,09:00 - 09:59,1212,quezon_ave,exit,0.0
2026-01-06,10:00 - 10:59,932,quezon_ave,exit,0.0
2026-01-06,11:00 - 11:59,788,quezon_ave,exit,0.0
2026-01-06,12:00 - 12:59,743,quezon_ave,exit,0.0
2026-01-06,13:00 - 13:59,901,quezon_ave,exit,0.0
2026-01-06,14:00 - 14:59,879,quezon_ave,exit,0.0
2026-01-06,15:00 - 15:59,1189,quezon_ave,exit,0.0
2026-01-06,16:00 - 16:59,1666,quezon_ave,exit,0.0
2026-01-06,17:00 - 17:59,2195,quezon_ave,exit,0.0
2026-01-06,18:00 - 18:59,2493,quezon_ave,exit,0.0
2026-01-06,19:00 - 19:59,2456,quezon_ave,exit,0.0
2026-01-06,20:00 - 20:59,1684,quezon_ave,exit,0.0
2026-01-06,21:00 - 21:59,1332,quezon_ave,exit,0.0
2026-01-06,22:00 - 22:59,867,quezon_ave,exit,0.0
2026-01-06,23:00 - 23:59,372,quezon_ave,exit,0.0
2026-01-06,00:00 - 00:59,1,quezon_ave,exit,0.0
2026-01-06,01:00 - 01:59,0,quezon_ave,exit,0.0
2026-01-06,02:00 - 02:59,0,quezon_ave,exit,0.0
2026-01-07,03:00 - 03:59,0,quezon_ave,exit,0.0
2026-01-07,04:00 - 04:59,0,quezon_ave,exit,0.0
2026-01-07,05:00 - 05:59,448,quezon_ave,exit,0.0
2026-01-07,06:00 - 06:59,1325,quezon_ave,exit,0.0
2026-01-07,07:00 - 07:59,1995,quezon_ave,exit,0.0
2026-01-07,08:00 - 08:59,1759,quezon_ave,exit,0.0
2026-01-07,09:00 - 09:59,1114,quezon_ave,exit,0.0
2026-01-07,10:00 - 10:59,971,quezon_ave,exit,0.0
2026-01-07,11:00 - 11:59,736,quezon_ave,exit,0.0
2026-01-07,12:00 - 12:59,938,quezon_ave,exit,0.0
2026-01-07,13:00 - 13:59,815,quezon_ave,exit,0.0
2026-01-07,14:00 - 14:59,916,quezon_ave,exit,0.0
2026-01-07,15:00 - 15:59,1315,quezon_ave,exit,0.0
2026-01-07,16:00 - 16:59,1698,quezon_ave,exit,0.0
2026-01-07,17:00 - 17:59,2121,quezon_ave,exit,0.0
2026-01-07,18:00 - 18:59,2594,quezon_ave,exit,0.0
2026-01-07,19:00 - 19:59,2370,quezon_ave,exit,0.0
2026-01-07,20:00 - 20:59,1635,quezon_ave,exit,0.0
2026-01-07,21:00 - 21:59,1585,quezon_ave,exit,0.0
2026-01-07,22:00 - 22:59,1013,quezon_ave,exit,0.0
2026-01-07,23:00 - 23:59,357,quezon_ave,exit,0.0
2026-01-07,00:00 - 00:59,0,quezon_ave,exit,0.0
2026-01-07,01:00 - 01:59,0,quezon_ave,exit,0.0
2026-01-07,02:00 - 02:59,0,quezon_ave,exit,0.0
2026-01-08,03:00 - 03:59,0,quezon_ave,exit,0.0
2026-01-08,04:00 - 04:59,0,quezon_ave,exit,0.0
2026-01-08,05:00 - 05:59,447,quezon_ave,exit,0.0
2026-01-08,06:00 - 06:59,1394,quezon_ave,exit,0.0
2026-01-08,07:00 - 07:59,2068,quezon_ave,exit,0.0
2026-01-08,08:00 - 08:59,1626,quezon_ave,exit,0.0
2026-01-08,09:00 - 09:59,1093,quezon_ave,exit,0.0
2026-01-08,10:00 - 10:59,952,quezon_ave,exit,0.0
2026-01-08,11:00 - 11:59,873,quezon_ave,exit,0.0
2026-01-08,12:00 - 12:59,838,quezon_ave,exit,0.0
2026-01-08,13:00 - 13:59,814,quezon_ave,exit,0.0
2026-01-08,14:00 - 14:59,870,quezon_ave,exit,0.0
2026-01-08,15:00 - 15:59,1192,quezon_ave,exit,0.0
2026-01-08,16:00 - 16:59,1599,quezon_ave,exit,0.0
2026-01-08,17:00 - 17:59,2030,quezon_ave,exit,0.0
2026-01-08,18:00 - 18:59,2396,quezon_ave,exit,0.0
2026-01-08,19:00 - 19:59,2425,quezon_ave,exit,0.0
2026-01-08,20:00 - 20:59,1597,quezon_ave,exit,0.0
2026-01-08,21:00 - 21:59,1640,quezon_ave,exit,0.0
2026-01-08,22:00 - 22:59,926,quezon_ave,exit,0.0
2026-01-08,23:00 - 23:59,394,quezon_ave,exit,0.0
2026-01-08,00:00 - 00:59,0,quezon_ave,exit,0.0
2026-01-08,01:00 - 01:59,0,quezon_ave,exit,0.0
2026-01-08,02:00 - 02:59,0,quezon_ave,exit,0.0
2026-01-09,03:00 - 03:59,0,quezon_ave,exit,0.0
2026-01-09,04:00 - 04:59,2,quezon_ave,exit,0.0
2026-01-09,05:00 - 05:59,428,quezon_ave,exit,0.0
2026-01-09,06:00 - 06:59,1220,quezon_ave,exit,0.0
2026-01-09,07:00 - 07:59,2024,quezon_ave,exit,0.0
2026-01-09,08:00 - 08:59,1576,quezon_ave,exit,0.0
2026-01-09,09:00 - 09:59,1079,quezon_ave,exit,0.0
2026-01-09,10:00 - 10:59,955,quezon_ave,exit,0.0
2026-01-09,11:00 - 11:59,838,quezon_ave,exit,0.0
2026-01-09,12:00 - 12:59,893,quezon_ave,exit,0.0
2026-01-09,13:00 - 13:59,995,quezon_ave,exit,0.0
2026-01-09,14:00 - 14:59,936,quezon_ave,exit,0.0
2026-01-09,15:00 - 15:59,1403,quezon_ave,exit,0.0
2026-01-09,16:00 - 16:59,1598,quezon_ave,exit,0.0
2026-01-09,17:00 - 17:59,2153,quezon_ave,exit,0.0
2026-01-09,18:00 - 18:59,2278,quezon_ave,exit,0.0
2026-01-09,19:00 - 19:59,2275,quezon_ave,exit,0.0
2026-01-09,20:00 - 20:59,1653,quezon_ave,exit,0.0
2026-01-09,21:00 - 21:59,1455,quezon_ave,exit,0.0
2026-01-09,22:00 - 22:59,1308,quezon_ave,exit,0.0
2026-01-09,23:00 - 23:59,501,quezon_ave,exit,0.0
2026-01-09,00:00 - 00:59,0,quezon_ave,exit,0.0
2026-01-09,01:00 - 01:59,0,quezon_ave,exit,0.0
2026-01-09,02:00 - 02:59,0,quezon_ave,exit,0.0
2026-01-10,03:00 - 03:59,0,quezon_ave,exit,0.0
2026-01-10,04:00 - 04:59,1,quezon_ave,exit,0.0
2026-01-10,05:00 - 05:59,311,quezon_ave,exit,0.0
2026-01-10,06:00 - 06:59,744,quezon_ave,exit,0.0
2026-01-10,07:00 - 07:59,1171,quezon_ave,exit,0.0
2026-01-10,08:00 - 08:59,961,quezon_ave,exit,0.0
2026-01-10,09:00 - 09:59,748,quezon_ave,exit,0.0
2026-01-10,10:00 - 10:59,701,quezon_ave,exit,0.0
2026-01-10,11:00 - 11:59,652,quezon_ave,exit,0.0
2026-01-10,12:00 - 12:59,753,quezon_ave,exit,0.0
2026-01-10,13:00 - 13:59,864,quezon_ave,exit,0.0
2026-01-10,14:00 - 14:59,897,quezon_ave,exit,0.0
2026-01-10,15:00 - 15:59,1121,quezon_ave,exit,0.0
2026-01-10,16:00 - 16:59,1293,quezon_ave,exit,0.0
2026-01-10,17:00 - 17:59,1640,quezon_ave,exit,0.0
2026-01-10,18:00 - 18:59,1346,quezon_ave,exit,0.0
2026-01-10,19:00 - 19:59,1391,quezon_ave,exit,0.0
2026-01-10,20:00 - 20:59,1107,quezon_ave,exit,0.0
2026-01-10,21:00 - 21:59,1023,quezon_ave,exit,0.0
2026-01-10,22:00 - 22:59,694,quezon_ave,exit,0.0
2026-01-10,23:00 - 23:59,0,quezon_ave,exit,0.0
2026-01-10,00:00 - 00:59,0,quezon_ave,exit,0.0
2026-01-10,01:00 - 01:59,0,quezon_ave,exit,0.0
2026-01-10,02:00 - 02:59,0,quezon_ave,exit,0.0
2026-01-11,03:00 - 03:59,0,quezon_ave,exit,0.0
2026-01-11,04:00 - 04:59,0,quezon_ave,exit,0.0
2026-01-11,05:00 - 05:59,222,quezon_ave,exit,0.0
2026-01-11,06:00 - 06:59,417,quezon_ave,exit,0.0
2026-01-11,07:00 - 07:59,572,quezon_ave,exit,0.0
2026-01-11,08:00 - 08:59,507,quezon_ave,exit,0.0
2026-01-11,09:00 - 09:59,460,quezon_ave,exit,0.0
2026-01-11,10:00 - 10:59,491,quezon_ave,exit,0.0
2026-01-11,11:00 - 11:59,504,quezon_ave,exit,0.0
2026-01-11,12:00 - 12:59,539,quezon_ave,exit,0.0
2026-01-11,13:00 - 13:59,615,quezon_ave,exit,0.0
2026-01-11,14:00 - 14:59,664,quezon_ave,exit,0.0
2026-01-11,15:00 - 15:59,825,quezon_ave,exit,0.0
2026-01-11,16:00 - 16:59,881,quezon_ave,exit,0.0
2026-01-11,17:00 - 17:59,924,quezon_ave,exit,0.0
2026-01-11,18:00 - 18:59,841,quezon_ave,exit,0.0
2026-01-11,19:00 - 19:59,1081,quezon_ave,exit,0.0
2026-01-11,20:00 - 20:59,893,quezon_ave,exit,0.0
2026-01-11,21:00 - 21:59,887,quezon_ave,exit,0.0
2026-01-11,22:00 - 22:59,660,quezon_ave,exit,0.0
2026-01-11,23:00 - 23:59,0,quezon_ave,exit,0.0
2026-01-11,00:00 - 00:59,0,quezon_ave,exit,0.0
2026-01-11,01:00 - 01:59,0,quezon_ave,exit,0.0
2026-01-11,02:00 - 02:59,0,quezon_ave,exit,0.0
2026-01-12,03:00 - 03:59,0,quezon_ave,exit,0.0
2026-01-12,04:00 - 04:59,1,quezon_ave,exit,0.0
2026-01-12,05:00 - 05:59,475,quezon_ave,exit,0.0
2026-01-12,06:00 - 06:59,1180,quezon_ave,exit,0.0
2026-01-12,07:00 - 07:59,1905,quezon_ave,exit,0.0
2026-01-12,08:00 - 08:59,1455,quezon_ave,exit,0.0
2026-01-12,09:00 - 09:59,1128,quezon_ave,exit,0.0
2026-01-12,10:00 - 10:59,953,quezon_ave,exit,0.0
2026-01-12,11:00 - 11:59,917,quezon_ave,exit,0.0
2026-01-12,12:00 - 12:59,897,quezon_ave,exit,0.0
2026-01-12,13:00 - 13:59,905,quezon_ave,exit,0.0
2026-01-12,14:00 - 14:59,900,quezon_ave,exit,0.0
2026-01-12,15:00 - 15:59,1262,quezon_ave,exit,0.0
2026-01-12,16:00 - 16:59,1545,quezon_ave,exit,0.0
2026-01-12,17:00 - 17:59,2126,quezon_ave,exit,0.0
2026-01-12,18:00 - 18:59,2184,quezon_ave,exit,0.0
2026-01-12,19:00 - 19:59,2482,quezon_ave,exit,0.0
2026-01-12,20:00 - 20:59,1790,quezon_ave,exit,0.0
2026-01-12,21:00 - 21:59,1399,quezon_ave,exit,0.0
2026-01-12,22:00 - 22:59,938,quezon_ave,exit,0.0
2026-01-12,23:00 - 23:59,277,quezon_ave,exit,0.0
2026-01-12,00:00 - 00:59,0,quezon_ave,exit,0.0
2026-01-12,01:00 - 01:59,0,quezon_ave,exit,0.0
2026-01-12,02:00 - 02:59,0,quezon_ave,exit,0.0
2026-01-13,03:00 - 03:59,0,quezon_ave,exit,0.0
2026-01-13,04:00 - 04:59,1,quezon_ave,exit,0.0
2026-01-13,05:00 - 05:59,448,quezon_ave,exit,0.0
2026-01-13,06:00 - 06:59,1337,quezon_ave,exit,0.0
2026-01-13,07:00 - 07:59,1954,quezon_ave,exit,0.0
2026-01-13,08:00 - 08:59,1865,quezon_ave,exit,0.0
2026-01-13,09:00 - 09:59,1240,quezon_ave,exit,0.0
2026-01-13,10:00 - 10:59,1010,quezon_ave,exit,0.0
2026-01-13,11:00 - 11:59,857,quezon_ave,exit,0.0
2026-01-13,12:00 - 12:59,806,quezon_ave,exit,0.0
2026-01-13,13:00 - 13:59,848,quezon_ave,exit,0.0
2026-01-13,14:00 - 14:59,922,quezon_ave,exit,0.0
2026-01-13,15:00 - 15:59,1321,quezon_ave,exit,0.0
2026-01-13,16:00 - 16:59,1512,quezon_ave,exit,0.0
2026-01-13,17:00 - 17:59,2288,quezon_ave,exit,0.0
2026-01-13,18:00 - 18:59,2199,quezon_ave,exit,0.0
2026-01-13,19:00 - 19:59,2679,quezon_ave,exit,0.0
2026-01-13,20:00 - 20:59,1841,quezon_ave,exit,0.0
2026-01-13,21:00 - 21:59,1485,quezon_ave,exit,0.0
2026-01-13,22:00 - 22:59,990,quezon_ave,exit,0.0
2026-01-13,23:00 - 23:59,390,quezon_ave,exit,0.0
2026-01-13,00:00 - 00:59,0,quezon_ave,exit,0.0
2026-01-13,01:00 - 01:59,0,quezon_ave,exit,0.0
2026-01-13,02:00 - 02:59,0,quezon_ave,exit,0.0
2026-01-14,03:00 - 03:59,0,quezon_ave,exit,0.0
2026-01-14,04:00 - 04:59,2,quezon_ave,exit,0.0
2026-01-14,05:00 - 05:59,479,quezon_ave,exit,0.0
2026-01-14,06:00 - 06:59,1381,quezon_ave,exit,0.0
2026-01-14,07:00 - 07:59,2114,quezon_ave,exit,0.0
2026-01-14,08:00 - 08:59,1742,quezon_ave,exit,0.0
2026-01-14,09:00 - 09:59,1219,quezon_ave,exit,0.0
2026-01-14,10:00 - 10:59,974,quezon_ave,exit,0.0
2026-01-14,11:00 - 11:59,846,quezon_ave,exit,0.0
2026-01-14,12:00 - 12:59,937,quezon_ave,exit,0.0
2026-01-14,13:00 - 13:59,889,quezon_ave,exit,0.0
2026-01-14,14:00 - 14:59,876,quezon_ave,exit,0.0
2026-01-14,15:00 - 15:59,1268,quezon_ave,exit,0.0
2026-01-14,16:00 - 16:59,1665,quezon_ave,exit,0.0
2026-01-14,17:00 - 17:59,2105,quezon_ave,exit,0.0
2026-01-14,18:00 - 18:59,2375,quezon_ave,exit,0.0
2026-01-14,19:00 - 19:59,2416,quezon_ave,exit,0.0
2026-01-14,20:00 - 20:59,1779,quezon_ave,exit,0.0
2026-01-14,21:00 - 21:59,1633,quezon_ave,exit,0.0
2026-01-14,22:00 - 22:59,1123,quezon_ave,exit,0.0
2026-01-14,23:00 - 23:59,466,quezon_ave,exit,0.0
2026-01-14,00:00 - 00:59,0,quezon_ave,exit,0.0
2026-01-14,01:00 - 01:59,0,quezon_ave,exit,0.0
2026-01-14,02:00 - 02:59,0,quezon_ave,exit,0.0
2026-01-15,03:00 - 03:59,0,quezon_ave,exit,0.0
2026-01-15,04:00 - 04:59,2,quezon_ave,exit,0.0
2026-01-15,05:00 - 05:59,454,quezon_ave,exit,0.0
2026-01-15,06:00 - 06:59,1275,quezon_ave,exit,0.0
2026-01-15,07:00 - 07:59,2082,quezon_ave,exit,0.0
2026-01-15,08:00 - 08:59,1747,quezon_ave,exit,0.0
2026-01-15,09:00 - 09:59,1138,quezon_ave,exit,0.0
2026-01-15,10:00 - 10:59,934,quezon_ave,exit,0.0
2026-01-15,11:00 - 11:59,803,quezon_ave,exit,0.0
2026-01-15,12:00 - 12:59,871,quezon_ave,exit,0.0
2026-01-15,13:00 - 13:59,937,quezon_ave,exit,0.0
2026-01-15,14:00 - 14:59,887,quezon_ave,exit,0.0
2026-01-15,15:00 - 15:59,1280,quezon_ave,exit,0.0
2026-01-15,16:00 - 16:59,1677,quezon_ave,exit,0.0
2026-01-15,17:00 - 17:59,2132,quezon_ave,exit,0.0
2026-01-15,18:00 - 18:59,2366,quezon_ave,exit,0.0
2026-01-15,19:00 - 19:59,2283,quezon_ave,exit,0.0
2026-01-15,20:00 - 20:59,1970,quezon_ave,exit,0.0
2026-01-15,21:00 - 21:59,1394,quezon_ave,exit,0.0
2026-01-15,22:00 - 22:59,1069,quezon_ave,exit,0.0
2026-01-15,23:00 - 23:59,458,quezon_ave,exit,0.0
2026-01-15,00:00 - 00:59,0,quezon_ave,exit,0.0
2026-01-15,01:00 - 01:59,0,quezon_ave,exit,0.0
2026-01-15,02:00 - 02:59,0,quezon_ave,exit,0.0
2026-01-16,03:00 - 03:59,0,quezon_ave,exit,0.0
2026-01-16,04:00 - 04:59,0,quezon_ave,exit,0.0
2026-01-16,05:00 - 05:59,453,quezon_ave,exit,0.0
2026-01-16,06:00 - 06:59,1233,quezon_ave,exit,0.0
2026-01-16,07:00 - 07:59,2042,quezon_ave,exit,0.0
2026-01-16,08:00 - 08:59,1571,quezon_ave,exit,0.0
2026-01-16,09:00 - 09:59,1172,quezon_ave,exit,0.0
2026-01-16,10:00 - 10:59,971,quezon_ave,exit,0.0
2026-01-16,11:00 - 11:59,842,quezon_ave,exit,0.0
2026-01-16,12:00 - 12:59,955,quezon_ave,exit,0.0
2026-01-16,13:00 - 13:59,872,quezon_ave,exit,0.0
2026-01-16,14:00 - 14:59,1081,quezon_ave,exit,0.0
2026-01-16,15:00 - 15:59,1335,quezon_ave,exit,0.0
2026-01-16,16:00 - 16:59,1635,quezon_ave,exit,0.0
2026-01-16,17:00 - 17:59,2146,quezon_ave,exit,0.0
2026-01-16,18:00 - 18:59,2041,quezon_ave,exit,0.0
2026-01-16,19:00 - 19:59,2453,quezon_ave,exit,0.0
2026-01-16,20:00 - 20:59,1958,quezon_ave,exit,0.0
2026-01-16,21:00 - 21:59,1517,quezon_ave,exit,0.0
2026-01-16,22:00 - 22:59,1231,quezon_ave,exit,0.0
2026-01-16,23:00 - 23:59,391,quezon_ave,exit,0.0
2026-01-16,00:00 - 00:59,1,quezon_ave,exit,0.0
2026-01-16,01:00 - 01:59,0,quezon_ave,exit,0.0
2026-01-16,02:00 - 02:59,0,quezon_ave,exit,0.0
2026-01-17,03:00 - 03:59,0,quezon_ave,exit,0.0
2026-01-17,04:00 - 04:59,3,quezon_ave,exit,0.0
2026-01-17,05:00 - 05:59,355,quezon_ave,exit,0.0
2026-01-17,06:00 - 06:59,718,quezon_ave,exit,0.0
2026-01-17,07:00 - 07:59,1118,quezon_ave,exit,0.0
2026-01-17,08:00 - 08:59,943,quezon_ave,exit,0.0
2026-01-17,09:00 - 09:59,738,quezon_ave,exit,0.0
2026-01-17,10:00 - 10:59,712,quezon_ave,exit,0.0
2026-01-17,11:00 - 11:59,703,quezon_ave,exit,0.0
2026-01-17,12:00 - 12:59,831,quezon_ave,exit,0.0
2026-01-17,13:00 - 13:59,876,quezon_ave,exit,0.0
2026-01-17,14:00 - 14:59,789,quezon_ave,exit,0.0
2026-01-17,15:00 - 15:59,1154,quezon_ave,exit,0.0
2026-01-17,16:00 - 16:59,1458,quezon_ave,exit,0.0
2026-01-17,17:00 - 17:59,1701,quezon_ave,exit,0.0
2026-01-17,18:00 - 18:59,1444,quezon_ave,exit,0.0
2026-01-17,19:00 - 19:59,1477,quezon_ave,exit,0.0
2026-01-17,20:00 - 20:59,1149,quezon_ave,exit,0.0
2026-01-17,21:00 - 21:59,978,quezon_ave,exit,0.0
2026-01-17,22:00 - 22:59,732,quezon_ave,exit,0.0
2026-01-17,23:00 - 23:59,0,quezon_ave,exit,0.0
2026-01-17,00:00 - 00:59,0,quezon_ave,exit,0.0
2026-01-17,01:00 - 01:59,0,quezon_ave,exit,0.0
2026-01-17,02:00 - 02:59,0,quezon_ave,exit,0.0
2026-01-18,03:00 - 03:59,0,quezon_ave,exit,0.0
2026-01-18,04:00 - 04:59,1,quezon_ave,exit,0.0
2026-01-18,05:00 - 05:59,214,quezon_ave,exit,0.0
2026-01-18,06:00 - 06:59,466,quezon_ave,exit,0.0
2026-01-18,07:00 - 07:59,531,quezon_ave,exit,0.0
2026-01-18,08:00 - 08:59,597,quezon_ave,exit,0.0
2026-01-18,09:00 - 09:59,481,quezon_ave,exit,0.0
2026-01-18,10:00 - 10:59,531,quezon_ave,exit,0.0
2026-01-18,11:00 - 11:59,563,quezon_ave,exit,0.0
2026-01-18,12:00 - 12:59,626,quezon_ave,exit,0.0
2026-01-18,13:00 - 13:59,675,quezon_ave,exit,0.0
2026-01-18,14:00 - 14:59,688,quezon_ave,exit,0.0
2026-01-18,15:00 - 15:59,844,quezon_ave,exit,0.0
2026-01-18,16:00 - 16:59,876,quezon_ave,exit,0.0
2026-01-18,17:00 - 17:59,909,quezon_ave,exit,0.0
2026-01-18,18:00 - 18:59,942,quezon_ave,exit,0.0
2026-01-18,19:00 - 19:59,1044,quezon_ave,exit,0.0
2026-01-18,20:00 - 20:59,866,quezon_ave,exit,0.0
2026-01-18,21:00 - 21:59,942,quezon_ave,exit,0.0
2026-01-18,22:00 - 22:59,653,quezon_ave,exit,0.0
2026-01-18,23:00 - 23:59,0,quezon_ave,exit,0.0
2026-01-18,00:00 - 00:59,0,quezon_ave,exit,0.0
2026-01-18,01:00 - 01:59,0,quezon_ave,exit,0.0
2026-01-18,02:00 - 02:59,0,quezon_ave,exit,0.0
2026-01-19,03:00 - 03:59,0,quezon_ave,exit,0.0
2026-01-19,04:00 - 04:59,4,quezon_ave,exit,0.0
2026-01-19,05:00 - 05:59,438,quezon_ave,exit,0.0
2026-01-19,06:00 - 06:59,1330,quezon_ave,exit,0.0
2026-01-19,07:00 - 07:59,1734,quezon_ave,exit,0.0
2026-01-19,08:00 - 08:59,1547,quezon_ave,exit,0.0
2026-01-19,09:00 - 09:59,1224,quezon_ave,exit,0.0
2026-01-19,10:00 - 10:59,861,quezon_ave,exit,0.0
2026-01-19,11:00 - 11:59,940,quezon_ave,exit,0.0
2026-01-19,12:00 - 12:59,926,quezon_ave,exit,0.0
2026-01-19,13:00 - 13:59,985,quezon_ave,exit,0.0
2026-01-19,14:00 - 14:59,908,quezon_ave,exit,0.0
2026-01-19,15:00 - 15:59,1274,quezon_ave,exit,0.0
2026-01-19,16:00 - 16:59,1721,quezon_ave,exit,0.0
2026-01-19,17:00 - 17:59,1959,quezon_ave,exit,0.0
2026-01-19,18:00 - 18:59,2330,quezon_ave,exit,0.0
2026-01-19,19:00 - 19:59,2341,quezon_ave,exit,0.0
2026-01-19,20:00 - 20:59,1765,quezon_ave,exit,0.0
2026-01-19,21:00 - 21:59,1385,quezon_ave,exit,0.0
2026-01-19,22:00 - 22:59,1010,quezon_ave,exit,0.0
2026-01-19,23:00 - 23:59,242,quezon_ave,exit,0.0
2026-01-19,00:00 - 00:59,0,quezon_ave,exit,0.0
2026-01-19,01:00 - 01:59,0,quezon_ave,exit,0.0
2026-01-19,02:00 - 02:59,0,quezon_ave,exit,0.0
2026-01-20,03:00 - 03:59,0,quezon_ave,exit,0.0
2026-01-20,04:00 - 04:59,4,quezon_ave,exit,0.0
2026-01-20,05:00 - 05:59,515,quezon_ave,exit,0.0
2026-01-20,06:00 - 06:59,1159,quezon_ave,exit,0.0
2026-01-20,07:00 - 07:59,1993,quezon_ave,exit,0.0
2026-01-20,08:00 - 08:59,1965,quezon_ave,exit,0.0
2026-01-20,09:00 - 09:59,1184,quezon_ave,exit,0.0
2026-01-20,10:00 - 10:59,1091,quezon_ave,exit,0.0
2026-01-20,11:00 - 11:59,867,quezon_ave,exit,0.0
2026-01-20,12:00 - 12:59,809,quezon_ave,exit,0.0
2026-01-20,13:00 - 13:59,944,quezon_ave,exit,0.0
2026-01-20,14:00 - 14:59,921,quezon_ave,exit,0.0
2026-01-20,15:00 - 15:59,1403,quezon_ave,exit,0.0
2026-01-20,16:00 - 16:59,1710,quezon_ave,exit,0.0
2026-01-20,17:00 - 17:59,2089,quezon_ave,exit,0.0
2026-01-20,18:00 - 18:59,2381,quezon_ave,exit,0.0
2026-01-20,19:00 - 19:59,2387,quezon_ave,exit,0.0
2026-01-20,20:00 - 20:59,2076,quezon_ave,exit,0.0
2026-01-20,21:00 - 21:59,1518,quezon_ave,exit,0.0
2026-01-20,22:00 - 22:59,975,quezon_ave,exit,0.0
2026-01-20,23:00 - 23:59,416,quezon_ave,exit,0.0
2026-01-20,00:00 - 00:59,0,quezon_ave,exit,0.0
2026-01-20,01:00 - 01:59,0,quezon_ave,exit,0.0
2026-01-20,02:00 - 02:59,0,quezon_ave,exit,0.0
2026-01-21,03:00 - 03:59,0,quezon_ave,exit,0.0
2026-01-21,04:00 - 04:59,4,quezon_ave,exit,0.0
2026-01-21,05:00 - 05:59,440,quezon_ave,exit,0.0
2026-01-21,06:00 - 06:59,1474,quezon_ave,exit,0.0
2026-01-21,07:00 - 07:59,2157,quezon_ave,exit,0.0
2026-01-21,08:00 - 08:59,1801,quezon_ave,exit,0.0
2026-01-21,09:00 - 09:59,1404,quezon_ave,exit,0.0
2026-01-21,10:00 - 10:59,973,quezon_ave,exit,0.0
2026-01-21,11:00 - 11:59,804,quezon_ave,exit,0.0
2026-01-21,12:00 - 12:59,871,quezon_ave,exit,0.0
2026-01-21,13:00 - 13:59,908,quezon_ave,exit,0.0
2026-01-21,14:00 - 14:59,950,quezon_ave,exit,0.0
2026-01-21,15:00 - 15:59,1336,quezon_ave,exit,0.0
2026-01-21,16:00 - 16:59,1594,quezon_ave,exit,0.0
2026-01-21,17:00 - 17:59,2171,quezon_ave,exit,0.0
2026-01-21,18:00 - 18:59,2597,quezon_ave,exit,0.0
2026-01-21,19:00 - 19:59,2337,quezon_ave,exit,0.0
2026-01-21,20:00 - 20:59,1929,quezon_ave,exit,0.0
2026-01-21,21:00 - 21:59,1568,quezon_ave,exit,0.0
2026-01-21,22:00 - 22:59,1084,quezon_ave,exit,0.0
2026-01-21,23:00 - 23:59,319,quezon_ave,exit,0.0
2026-01-21,00:00 - 00:59,0,quezon_ave,exit,0.0
2026-01-21,01:00 - 01:59,0,quezon_ave,exit,0.0
2026-01-21,02:00 - 02:59,0,quezon_ave,exit,0.0
2026-01-22,03:00 - 03:59,0,quezon_ave,exit,0.0
2026-01-22,04:00 - 04:59,2,quezon_ave,exit,0.0
2026-01-22,05:00 - 05:59,413,quezon_ave,exit,0.0
2026-01-22,06:00 - 06:59,1214,quezon_ave,exit,0.0
2026-01-22,07:00 - 07:59,2337,quezon_ave,exit,0.0
2026-01-22,08:00 - 08:59,1803,quezon_ave,exit,0.0
2026-01-22,09:00 - 09:59,1246,quezon_ave,exit,0.0
2026-01-22,10:00 - 10:59,1031,quezon_ave,exit,0.0
2026-01-22,11:00 - 11:59,816,quezon_ave,exit,0.0
2026-01-22,12:00 - 12:59,863,quezon_ave,exit,0.0
2026-01-22,13:00 - 13:59,848,quezon_ave,exit,0.0
2026-01-22,14:00 - 14:59,874,quezon_ave,exit,0.0
2026-01-22,15:00 - 15:59,1378,quezon_ave,exit,0.0
2026-01-22,16:00 - 16:59,1614,quezon_ave,exit,0.0
2026-01-22,17:00 - 17:59,2191,quezon_ave,exit,0.0
2026-01-22,18:00 - 18:59,1797,quezon_ave,exit,0.0
2026-01-22,19:00 - 19:59,2468,quezon_ave,exit,0.0
2026-01-22,20:00 - 20:59,2240,quezon_ave,exit,0.0
2026-01-22,21:00 - 21:59,1530,quezon_ave,exit,0.0
2026-01-22,22:00 - 22:59,1085,quezon_ave,exit,0.0
2026-01-22,23:00 - 23:59,323,quezon_ave,exit,0.0
2026-01-22,00:00 - 00:59,0,quezon_ave,exit,0.0
2026-01-22,01:00 - 01:59,0,quezon_ave,exit,0.0
2026-01-22,02:00 - 02:59,0,quezon_ave,exit,0.0
2026-01-23,03:00 - 03:59,0,quezon_ave,exit,0.0
2026-01-23,04:00 - 04:59,2,quezon_ave,exit,0.0
2026-01-23,05:00 - 05:59,432,quezon_ave,exit,0.0
2026-01-23,06:00 - 06:59,1290,quezon_ave,exit,0.0
2026-01-23,07:00 - 07:59,2023,quezon_ave,exit,0.0
2026-01-23,08:00 - 08:59,1534,quezon_ave,exit,0.0
2026-01-23,09:00 - 09:59,1085,quezon_ave,exit,0.0
2026-01-23,10:00 - 10:59,970,quezon_ave,exit,0.0
2026-01-23,11:00 - 11:59,854,quezon_ave,exit,0.0
2026-01-23,12:00 - 12:59,913,quezon_ave,exit,0.0
2026-01-23,13:00 - 13:59,910,quezon_ave,exit,0.0
2026-01-23,14:00 - 14:59,1020,quezon_ave,exit,0.0
2026-01-23,15:00 - 15:59,1272,quezon_ave,exit,0.0
2026-01-23,16:00 - 16:59,1772,quezon_ave,exit,0.0
2026-01-23,17:00 - 17:59,1911,quezon_ave,exit,0.0
2026-01-23,18:00 - 18:59,2490,quezon_ave,exit,0.0
2026-01-23,19:00 - 19:59,2286,quezon_ave,exit,0.0
2026-01-23,20:00 - 20:59,1795,quezon_ave,exit,0.0
2026-01-23,21:00 - 21:59,1516,quezon_ave,exit,0.0
2026-01-23,22:00 - 22:59,1171,quezon_ave,exit,0.0
2026-01-23,23:00 - 23:59,496,quezon_ave,exit,0.0
2026-01-23,00:00 - 00:59,0,quezon_ave,exit,0.0
2026-01-23,01:00 - 01:59,0,quezon_ave,exit,0.0
2026-01-23,02:00 - 02:59,0,quezon_ave,exit,0.0
2026-01-24,03:00 - 03:59,0,quezon_ave,exit,0.0
2026-01-24,04:00 - 04:59,2,quezon_ave,exit,0.0
2026-01-24,05:00 - 05:59,352,quezon_ave,exit,0.0
2026-01-24,06:00 - 06:59,840,quezon_ave,exit,0.0
2026-01-24,07:00 - 07:59,1079,quezon_ave,exit,0.0
2026-01-24,08:00 - 08:59,986,quezon_ave,exit,0.0
2026-01-24,09:00 - 09:59,800,quezon_ave,exit,0.0
2026-01-24,10:00 - 10:59,753,quezon_ave,exit,0.0
2026-01-24,11:00 - 11:59,781,quezon_ave,exit,0.0
2026-01-24,12:00 - 12:59,936,quezon_ave,exit,0.0
2026-01-24,13:00 - 13:59,1003,quezon_ave,exit,0.0
2026-01-24,14:00 - 14:59,897,quezon_ave,exit,0.0
2026-01-24,15:00 - 15:59,1276,quezon_ave,exit,0.0
2026-01-24,16:00 - 16:59,1479,quezon_ave,exit,0.0
2026-01-24,17:00 - 17:59,1778,quezon_ave,exit,0.0
2026-01-24,18:00 - 18:59,1534,quezon_ave,exit,0.0
2026-01-24,19:00 - 19:59,1386,quezon_ave,exit,0.0
2026-01-24,20:00 - 20:59,1076,quezon_ave,exit,0.0
2026-01-24,21:00 - 21:59,1142,quezon_ave,exit,0.0
2026-01-24,22:00 - 22:59,770,quezon_ave,exit,0.0
2026-01-24,23:00 - 23:59,0,quezon_ave,exit,0.0
2026-01-24,00:00 - 00:59,0,quezon_ave,exit,0.0
2026-01-24,01:00 - 01:59,0,quezon_ave,exit,0.0
2026-01-24,02:00 - 02:59,0,quezon_ave,exit,0.0
2026-01-25,03:00 - 03:59,0,quezon_ave,exit,0.0
2026-01-25,04:00 - 04:59,1,quezon_ave,exit,0.0
2026-01-25,05:00 - 05:59,232,quezon_ave,exit,0.0
2026-01-25,06:00 - 06:59,458,quezon_ave,exit,0.0
2026-01-25,07:00 - 07:59,524,quezon_ave,exit,0.0
2026-01-25,08:00 - 08:59,563,quezon_ave,exit,0.0
2026-01-25,09:00 - 09:59,554,quezon_ave,exit,0.0
2026-01-25,10:00 - 10:59,547,quezon_ave,exit,0.0
2026-01-25,11:00 - 11:59,568,quezon_ave,exit,0.0
2026-01-25,12:00 - 12:59,663,quezon_ave,exit,0.0
2026-01-25,13:00 - 13:59,704,quezon_ave,exit,0.0
2026-01-25,14:00 - 14:59,711,quezon_ave,exit,0.0
2026-01-25,15:00 - 15:59,850,quezon_ave,exit,0.0
2026-01-25,16:00 - 16:59,821,quezon_ave,exit,0.0
2026-01-25,17:00 - 17:59,970,quezon_ave,exit,0.0
2026-01-25,18:00 - 18:59,885,quezon_ave,exit,0.0
2026-01-25,19:00 - 19:59,1063,quezon_ave,exit,0.0
2026-01-25,20:00 - 20:59,902,quezon_ave,exit,0.0
2026-01-25,21:00 - 21:59,840,quezon_ave,exit,0.0
2026-01-25,22:00 - 22:59,636,quezon_ave,exit,0.0
2026-01-25,23:00 - 23:59,0,quezon_ave,exit,0.0
2026-01-25,00:00 - 00:59,0,quezon_ave,exit,0.0
2026-01-25,01:00 - 01:59,0,quezon_ave,exit,0.0
2026-01-25,02:00 - 02:59,0,quezon_ave,exit,0.0
2026-01-26,03:00 - 03:59,0,quezon_ave,exit,0.0
2026-01-26,04:00 - 04:59,3,quezon_ave,exit,0.0
2026-01-26,05:00 - 05:59,496,quezon_ave,exit,0.0
2026-01-26,06:00 - 06:59,1229,quezon_ave,exit,0.0
2026-01-26,07:00 - 07:59,1959,quezon_ave,exit,0.0
2026-01-26,08:00 - 08:59,1533,quezon_ave,exit,0.0
2026-01-26,09:00 - 09:59,1133,quezon_ave,exit,0.0
2026-01-26,10:00 - 10:59,855,quezon_ave,exit,0.0
2026-01-26,11:00 - 11:59,1040,quezon_ave,exit,0.0
2026-01-26,12:00 - 12:59,907,quezon_ave,exit,0.0
2026-01-26,13:00 - 13:59,853,quezon_ave,exit,0.0
2026-01-26,14:00 - 14:59,1027,quezon_ave,exit,0.0
2026-01-26,15:00 - 15:59,1159,quezon_ave,exit,0.0
2026-01-26,16:00 - 16:59,1601,quezon_ave,exit,0.0
2026-01-26,17:00 - 17:59,2171,quezon_ave,exit,0.0
2026-01-26,18:00 - 18:59,2354,quezon_ave,exit,0.0
2026-01-26,19:00 - 19:59,2446,quezon_ave,exit,0.0
2026-01-26,20:00 - 20:59,1769,quezon_ave,exit,0.0
2026-01-26,21:00 - 21:59,1293,quezon_ave,exit,0.0
2026-01-26,22:00 - 22:59,913,quezon_ave,exit,0.0
2026-01-26,23:00 - 23:59,306,quezon_ave,exit,0.0
2026-01-26,00:00 - 00:59,0,quezon_ave,exit,0.0
2026-01-26,01:00 - 01:59,0,quezon_ave,exit,0.0
2026-01-26,02:00 - 02:59,0,quezon_ave,exit,0.0
2026-01-27,03:00 - 03:59,0,quezon_ave,exit,0.0
2026-01-27,04:00 - 04:59,5,quezon_ave,exit,0.0
2026-01-27,05:00 - 05:59,549,quezon_ave,exit,0.0
2026-01-27,06:00 - 06:59,1389,quezon_ave,exit,0.0
2026-01-27,07:00 - 07:59,2209,quezon_ave,exit,0.0
2026-01-27,08:00 - 08:59,1882,quezon_ave,exit,0.0
2026-01-27,09:00 - 09:59,1298,quezon_ave,exit,0.0
2026-01-27,10:00 - 10:59,1097,quezon_ave,exit,0.0
2026-01-27,11:00 - 11:59,865,quezon_ave,exit,0.0
2026-01-27,12:00 - 12:59,944,quezon_ave,exit,0.0
2026-01-27,13:00 - 13:59,883,quezon_ave,exit,0.0
2026-01-27,14:00 - 14:59,938,quezon_ave,exit,0.0
2026-01-27,15:00 - 15:59,1267,quezon_ave,exit,0.0
2026-01-27,16:00 - 16:59,1631,quezon_ave,exit,0.0
2026-01-27,17:00 - 17:59,2271,quezon_ave,exit,0.0
2026-01-27,18:00 - 18:59,2419,quezon_ave,exit,0.0
2026-01-27,19:00 - 19:59,2501,quezon_ave,exit,0.0
2026-01-27,20:00 - 20:59,1906,quezon_ave,exit,0.0
2026-01-27,21:00 - 21:59,1497,quezon_ave,exit,0.0
2026-01-27,22:00 - 22:59,936,quezon_ave,exit,0.0
2026-01-27,23:00 - 23:59,471,quezon_ave,exit,0.0
2026-01-27,00:00 - 00:59,0,quezon_ave,exit,0.0
2026-01-27,01:00 - 01:59,0,quezon_ave,exit,0.0
2026-01-27,02:00 - 02:59,0,quezon_ave,exit,0.0
2026-01-28,03:00 - 03:59,0,quezon_ave,exit,0.0
2026-01-28,04:00 - 04:59,0,quezon_ave,exit,0.0
2026-01-28,05:00 - 05:59,464,quezon_ave,exit,0.0
2026-01-28,06:00 - 06:59,1469,quezon_ave,exit,0.0
2026-01-28,07:00 - 07:59,2042,quezon_ave,exit,0.0
2026-01-28,08:00 - 08:59,1869,quezon_ave,exit,0.0
2026-01-28,09:00 - 09:59,1348,quezon_ave,exit,0.0
2026-01-28,10:00 - 10:59,979,quezon_ave,exit,0.0
2026-01-28,11:00 - 11:59,805,quezon_ave,exit,0.0
2026-01-28,12:00 - 12:59,998,quezon_ave,exit,0.0
2026-01-28,13:00 - 13:59,887,quezon_ave,exit,0.0
2026-01-28,14:00 - 14:59,955,quezon_ave,exit,0.0
2026-01-28,15:00 - 15:59,1244,quezon_ave,exit,0.0
2026-01-28,16:00 - 16:59,1711,quezon_ave,exit,0.0
2026-01-28,17:00 - 17:59,2232,quezon_ave,exit,0.0
2026-01-28,18:00 - 18:59,2587,quezon_ave,exit,0.0
2026-01-28,19:00 - 19:59,2381,quezon_ave,exit,0.0
2026-01-28,20:00 - 20:59,1877,quezon_ave,exit,0.0
2026-01-28,21:00 - 21:59,1637,quezon_ave,exit,0.0
2026-01-28,22:00 - 22:59,930,quezon_ave,exit,0.0
2026-01-28,23:00 - 23:59,523,quezon_ave,exit,0.0
2026-01-28,00:00 - 00:59,0,quezon_ave,exit,0.0
2026-01-28,01:00 - 01:59,0,quezon_ave,exit,0.0
2026-01-28,02:00 - 02:59,0,quezon_ave,exit,0.0
2026-01-29,03:00 - 03:59,0,quezon_ave,exit,0.0
2026-01-29,04:00 - 04:59,0,quezon_ave,exit,0.0
2026-01-29,05:00 - 05:59,554,quezon_ave,exit,0.0
2026-01-29,06:00 - 06:59,1323,quezon_ave,exit,0.0
2026-01-29,07:00 - 07:59,2156,quezon_ave,exit,0.0
2026-01-29,08:00 - 08:59,1876,quezon_ave,exit,0.0
2026-01-29,09:00 - 09:59,1191,quezon_ave,exit,0.0
2026-01-29,10:00 - 10:59,959,quezon_ave,exit,0.0
2026-01-29,11:00 - 11:59,872,quezon_ave,exit,0.0
2026-01-29,12:00 - 12:59,928,quezon_ave,exit,0.0
2026-01-29,13:00 - 13:59,997,quezon_ave,exit,0.0
2026-01-29,14:00 - 14:59,962,quezon_ave,exit,0.0
2026-01-29,15:00 - 15:59,1163,quezon_ave,exit,0.0
2026-01-29,16:00 - 16:59,1831,quezon_ave,exit,0.0
2026-01-29,17:00 - 17:59,2093,quezon_ave,exit,0.0
2026-01-29,18:00 - 18:59,2395,quezon_ave,exit,0.0
2026-01-29,19:00 - 19:59,2361,quezon_ave,exit,0.0
2026-01-29,20:00 - 20:59,1904,quezon_ave,exit,0.0
2026-01-29,21:00 - 21:59,1644,quezon_ave,exit,0.0
2026-01-29,22:00 - 22:59,990,quezon_ave,exit,0.0
2026-01-29,23:00 - 23:59,434,quezon_ave,exit,0.0
2026-01-29,00:00 - 00:59,0,quezon_ave,exit,0.0
2026-01-29,01:00 - 01:59,0,quezon_ave,exit,0.0
2026-01-29,02:00 - 02:59,0,quezon_ave,exit,0.0
2026-01-30,03:00 - 03:59,0,quezon_ave,exit,0.0
2026-01-30,04:00 - 04:59,1,quezon_ave,exit,0.0
2026-01-30,05:00 - 05:59,481,quezon_ave,exit,0.0
2026-01-30,06:00 - 06:59,1307,quezon_ave,exit,0.0
2026-01-30,07:00 - 07:59,1953,quezon_ave,exit,0.0
2026-01-30,08:00 - 08:59,1649,quezon_ave,exit,0.0
2026-01-30,09:00 - 09:59,1155,quezon_ave,exit,0.0
2026-01-30,10:00 - 10:59,1074,quezon_ave,exit,0.0
2026-01-30,11:00 - 11:59,786,quezon_ave,exit,0.0
2026-01-30,12:00 - 12:59,897,quezon_ave,exit,0.0
2026-01-30,13:00 - 13:59,1010,quezon_ave,exit,0.0
2026-01-30,14:00 - 14:59,747,quezon_ave,exit,0.0
2026-01-30,15:00 - 15:59,1482,quezon_ave,exit,0.0
2026-01-30,16:00 - 16:59,1754,quezon_ave,exit,0.0
2026-01-30,17:00 - 17:59,2171,quezon_ave,exit,0.0
2026-01-30,18:00 - 18:59,2280,quezon_ave,exit,0.0
2026-01-30,19:00 - 19:59,2309,quezon_ave,exit,0.0
2026-01-30,20:00 - 20:59,1806,quezon_ave,exit,0.0
2026-01-30,21:00 - 21:59,1576,quezon_ave,exit,0.0
2026-01-30,22:00 - 22:59,1224,quezon_ave,exit,0.0
2026-01-30,23:00 - 23:59,523,quezon_ave,exit,0.0
2026-01-30,00:00 - 00:59,0,quezon_ave,exit,0.0
2026-01-30,01:00 - 01:59,0,quezon_ave,exit,0.0
2026-01-30,02:00 - 02:59,0,quezon_ave,exit,0.0
2026-01-31,03:00 - 03:59,0,quezon_ave,exit,0.0
2026-01-31,04:00 - 04:59,1,quezon_ave,exit,0.0
2026-01-31,05:00 - 05:59,359,quezon_ave,exit,0.0
2026-01-31,06:00 - 06:59,819,quezon_ave,exit,0.0
2026-01-31,07:00 - 07:59,1092,quezon_ave,exit,0.0
2026-01-31,08:00 - 08:59,983,quezon_ave,exit,0.0
2026-01-31,09:00 - 09:59,785,quezon_ave,exit,0.0
2026-01-31,10:00 - 10:59,727,quezon_ave,exit,0.0
2026-01-31,11:00 - 11:59,734,quezon_ave,exit,0.0
2026-01-31,12:00 - 12:59,824,quezon_ave,exit,0.0
2026-01-31,13:00 - 13:59,975,quezon_ave,exit,0.0
2026-01-31,14:00 - 14:59,1028,quezon_ave,exit,0.0
2026-01-31,15:00 - 15:59,1211,quezon_ave,exit,0.0
2026-01-31,16:00 - 16:59,1482,quezon_ave,exit,0.0
2026-01-31,17:00 - 17:59,1786,quezon_ave,exit,0.0
2026-01-31,18:00 - 18:59,1505,quezon_ave,exit,0.0
2026-01-31,19:00 - 19:59,1300,quezon_ave,exit,0.0
2026-01-31,20:00 - 20:59,1232,quezon_ave,exit,0.0
2026-01-31,21:00 - 21:59,1225,quezon_ave,exit,0.0
2026-01-31,22:00 - 22:59,692,quezon_ave,exit,0.0
2026-01-31,23:00 - 23:59,0,quezon_ave,exit,0.0
2026-01-31,00:00 - 00:59,0,quezon_ave,exit,0.0
2026-01-31,01:00 - 01:59,0,quezon_ave,exit,0.0
2026-01-31,02:00 - 02:59,0,quezon_ave,exit,0.0
2026-01-01,03:00 - 03:59,0,gma_kamuning,entry,0.0
2026-01-01,04:00 - 04:59,0,gma_kamuning,entry,0.0
2026-01-01,05:00 - 05:59,0,gma_kamuning,entry,0.0
2026-01-01,06:00 - 06:59,310,gma_kamuning,entry,5.166666666666667
2026-01-01,07:00 - 07:59,414,gma_kamuning,entry,6.9
2026-01-01,08:00 - 08:59,413,gma_kamuning,entry,6.883333333333334
2026-01-01,09:00 - 09:59,438,gma_kamuning,entry,7.3
2026-01-01,10:00 - 10:59,619,gma_kamuning,entry,10.316666666666666
2026-01-01,11:00 - 11:59,715,gma_kamuning,entry,11.916666666666666
2026-01-01,12:00 - 12:59,753,gma_kamuning,entry,12.55
2026-01-01,13:00 - 13:59,645,gma_kamuning,entry,10.75
2026-01-01,14:00 - 14:59,703,gma_kamuning,entry,11.716666666666667
2026-01-01,15:00 - 15:59,615,gma_kamuning,entry,10.25
2026-01-01,16:00 - 16:59,698,gma_kamuning,entry,11.633333333333333
2026-01-01,17:00 - 17:59,656,gma_kamuning,entry,10.933333333333334
2026-01-01,18:00 - 18:59,609,gma_kamuning,entry,10.15
2026-01-01,19:00 - 19:59,465,gma_kamuning,entry,7.75
2026-01-01,20:00 - 20:59,383,gma_kamuning,entry,6.383333333333334
2026-01-01,21:00 - 21:59,273,gma_kamuning,entry,4.55
2026-01-01,22:00 - 22:59,108,gma_kamuning,entry,1.8
2026-01-01,23:00 - 23:59,0,gma_kamuning,entry,0.0
2026-01-01,00:00 - 00:59,0,gma_kamuning,entry,0.0
2026-01-01,01:00 - 01:59,0,gma_kamuning,entry,0.0
2026-01-01,02:00 - 02:59,0,gma_kamuning,entry,0.0
2026-01-02,03:00 - 03:59,0,gma_kamuning,entry,0.0
2026-01-02,04:00 - 04:59,549,gma_kamuning,entry,9.15
2026-01-02,05:00 - 05:59,1361,gma_kamuning,entry,22.683333333333334
2026-01-02,06:00 - 06:59,1583,gma_kamuning,entry,26.383333333333333
2026-01-02,07:00 - 07:59,1317,gma_kamuning,entry,21.95
2026-01-02,08:00 - 08:59,1105,gma_kamuning,entry,18.416666666666668
2026-01-02,09:00 - 09:59,918,gma_kamuning,entry,15.3
2026-01-02,10:00 - 10:59,954,gma_kamuning,entry,15.9
2026-01-02,11:00 - 11:59,1005,gma_kamuning,entry,16.75
2026-01-02,12:00 - 12:59,955,gma_kamuning,entry,15.916666666666666
2026-01-02,13:00 - 13:59,806,gma_kamuning,entry,13.433333333333334
2026-01-02,14:00 - 14:59,753,gma_kamuning,entry,12.55
2026-01-02,15:00 - 15:59,760,gma_kamuning,entry,12.666666666666666
2026-01-02,16:00 - 16:59,779,gma_kamuning,entry,12.983333333333333
2026-01-02,17:00 - 17:59,872,gma_kamuning,entry,14.533333333333333
2026-01-02,18:00 - 18:59,750,gma_kamuning,entry,12.5
2026-01-02,19:00 - 19:59,630,gma_kamuning,entry,10.5
2026-01-02,20:00 - 20:59,457,gma_kamuning,entry,7.616666666666666
2026-01-02,21:00 - 21:59,303,gma_kamuning,entry,5.05
2026-01-02,22:00 - 22:59,92,gma_kamuning,entry,1.5333333333333334
2026-01-02,23:00 - 23:59,0,gma_kamuning,entry,0.0
2026-01-02,00:00 - 00:59,0,gma_kamuning,entry,0.0
2026-01-02,01:00 - 01:59,0,gma_kamuning,entry,0.0
2026-01-02,02:00 - 02:59,0,gma_kamuning,entry,0.0
2026-01-03,03:00 - 03:59,0,gma_kamuning,entry,0.0
2026-01-03,04:00 - 04:59,351,gma_kamuning,entry,5.85
2026-01-03,05:00 - 05:59,1005,gma_kamuning,entry,16.75
2026-01-03,06:00 - 06:59,987,gma_kamuning,entry,16.45
2026-01-03,07:00 - 07:59,921,gma_kamuning,entry,15.35
2026-01-03,08:00 - 08:59,820,gma_kamuning,entry,13.666666666666666
2026-01-03,09:00 - 09:59,827,gma_kamuning,entry,13.783333333333333
2026-01-03,10:00 - 10:59,865,gma_kamuning,entry,14.416666666666666
2026-01-03,11:00 - 11:59,866,gma_kamuning,entry,14.433333333333334
2026-01-03,12:00 - 12:59,842,gma_kamuning,entry,14.033333333333333
2026-01-03,13:00 - 13:59,798,gma_kamuning,entry,13.3
2026-01-03,14:00 - 14:59,762,gma_kamuning,entry,12.7
2026-01-03,15:00 - 15:59,704,gma_kamuning,entry,11.733333333333333
2026-01-03,16:00 - 16:59,774,gma_kamuning,entry,12.9
2026-01-03,17:00 - 17:59,785,gma_kamuning,entry,13.083333333333334
2026-01-03,18:00 - 18:59,680,gma_kamuning,entry,11.333333333333334
2026-01-03,19:00 - 19:59,500,gma_kamuning,entry,8.333333333333334
2026-01-03,20:00 - 20:59,440,gma_kamuning,entry,7.333333333333333
2026-01-03,21:00 - 21:59,222,gma_kamuning,entry,3.7
2026-01-03,22:00 - 22:59,4,gma_kamuning,entry,0.06666666666666667
2026-01-03,23:00 - 23:59,0,gma_kamuning,entry,0.0
2026-01-03,00:00 - 00:59,0,gma_kamuning,entry,0.0
2026-01-03,01:00 - 01:59,0,gma_kamuning,entry,0.0
2026-01-03,03:00 - 03:59,0,gma_kamuning,entry,0.0
2026-01-04,03:00 - 03:59,0,gma_kamuning,entry,0.0
2026-01-04,04:00 - 04:59,228,gma_kamuning,entry,3.8
2026-01-04,05:00 - 05:59,553,gma_kamuning,entry,9.216666666666667
2026-01-04,06:00 - 06:59,626,gma_kamuning,entry,10.433333333333334
2026-01-04,07:00 - 07:59,604,gma_kamuning,entry,10.066666666666666
2026-01-04,08:00 - 08:59,685,gma_kamuning,entry,11.416666666666666
2026-01-04,09:00 - 09:59,868,gma_kamuning,entry,14.466666666666667
2026-01-04,10:00 - 10:59,754,gma_kamuning,entry,12.566666666666666
2026-01-04,11:00 - 11:59,828,gma_kamuning,entry,13.8
2026-01-04,12:00 - 12:59,787,gma_kamuning,entry,13.116666666666667
2026-01-04,13:00 - 13:59,769,gma_kamuning,entry,12.816666666666666
2026-01-04,14:00 - 14:59,720,gma_kamuning,entry,12.0
2026-01-04,15:00 - 15:59,812,gma_kamuning,entry,13.533333333333333
2026-01-04,16:00 - 16:59,852,gma_kamuning,entry,14.2
2026-01-04,17:00 - 17:59,874,gma_kamuning,entry,14.566666666666666
2026-01-04,18:00 - 18:59,740,gma_kamuning,entry,12.333333333333334
2026-01-04,19:00 - 19:59,627,gma_kamuning,entry,10.45
2026-01-04,20:00 - 20:59,543,gma_kamuning,entry,9.05
2026-01-04,21:00 - 21:59,199,gma_kamuning,entry,3.316666666666667
2026-01-04,22:00 - 22:59,8,gma_kamuning,entry,0.13333333333333333
2026-01-04,23:00 - 23:59,0,gma_kamuning,entry,0.0
2026-01-04,00:00 - 00:59,1,gma_kamuning,entry,0.016666666666666666
2026-01-04,01:00 - 01:59,0,gma_kamuning,entry,0.0
2026-01-04,02:00 - 02:59,0,gma_kamuning,entry,0.0
2026-01-05,03:00 - 03:59,0,gma_kamuning,entry,0.0
2026-01-05,04:00 - 04:59,1032,gma_kamuning,entry,17.2
2026-01-05,05:00 - 05:59,2295,gma_kamuning,entry,38.25
2026-01-05,06:00 - 06:59,2334,gma_kamuning,entry,38.9
2026-01-05,07:00 - 07:59,2282,gma_kamuning,entry,38.03333333333333
2026-01-05,08:00 - 08:59,1814,gma_kamuning,entry,30.233333333333334
2026-01-05,09:00 - 09:59,1383,gma_kamuning,entry,23.05
2026-01-05,10:00 - 10:59,1122,gma_kamuning,entry,18.7
2026-01-05,11:00 - 11:59,1216,gma_kamuning,entry,20.266666666666666
2026-01-05,12:00 - 12:59,1137,gma_kamuning,entry,18.95
2026-01-05,13:00 - 13:59,974,gma_kamuning,entry,16.233333333333334
2026-01-05,14:00 - 14:59,993,gma_kamuning,entry,16.55
2026-01-05,15:00 - 15:59,1032,gma_kamuning,entry,17.2
2026-01-05,16:00 - 16:59,1514,gma_kamuning,entry,25.233333333333334
2026-01-05,17:00 - 17:59,1734,gma_kamuning,entry,28.9
2026-01-05,18:00 - 18:59,1340,gma_kamuning,entry,22.333333333333332
2026-01-05,19:00 - 19:59,765,gma_kamuning,entry,12.75
2026-01-05,20:00 - 20:59,678,gma_kamuning,entry,11.3
2026-01-05,21:00 - 21:59,409,gma_kamuning,entry,6.816666666666666
2026-01-05,22:00 - 22:59,125,gma_kamuning,entry,2.0833333333333335
2026-01-05,23:00 - 23:59,2,gma_kamuning,entry,0.03333333333333333
2026-01-05,00:00 - 00:59,0,gma_kamuning,entry,0.0
2026-01-05,01:00 - 01:59,0,gma_kamuning,entry,0.0
2026-01-05,03:00 - 03:59,0,gma_kamuning,entry,0.0
2026-01-06,03:00 - 03:59,0,gma_kamuning,entry,0.0
2026-01-06,04:00 - 04:59,525,gma_kamuning,entry,8.75
2026-01-06,05:00 - 05:59,1626,gma_kamuning,entry,27.1
2026-01-06,06:00 - 06:59,2174,gma_kamuning,entry,36.233333333333334
2026-01-06,07:00 - 07:59,2156,gma_kamuning,entry,35.93333333333333
2026-01-06,08:00 - 08:59,1819,gma_kamuning,entry,30.316666666666666
2026-01-06,09:00 - 09:59,1279,gma_kamuning,entry,21.316666666666666
2026-01-06,10:00 - 10:59,1120,gma_kamuning,entry,18.666666666666668
2026-01-06,11:00 - 11:59,1125,gma_kamuning,entry,18.75
2026-01-06,12:00 - 12:59,1029,gma_kamuning,entry,17.15
2026-01-06,13:00 - 13:59,875,gma_kamuning,entry,14.583333333333334
2026-01-06,14:00 - 14:59,933,gma_kamuning,entry,15.55
2026-01-06,15:00 - 15:59,880,gma_kamuning,entry,14.666666666666666
2026-01-06,16:00 - 16:59,1336,gma_kamuning,entry,22.266666666666666
2026-01-06,17:00 - 17:59,1541,gma_kamuning,entry,25.683333333333334
2026-01-06,18:00 - 18:59,1338,gma_kamuning,entry,22.3
2026-01-06,19:00 - 19:59,853,gma_kamuning,entry,14.216666666666667
2026-01-06,20:00 - 20:59,681,gma_kamuning,entry,11.35
2026-01-06,21:00 - 21:59,416,gma_kamuning,entry,6.933333333333334
2026-01-06,22:00 - 22:59,136,gma_kamuning,entry,2.2666666666666666
2026-01-06,23:00 - 23:59,3,gma_kamuning,entry,0.05
2026-01-06,00:00 - 00:59,0,gma_kamuning,entry,0.0
2026-01-06,01:00 - 01:59,0,gma_kamuning,entry,0.0
2026-01-06,02:00 - 02:59,0,gma_kamuning,entry,0.0
2026-01-07,03:00 - 03:59,0,gma_kamuning,entry,0.0
2026-01-07,04:00 - 04:59,474,gma_kamuning,entry,7.9
2026-01-07,05:00 - 05:59,1517,gma_kamuning,entry,25.283333333333335
2026-01-07,06:00 - 06:59,2114,gma_kamuning,entry,35.233333333333334
2026-01-07,07:00 - 07:59,2250,gma_kamuning,entry,37.5
2026-01-07,08:00 - 08:59,1770,gma_kamuning,entry,29.5
2026-01-07,09:00 - 09:59,1339,gma_kamuning,entry,22.316666666666666
2026-01-07,10:00 - 10:59,1065,gma_kamuning,entry,17.75
2026-01-07,11:00 - 11:59,1058,gma_kamuning,entry,17.633333333333333
2026-01-07,12:00 - 12:59,966,gma_kamuning,entry,16.1
2026-01-07,13:00 - 13:59,792,gma_kamuning,entry,13.2
2026-01-07,14:00 - 14:59,898,gma_kamuning,entry,14.966666666666667
2026-01-07,15:00 - 15:59,927,gma_kamuning,entry,15.45
2026-01-07,16:00 - 16:59,1358,gma_kamuning,entry,22.633333333333333
2026-01-07,17:00 - 17:59,1610,gma_kamuning,entry,26.833333333333332
2026-01-07,18:00 - 18:59,1385,gma_kamuning,entry,23.083333333333332
2026-01-07,19:00 - 19:59,868,gma_kamuning,entry,14.466666666666667
2026-01-07,20:00 - 20:59,702,gma_kamuning,entry,11.7
2026-01-07,21:00 - 21:59,424,gma_kamuning,entry,7.066666666666666
2026-01-07,22:00 - 22:59,118,gma_kamuning,entry,1.9666666666666666
2026-01-07,23:00 - 23:59,0,gma_kamuning,entry,0.0
2026-01-07,00:00 - 00:59,0,gma_kamuning,entry,0.0
2026-01-07,01:00 - 01:59,0,gma_kamuning,entry,0.0
2026-01-07,02:00 - 02:59,0,gma_kamuning,entry,0.0
2026-01-08,03:00 - 03:59,0,gma_kamuning,entry,0.0
2026-01-08,04:00 - 04:59,485,gma_kamuning,entry,8.083333333333334
2026-01-08,05:00 - 05:59,1544,gma_kamuning,entry,25.733333333333334
2026-01-08,06:00 - 06:59,2089,gma_kamuning,entry,34.81666666666667
2026-01-08,07:00 - 07:59,2092,gma_kamuning,entry,34.86666666666667
2026-01-08,08:00 - 08:59,1716,gma_kamuning,entry,28.6
2026-01-08,09:00 - 09:59,1280,gma_kamuning,entry,21.333333333333332
2026-01-08,10:00 - 10:59,1060,gma_kamuning,entry,17.666666666666668
2026-01-08,11:00 - 11:59,1108,gma_kamuning,entry,18.466666666666665
2026-01-08,12:00 - 12:59,1021,gma_kamuning,entry,17.016666666666666
2026-01-08,13:00 - 13:59,848,gma_kamuning,entry,14.133333333333333
2026-01-08,14:00 - 14:59,939,gma_kamuning,entry,15.65
2026-01-08,15:00 - 15:59,803,gma_kamuning,entry,13.383333333333333
2026-01-08,16:00 - 16:59,1349,gma_kamuning,entry,22.483333333333334
2026-01-08,17:00 - 17:59,1656,gma_kamuning,entry,27.6
2026-01-08,18:00 - 18:59,1252,gma_kamuning,entry,20.866666666666667
2026-01-08,19:00 - 19:59,853,gma_kamuning,entry,14.216666666666667
2026-01-08,20:00 - 20:59,764,gma_kamuning,entry,12.733333333333333
2026-01-08,21:00 - 21:59,404,gma_kamuning,entry,6.733333333333333
2026-01-08,22:00 - 22:59,114,gma_kamuning,entry,1.9
2026-01-08,23:00 - 23:59,1,gma_kamuning,entry,0.016666666666666666
2026-01-08,00:00 - 00:59,0,gma_kamuning,entry,0.0
2026-01-08,01:00 - 01:59,0,gma_kamuning,entry,0.0
2026-01-08,02:00 - 02:59,0,gma_kamuning,entry,0.0
2026-01-09,03:00 - 03:59,0,gma_kamuning,entry,0.0
2026-01-09,04:00 - 04:59,479,gma_kamuning,entry,7.983333333333333
2026-01-09,05:00 - 05:59,1476,gma_kamuning,entry,24.6
2026-01-09,06:00 - 06:59,2017,gma_kamuning,entry,33.61666666666667
2026-01-09,07:00 - 07:59,2085,gma_kamuning,entry,34.75
2026-01-09,08:00 - 08:59,1521,gma_kamuning,entry,25.35
2026-01-09,09:00 - 09:59,1409,gma_kamuning,entry,23.483333333333334
2026-01-09,10:00 - 10:59,1141,gma_kamuning,entry,19.016666666666666
2026-01-09,11:00 - 11:59,1088,gma_kamuning,entry,18.133333333333333
2026-01-09,12:00 - 12:59,1012,gma_kamuning,entry,16.866666666666667
2026-01-09,13:00 - 13:59,894,gma_kamuning,entry,14.9
2026-01-09,14:00 - 14:59,965,gma_kamuning,entry,16.083333333333332
2026-01-09,15:00 - 15:59,960,gma_kamuning,entry,16.0
2026-01-09,16:00 - 16:59,1520,gma_kamuning,entry,25.333333333333332
2026-01-09,17:00 - 17:59,1688,gma_kamuning,entry,28.133333333333333
2026-01-09,18:00 - 18:59,1311,gma_kamuning,entry,21.85
2026-01-09,19:00 - 19:59,814,gma_kamuning,entry,13.566666666666666
2026-01-09,20:00 - 20:59,669,gma_kamuning,entry,11.15
2026-01-09,21:00 - 21:59,429,gma_kamuning,entry,7.15
2026-01-09,22:00 - 22:59,143,gma_kamuning,entry,2.3833333333333333
2026-01-09,23:00 - 23:59,1,gma_kamuning,entry,0.016666666666666666
2026-01-09,00:00 - 00:59,0,gma_kamuning,entry,0.0
2026-01-09,01:00 - 01:59,0,gma_kamuning,entry,0.0
2026-01-09,02:00 - 02:59,0,gma_kamuning,entry,0.0
2026-01-10,03:00 - 03:59,0,gma_kamuning,entry,0.0
2026-01-10,04:00 - 04:59,288,gma_kamuning,entry,4.8
2026-01-10,05:00 - 05:59,1050,gma_kamuning,entry,17.5
2026-01-10,06:00 - 06:59,1283,gma_kamuning,entry,21.383333333333333
2026-01-10,07:00 - 07:59,1071,gma_kamuning,entry,17.85
2026-01-10,08:00 - 08:59,950,gma_kamuning,entry,15.833333333333334
2026-01-10,09:00 - 09:59,980,gma_kamuning,entry,16.333333333333332
2026-01-10,10:00 - 10:59,859,gma_kamuning,entry,14.316666666666666
2026-01-10,11:00 - 11:59,843,gma_kamuning,entry,14.05
2026-01-10,12:00 - 12:59,842,gma_kamuning,entry,14.033333333333333
2026-01-10,13:00 - 13:59,734,gma_kamuning,entry,12.233333333333333
2026-01-10,14:00 - 14:59,700,gma_kamuning,entry,11.666666666666666
2026-01-10,15:00 - 15:59,807,gma_kamuning,entry,13.45
2026-01-10,16:00 - 16:59,870,gma_kamuning,entry,14.5
2026-01-10,17:00 - 17:59,922,gma_kamuning,entry,15.366666666666667
2026-01-10,18:00 - 18:59,713,gma_kamuning,entry,11.883333333333333
2026-01-10,19:00 - 19:59,574,gma_kamuning,entry,9.566666666666666
2026-01-10,20:00 - 20:59,502,gma_kamuning,entry,8.366666666666667
2026-01-10,21:00 - 21:59,204,gma_kamuning,entry,3.4
2026-01-10,22:00 - 22:59,6,gma_kamuning,entry,0.1
2026-01-10,23:00 - 23:59,0,gma_kamuning,entry,0.0
2026-01-10,00:00 - 00:59,0,gma_kamuning,entry,0.0
2026-01-10,01:00 - 01:59,0,gma_kamuning,entry,0.0
2026-01-10,02:00 - 02:59,0,gma_kamuning,entry,0.0
2026-01-11,03:00 - 03:59,0,gma_kamuning,entry,0.0
2026-01-11,04:00 - 04:59,229,gma_kamuning,entry,3.816666666666667
2026-01-11,05:00 - 05:59,488,gma_kamuning,entry,8.133333333333333
2026-01-11,06:00 - 06:59,684,gma_kamuning,entry,11.4
2026-01-11,07:00 - 07:59,608,gma_kamuning,entry,10.133333333333333
2026-01-11,08:00 - 08:59,684,gma_kamuning,entry,11.4
2026-01-11,09:00 - 09:59,740,gma_kamuning,entry,12.333333333333334
2026-01-11,10:00 - 10:59,693,gma_kamuning,entry,11.55
2026-01-11,11:00 - 11:59,789,gma_kamuning,entry,13.15
2026-01-11,12:00 - 12:59,742,gma_kamuning,entry,12.366666666666667
2026-01-11,13:00 - 13:59,731,gma_kamuning,entry,12.183333333333334
2026-01-11,14:00 - 14:59,670,gma_kamuning,entry,11.166666666666666
2026-01-11,15:00 - 15:59,575,gma_kamuning,entry,9.583333333333334
2026-01-11,16:00 - 16:59,737,gma_kamuning,entry,12.283333333333333
2026-01-11,17:00 - 17:59,724,gma_kamuning,entry,12.066666666666666
2026-01-11,18:00 - 18:59,688,gma_kamuning,entry,11.466666666666667
2026-01-11,19:00 - 19:59,503,gma_kamuning,entry,8.383333333333333
2026-01-11,20:00 - 20:59,544,gma_kamuning,entry,9.066666666666666
2026-01-11,21:00 - 21:59,225,gma_kamuning,entry,3.75
2026-01-11,22:00 - 22:59,5,gma_kamuning,entry,0.08333333333333333
2026-01-11,23:00 - 23:59,0,gma_kamuning,entry,0.0
2026-01-11,00:00 - 00:59,0,gma_kamuning,entry,0.0
2026-01-11,01:00 - 01:59,0,gma_kamuning,entry,0.0
2026-01-11,02:00 - 02:59,0,gma_kamuning,entry,0.0
2026-01-12,03:00 - 03:59,0,gma_kamuning,entry,0.0
2026-01-12,04:00 - 04:59,897,gma_kamuning,entry,14.95
2026-01-12,05:00 - 05:59,2168,gma_kamuning,entry,36.13333333333333
2026-01-12,06:00 - 06:59,2579,gma_kamuning,entry,42.983333333333334
2026-01-12,07:00 - 07:59,2506,gma_kamuning,entry,41.766666666666666
2026-01-12,08:00 - 08:59,2001,gma_kamuning,entry,33.35
2026-01-12,09:00 - 09:59,1508,gma_kamuning,entry,25.133333333333333
2026-01-12,10:00 - 10:59,1185,gma_kamuning,entry,19.75
2026-01-12,11:00 - 11:59,1149,gma_kamuning,entry,19.15
2026-01-12,12:00 - 12:59,1148,gma_kamuning,entry,19.133333333333333
2026-01-12,13:00 - 13:59,923,gma_kamuning,entry,15.383333333333333
2026-01-12,14:00 - 14:59,991,gma_kamuning,entry,16.516666666666666
2026-01-12,15:00 - 15:59,981,gma_kamuning,entry,16.35
2026-01-12,16:00 - 16:59,1425,gma_kamuning,entry,23.75
2026-01-12,17:00 - 17:59,1668,gma_kamuning,entry,27.8
2026-01-12,18:00 - 18:59,1401,gma_kamuning,entry,23.35
2026-01-12,19:00 - 19:59,920,gma_kamuning,entry,15.333333333333334
2026-01-12,20:00 - 20:59,695,gma_kamuning,entry,11.583333333333334
2026-01-12,21:00 - 21:59,399,gma_kamuning,entry,6.65
2026-01-12,22:00 - 22:59,140,gma_kamuning,entry,2.3333333333333335
2026-01-12,23:00 - 23:59,1,gma_kamuning,entry,0.016666666666666666
2026-01-12,00:00 - 00:59,0,gma_kamuning,entry,0.0
2026-01-12,01:00 - 01:59,0,gma_kamuning,entry,0.0
2026-01-12,02:00 - 02:59,0,gma_kamuning,entry,0.0
2026-01-13,03:00 - 03:59,0,gma_kamuning,entry,0.0
2026-01-13,04:00 - 04:59,512,gma_kamuning,entry,8.533333333333333
2026-01-13,05:00 - 05:59,1658,gma_kamuning,entry,27.633333333333333
2026-01-13,06:00 - 06:59,2172,gma_kamuning,entry,36.2
2026-01-13,07:00 - 07:59,2335,gma_kamuning,entry,38.916666666666664
2026-01-13,08:00 - 08:59,1888,gma_kamuning,entry,31.466666666666665
2026-01-13,09:00 - 09:59,1391,gma_kamuning,entry,23.183333333333334
2026-01-13,10:00 - 10:59,1098,gma_kamuning,entry,18.3
2026-01-13,11:00 - 11:59,1168,gma_kamuning,entry,19.466666666666665
2026-01-13,12:00 - 12:59,1059,gma_kamuning,entry,17.65
2026-01-13,13:00 - 13:59,855,gma_kamuning,entry,14.25
2026-01-13,14:00 - 14:59,943,gma_kamuning,entry,15.716666666666667
2026-01-13,15:00 - 15:59,1125,gma_kamuning,entry,18.75
2026-01-13,16:00 - 16:59,1352,gma_kamuning,entry,22.533333333333335
2026-01-13,17:00 - 17:59,1525,gma_kamuning,entry,25.416666666666668
2026-01-13,18:00 - 18:59,1382,gma_kamuning,entry,23.033333333333335
2026-01-13,19:00 - 19:59,875,gma_kamuning,entry,14.583333333333334
2026-01-13,20:00 - 20:59,648,gma_kamuning,entry,10.8
2026-01-13,21:00 - 21:59,419,gma_kamuning,entry,6.983333333333333
2026-01-13,22:00 - 22:59,154,gma_kamuning,entry,2.566666666666667
2026-01-13,23:00 - 23:59,2,gma_kamuning,entry,0.03333333333333333
2026-01-13,00:00 - 00:59,0,gma_kamuning,entry,0.0
2026-01-13,01:00 - 01:59,0,gma_kamuning,entry,0.0
2026-01-13,02:00 - 02:59,0,gma_kamuning,entry,0.0
2026-01-14,03:00 - 03:59,0,gma_kamuning,entry,0.0
2026-01-14,04:00 - 04:59,533,gma_kamuning,entry,8.883333333333333
2026-01-14,05:00 - 05:59,1380,gma_kamuning,entry,23.0
2026-01-14,06:00 - 06:59,2094,gma_kamuning,entry,34.9
2026-01-14,07:00 - 07:59,2325,gma_kamuning,entry,38.75
2026-01-14,08:00 - 08:59,1791,gma_kamuning,entry,29.85
2026-01-14,09:00 - 09:59,1328,gma_kamuning,entry,22.133333333333333
2026-01-14,10:00 - 10:59,1091,gma_kamuning,entry,18.183333333333334
2026-01-14,11:00 - 11:59,1120,gma_kamuning,entry,18.666666666666668
2026-01-14,12:00 - 12:59,1072,gma_kamuning,entry,17.866666666666667
2026-01-14,13:00 - 13:59,848,gma_kamuning,entry,14.133333333333333
2026-01-14,14:00 - 14:59,859,gma_kamuning,entry,14.316666666666666
2026-01-14,15:00 - 15:59,905,gma_kamuning,entry,15.083333333333334
2026-01-14,16:00 - 16:59,1296,gma_kamuning,entry,21.6
2026-01-14,17:00 - 17:59,1606,gma_kamuning,entry,26.766666666666666
2026-01-14,18:00 - 18:59,1368,gma_kamuning,entry,22.8
2026-01-14,19:00 - 19:59,792,gma_kamuning,entry,13.2
2026-01-14,20:00 - 20:59,706,gma_kamuning,entry,11.766666666666667
2026-01-14,21:00 - 21:59,404,gma_kamuning,entry,6.733333333333333
2026-01-14,22:00 - 22:59,147,gma_kamuning,entry,2.45
2026-01-14,23:00 - 23:59,2,gma_kamuning,entry,0.03333333333333333
2026-01-14,00:00 - 00:59,0,gma_kamuning,entry,0.0
2026-01-14,01:00 - 01:59,0,gma_kamuning,entry,0.0
2026-01-14,02:00 - 02:59,0,gma_kamuning,entry,0.0
2026-01-15,03:00 - 03:59,0,gma_kamuning,entry,0.0
2026-01-15,04:00 - 04:59,458,gma_kamuning,entry,7.633333333333334
2026-01-15,05:00 - 05:59,1454,gma_kamuning,entry,24.233333333333334
2026-01-15,06:00 - 06:59,2032,gma_kamuning,entry,33.86666666666667
2026-01-15,07:00 - 07:59,2270,gma_kamuning,entry,37.833333333333336
2026-01-15,08:00 - 08:59,1719,gma_kamuning,entry,28.65
2026-01-15,09:00 - 09:59,1368,gma_kamuning,entry,22.8
2026-01-15,10:00 - 10:59,1040,gma_kamuning,entry,17.333333333333332
2026-01-15,11:00 - 11:59,1203,gma_kamuning,entry,20.05
2026-01-15,12:00 - 12:59,951,gma_kamuning,entry,15.85
2026-01-15,13:00 - 13:59,826,gma_kamuning,entry,13.766666666666667
2026-01-15,14:00 - 14:59,839,gma_kamuning,entry,13.983333333333333
2026-01-15,15:00 - 15:59,868,gma_kamuning,entry,14.466666666666667
2026-01-15,16:00 - 16:59,1295,gma_kamuning,entry,21.583333333333332
2026-01-15,17:00 - 17:59,1576,gma_kamuning,entry,26.266666666666666
2026-01-15,18:00 - 18:59,1350,gma_kamuning,entry,22.5
2026-01-15,19:00 - 19:59,885,gma_kamuning,entry,14.75
2026-01-15,20:00 - 20:59,700,gma_kamuning,entry,11.666666666666666
2026-01-15,21:00 - 21:59,462,gma_kamuning,entry,7.7
2026-01-15,22:00 - 22:59,142,gma_kamuning,entry,2.3666666666666667
2026-01-15,23:00 - 23:59,6,gma_kamuning,entry,0.1
2026-01-15,00:00 - 00:59,0,gma_kamuning,entry,0.0
2026-01-15,01:00 - 01:59,0,gma_kamuning,entry,0.0
2026-01-15,02:00 - 02:59,0,gma_kamuning,entry,0.0
2026-01-16,03:00 - 03:59,0,gma_kamuning,entry,0.0
2026-01-16,04:00 - 04:59,413,gma_kamuning,entry,6.883333333333334
2026-01-16,05:00 - 05:59,1524,gma_kamuning,entry,25.4
2026-01-16,06:00 - 06:59,1982,gma_kamuning,entry,33.03333333333333
2026-01-16,07:00 - 07:59,2055,gma_kamuning,entry,34.25
2026-01-16,08:00 - 08:59,1699,gma_kamuning,entry,28.316666666666666
2026-01-16,09:00 - 09:59,1354,gma_kamuning,entry,22.566666666666666
2026-01-16,10:00 - 10:59,1129,gma_kamuning,entry,18.816666666666666
2026-01-16,11:00 - 11:59,1107,gma_kamuning,entry,18.45
2026-01-16,12:00 - 12:59,1091,gma_kamuning,entry,18.183333333333334
2026-01-16,13:00 - 13:59,988,gma_kamuning,entry,16.466666666666665
2026-01-16,14:00 - 14:59,942,gma_kamuning,entry,15.7
2026-01-16,15:00 - 15:59,911,gma_kamuning,entry,15.183333333333334
2026-01-16,16:00 - 16:59,1538,gma_kamuning,entry,25.633333333333333
2026-01-16,17:00 - 17:59,1703,gma_kamuning,entry,28.383333333333333
2026-01-16,18:00 - 18:59,1286,gma_kamuning,entry,21.433333333333334
2026-01-16,19:00 - 19:59,889,gma_kamuning,entry,14.816666666666666
2026-01-16,20:00 - 20:59,701,gma_kamuning,entry,11.683333333333334
2026-01-16,21:00 - 21:59,457,gma_kamuning,entry,7.616666666666666
2026-01-16,22:00 - 22:59,135,gma_kamuning,entry,2.25
2026-01-16,23:00 - 23:59,3,gma_kamuning,entry,0.05
2026-01-16,00:00 - 00:59,0,gma_kamuning,entry,0.0
2026-01-16,01:00 - 01:59,0,gma_kamuning,entry,0.0
2026-01-16,02:00 - 02:59,0,gma_kamuning,entry,0.0
2026-01-17,03:00 - 03:59,0,gma_kamuning,entry,0.0
2026-01-17,04:00 - 04:59,308,gma_kamuning,entry,5.133333333333334
2026-01-17,05:00 - 05:59,1065,gma_kamuning,entry,17.75
2026-01-17,06:00 - 06:59,1314,gma_kamuning,entry,21.9
2026-01-17,07:00 - 07:59,1153,gma_kamuning,entry,19.216666666666665
2026-01-17,08:00 - 08:59,903,gma_kamuning,entry,15.05
2026-01-17,09:00 - 09:59,990,gma_kamuning,entry,16.5
2026-01-17,10:00 - 10:59,789,gma_kamuning,entry,13.15
2026-01-17,11:00 - 11:59,947,gma_kamuning,entry,15.783333333333333
2026-01-17,12:00 - 12:59,921,gma_kamuning,entry,15.35
2026-01-17,13:00 - 13:59,724,gma_kamuning,entry,12.066666666666666
2026-01-17,14:00 - 14:59,674,gma_kamuning,entry,11.233333333333333
2026-01-17,15:00 - 15:59,766,gma_kamuning,entry,12.766666666666667
2026-01-17,16:00 - 16:59,943,gma_kamuning,entry,15.716666666666667
2026-01-17,17:00 - 17:59,945,gma_kamuning,entry,15.75
2026-01-17,18:00 - 18:59,807,gma_kamuning,entry,13.45
2026-01-17,19:00 - 19:59,593,gma_kamuning,entry,9.883333333333333
2026-01-17,20:00 - 20:59,453,gma_kamuning,entry,7.55
2026-01-17,21:00 - 21:59,205,gma_kamuning,entry,3.4166666666666665
2026-01-17,22:00 - 22:59,4,gma_kamuning,entry,0.06666666666666667
2026-01-17,23:00 - 23:59,0,gma_kamuning,entry,0.0
2026-01-17,00:00 - 00:59,0,gma_kamuning,entry,0.0
2026-01-17,01:00 - 01:59,0,gma_kamuning,entry,0.0
2026-01-17,02:00 - 02:59,0,gma_kamuning,entry,0.0
2026-01-18,03:00 - 03:59,0,gma_kamuning,entry,0.0
2026-01-18,04:00 - 04:59,192,gma_kamuning,entry,3.2
2026-01-18,05:00 - 05:59,568,gma_kamuning,entry,9.466666666666667
2026-01-18,06:00 - 06:59,659,gma_kamuning,entry,10.983333333333333
2026-01-18,07:00 - 07:59,581,gma_kamuning,entry,9.683333333333334
2026-01-18,08:00 - 08:59,655,gma_kamuning,entry,10.916666666666666
2026-01-18,09:00 - 09:59,792,gma_kamuning,entry,13.2
2026-01-18,10:00 - 10:59,634,gma_kamuning,entry,10.566666666666666
2026-01-18,11:00 - 11:59,820,gma_kamuning,entry,13.666666666666666
2026-01-18,12:00 - 12:59,770,gma_kamuning,entry,12.833333333333334
2026-01-18,13:00 - 13:59,545,gma_kamuning,entry,9.083333333333334
2026-01-18,14:00 - 14:59,645,gma_kamuning,entry,10.75
2026-01-18,15:00 - 15:59,559,gma_kamuning,entry,9.316666666666666
2026-01-18,16:00 - 16:59,732,gma_kamuning,entry,12.2
2026-01-18,17:00 - 17:59,768,gma_kamuning,entry,12.8
2026-01-18,18:00 - 18:59,641,gma_kamuning,entry,10.683333333333334
2026-01-18,19:00 - 19:59,631,gma_kamuning,entry,10.516666666666667
2026-01-18,20:00 - 20:59,526,gma_kamuning,entry,8.766666666666667
2026-01-18,21:00 - 21:59,234,gma_kamuning,entry,3.9
2026-01-18,22:00 - 22:59,6,gma_kamuning,entry,0.1
2026-01-18,23:00 - 23:59,0,gma_kamuning,entry,0.0
2026-01-18,00:00 - 00:59,0,gma_kamuning,entry,0.0
2026-01-18,01:00 - 01:59,0,gma_kamuning,entry,0.0
2026-01-18,02:00 - 02:59,0,gma_kamuning,entry,0.0
2026-01-19,03:00 - 03:59,0,gma_kamuning,entry,0.0
2026-01-19,04:00 - 04:59,936,gma_kamuning,entry,15.6
2026-01-19,05:00 - 05:59,2188,gma_kamuning,entry,36.46666666666667
2026-01-19,06:00 - 06:59,2708,gma_kamuning,entry,45.13333333333333
2026-01-19,07:00 - 07:59,2329,gma_kamuning,entry,38.81666666666667
2026-01-19,08:00 - 08:59,2138,gma_kamuning,entry,35.63333333333333
2026-01-19,09:00 - 09:59,1502,gma_kamuning,entry,25.033333333333335
2026-01-19,10:00 - 10:59,1257,gma_kamuning,entry,20.95
2026-01-19,11:00 - 11:59,1166,gma_kamuning,entry,19.433333333333334
2026-01-19,12:00 - 12:59,1247,gma_kamuning,entry,20.783333333333335
2026-01-19,13:00 - 13:59,888,gma_kamuning,entry,14.8
2026-01-19,14:00 - 14:59,967,gma_kamuning,entry,16.116666666666667
2026-01-19,15:00 - 15:59,1089,gma_kamuning,entry,18.15
2026-01-19,16:00 - 16:59,1427,gma_kamuning,entry,23.783333333333335
2026-01-19,17:00 - 17:59,1768,gma_kamuning,entry,29.466666666666665
2026-01-19,18:00 - 18:59,1318,gma_kamuning,entry,21.966666666666665
2026-01-19,19:00 - 19:59,883,gma_kamuning,entry,14.716666666666667
2026-01-19,20:00 - 20:59,714,gma_kamuning,entry,11.9
2026-01-19,21:00 - 21:59,410,gma_kamuning,entry,6.833333333333333
2026-01-19,22:00 - 22:59,137,gma_kamuning,entry,2.283333333333333
2026-01-19,23:00 - 23:59,3,gma_kamuning,entry,0.05
2026-01-19,00:00 - 00:59,0,gma_kamuning,entry,0.0
2026-01-19,01:00 - 01:59,0,gma_kamuning,entry,0.0
2026-01-19,02:00 - 02:59,0,gma_kamuning,entry,0.0
2026-01-20,03:00 - 03:59,0,gma_kamuning,entry,0.0
2026-01-20,04:00 - 04:59,547,gma_kamuning,entry,9.116666666666667
2026-01-20,05:00 - 05:59,1708,gma_kamuning,entry,28.466666666666665
2026-01-20,06:00 - 06:59,2076,gma_kamuning,entry,34.6
2026-01-20,07:00 - 07:59,2421,gma_kamuning,entry,40.35
2026-01-20,08:00 - 08:59,1766,gma_kamuning,entry,29.433333333333334
2026-01-20,09:00 - 09:59,1427,gma_kamuning,entry,23.783333333333335
2026-01-20,10:00 - 10:59,1095,gma_kamuning,entry,18.25
2026-01-20,11:00 - 11:59,1086,gma_kamuning,entry,18.1
2026-01-20,12:00 - 12:59,1094,gma_kamuning,entry,18.233333333333334
2026-01-20,13:00 - 13:59,890,gma_kamuning,entry,14.833333333333334
2026-01-20,14:00 - 14:59,906,gma_kamuning,entry,15.1
2026-01-20,15:00 - 15:59,909,gma_kamuning,entry,15.15
2026-01-20,16:00 - 16:59,1453,gma_kamuning,entry,24.216666666666665
2026-01-20,17:00 - 17:59,1625,gma_kamuning,entry,27.083333333333332
2026-01-20,18:00 - 18:59,1450,gma_kamuning,entry,24.166666666666668
2026-01-20,19:00 - 19:59,920,gma_kamuning,entry,15.333333333333334
2026-01-20,20:00 - 20:59,728,gma_kamuning,entry,12.133333333333333
2026-01-20,21:00 - 21:59,439,gma_kamuning,entry,7.316666666666666
2026-01-20,22:00 - 22:59,139,gma_kamuning,entry,2.316666666666667
2026-01-20,23:00 - 23:59,2,gma_kamuning,entry,0.03333333333333333
2026-01-20,00:00 - 00:59,0,gma_kamuning,entry,0.0
2026-01-20,01:00 - 01:59,0,gma_kamuning,entry,0.0
2026-01-20,02:00 - 02:59,0,gma_kamuning,entry,0.0
2026-01-21,03:00 - 03:59,0,gma_kamuning,entry,0.0
2026-01-21,04:00 - 04:59,443,gma_kamuning,entry,7.383333333333334
2026-01-21,05:00 - 05:59,1520,gma_kamuning,entry,25.333333333333332
2026-01-21,06:00 - 06:59,2120,gma_kamuning,entry,35.333333333333336
2026-01-21,07:00 - 07:59,2317,gma_kamuning,entry,38.61666666666667
2026-01-21,08:00 - 08:59,1633,gma_kamuning,entry,27.216666666666665
2026-01-21,09:00 - 09:59,1451,gma_kamuning,entry,24.183333333333334
2026-01-21,10:00 - 10:59,1072,gma_kamuning,entry,17.866666666666667
2026-01-21,11:00 - 11:59,1096,gma_kamuning,entry,18.266666666666666
2026-01-21,12:00 - 12:59,1092,gma_kamuning,entry,18.2
2026-01-21,13:00 - 13:59,887,gma_kamuning,entry,14.783333333333333
2026-01-21,14:00 - 14:59,855,gma_kamuning,entry,14.25
2026-01-21,15:00 - 15:59,887,gma_kamuning,entry,14.783333333333333
2026-01-21,16:00 - 16:59,1415,gma_kamuning,entry,23.583333333333332
2026-01-21,17:00 - 17:59,1661,gma_kamuning,entry,27.683333333333334
2026-01-21,18:00 - 18:59,1267,gma_kamuning,entry,21.116666666666667
2026-01-21,19:00 - 19:59,900,gma_kamuning,entry,15.0
2026-01-21,20:00 - 20:59,844,gma_kamuning,entry,14.066666666666666
2026-01-21,21:00 - 21:59,411,gma_kamuning,entry,6.85
2026-01-21,22:00 - 22:59,140,gma_kamuning,entry,2.3333333333333335
2026-01-21,23:00 - 23:59,3,gma_kamuning,entry,0.05
2026-01-21,00:00 - 00:59,0,gma_kamuning,entry,0.0
2026-01-21,01:00 - 01:59,0,gma_kamuning,entry,0.0
2026-01-21,02:00 - 02:59,0,gma_kamuning,entry,0.0
2026-01-22,03:00 - 03:59,0,gma_kamuning,entry,0.0
2026-01-22,04:00 - 04:59,504,gma_kamuning,entry,8.4
2026-01-22,05:00 - 05:59,1425,gma_kamuning,entry,23.75
2026-01-22,06:00 - 06:59,2179,gma_kamuning,entry,36.31666666666667
2026-01-22,07:00 - 07:59,2251,gma_kamuning,entry,37.516666666666666
2026-01-22,08:00 - 08:59,1678,gma_kamuning,entry,27.966666666666665
2026-01-22,09:00 - 09:59,1369,gma_kamuning,entry,22.816666666666666
2026-01-22,10:00 - 10:59,1048,gma_kamuning,entry,17.466666666666665
2026-01-22,11:00 - 11:59,1050,gma_kamuning,entry,17.5
2026-01-22,12:00 - 12:59,1054,gma_kamuning,entry,17.566666666666666
2026-01-22,13:00 - 13:59,838,gma_kamuning,entry,13.966666666666667
2026-01-22,14:00 - 14:59,867,gma_kamuning,entry,14.45
2026-01-22,15:00 - 15:59,881,gma_kamuning,entry,14.683333333333334
2026-01-22,16:00 - 16:59,1275,gma_kamuning,entry,21.25
2026-01-22,17:00 - 17:59,1592,gma_kamuning,entry,26.533333333333335
2026-01-22,18:00 - 18:59,1330,gma_kamuning,entry,22.166666666666668
2026-01-22,19:00 - 19:59,887,gma_kamuning,entry,14.783333333333333
2026-01-22,20:00 - 20:59,756,gma_kamuning,entry,12.6
2026-01-22,21:00 - 21:59,413,gma_kamuning,entry,6.883333333333334
2026-01-22,22:00 - 22:59,138,gma_kamuning,entry,2.3
2026-01-22,23:00 - 23:59,3,gma_kamuning,entry,0.05
2026-01-22,00:00 - 00:59,0,gma_kamuning,entry,0.0
2026-01-22,01:00 - 01:59,0,gma_kamuning,entry,0.0
2026-01-22,02:00 - 02:59,0,gma_kamuning,entry,0.0
2026-01-23,03:00 - 03:59,0,gma_kamuning,entry,0.0
2026-01-23,04:00 - 04:59,457,gma_kamuning,entry,7.616666666666666
2026-01-23,05:00 - 05:59,1335,gma_kamuning,entry,22.25
2026-01-23,06:00 - 06:59,1921,gma_kamuning,entry,32.016666666666666
2026-01-23,07:00 - 07:59,2197,gma_kamuning,entry,36.61666666666667
2026-01-23,08:00 - 08:59,1604,gma_kamuning,entry,26.733333333333334
2026-01-23,09:00 - 09:59,1356,gma_kamuning,entry,22.6
2026-01-23,10:00 - 10:59,1093,gma_kamuning,entry,18.216666666666665
2026-01-23,11:00 - 11:59,1164,gma_kamuning,entry,19.4
2026-01-23,12:00 - 12:59,1138,gma_kamuning,entry,18.966666666666665
2026-01-23,13:00 - 13:59,937,gma_kamuning,entry,15.616666666666667
2026-01-23,14:00 - 14:59,1023,gma_kamuning,entry,17.05
2026-01-23,15:00 - 15:59,998,gma_kamuning,entry,16.633333333333333
2026-01-23,16:00 - 16:59,1393,gma_kamuning,entry,23.216666666666665
2026-01-23,17:00 - 17:59,1607,gma_kamuning,entry,26.783333333333335
2026-01-23,18:00 - 18:59,1279,gma_kamuning,entry,21.316666666666666
2026-01-23,19:00 - 19:59,874,gma_kamuning,entry,14.566666666666666
2026-01-23,20:00 - 20:59,689,gma_kamuning,entry,11.483333333333333
2026-01-23,21:00 - 21:59,431,gma_kamuning,entry,7.183333333333334
2026-01-23,22:00 - 22:59,148,gma_kamuning,entry,2.466666666666667
2026-01-23,23:00 - 23:59,3,gma_kamuning,entry,0.05
2026-01-23,00:00 - 00:59,0,gma_kamuning,entry,0.0
2026-01-23,01:00 - 01:59,0,gma_kamuning,entry,0.0
2026-01-23,02:00 - 02:59,0,gma_kamuning,entry,0.0
2026-01-24,03:00 - 03:59,0,gma_kamuning,entry,0.0
2026-01-24,04:00 - 04:59,334,gma_kamuning,entry,5.566666666666666
2026-01-24,05:00 - 05:59,1072,gma_kamuning,entry,17.866666666666667
2026-01-24,06:00 - 06:59,1308,gma_kamuning,entry,21.8
2026-01-24,07:00 - 07:59,1089,gma_kamuning,entry,18.15
2026-01-24,08:00 - 08:59,992,gma_kamuning,entry,16.533333333333335
2026-01-24,09:00 - 09:59,961,gma_kamuning,entry,16.016666666666666
2026-01-24,10:00 - 10:59,875,gma_kamuning,entry,14.583333333333334
2026-01-24,11:00 - 11:59,923,gma_kamuning,entry,15.383333333333333
2026-01-24,12:00 - 12:59,915,gma_kamuning,entry,15.25
2026-01-24,13:00 - 13:59,792,gma_kamuning,entry,13.2
2026-01-24,14:00 - 14:59,639,gma_kamuning,entry,10.65
2026-01-24,15:00 - 15:59,704,gma_kamuning,entry,11.733333333333333
2026-01-24,16:00 - 16:59,941,gma_kamuning,entry,15.683333333333334
2026-01-24,17:00 - 17:59,987,gma_kamuning,entry,16.45
2026-01-24,18:00 - 18:59,763,gma_kamuning,entry,12.716666666666667
2026-01-24,19:00 - 19:59,611,gma_kamuning,entry,10.183333333333334
2026-01-24,20:00 - 20:59,494,gma_kamuning,entry,8.233333333333333
2026-01-24,21:00 - 21:59,213,gma_kamuning,entry,3.55
2026-01-24,22:00 - 22:59,10,gma_kamuning,entry,0.16666666666666666
2026-01-24,23:00 - 23:59,0,gma_kamuning,entry,0.0
2026-01-24,00:00 - 00:59,0,gma_kamuning,entry,0.0
2026-01-24,01:00 - 01:59,0,gma_kamuning,entry,0.0
2026-01-24,02:00 - 02:59,0,gma_kamuning,entry,0.0
2026-01-25,03:00 - 03:59,0,gma_kamuning,entry,0.0
2026-01-25,04:00 - 04:59,206,gma_kamuning,entry,3.433333333333333
2026-01-25,05:00 - 05:59,530,gma_kamuning,entry,8.833333333333334
2026-01-25,06:00 - 06:59,716,gma_kamuning,entry,11.933333333333334
2026-01-25,07:00 - 07:59,583,gma_kamuning,entry,9.716666666666667
2026-01-25,08:00 - 08:59,703,gma_kamuning,entry,11.716666666666667
2026-01-25,09:00 - 09:59,783,gma_kamuning,entry,13.05
2026-01-25,10:00 - 10:59,677,gma_kamuning,entry,11.283333333333333
2026-01-25,11:00 - 11:59,661,gma_kamuning,entry,11.016666666666667
2026-01-25,12:00 - 12:59,739,gma_kamuning,entry,12.316666666666666
2026-01-25,13:00 - 13:59,631,gma_kamuning,entry,10.516666666666667
2026-01-25,14:00 - 14:59,635,gma_kamuning,entry,10.583333333333334
2026-01-25,15:00 - 15:59,688,gma_kamuning,entry,11.466666666666667
2026-01-25,16:00 - 16:59,778,gma_kamuning,entry,12.966666666666667
2026-01-25,17:00 - 17:59,767,gma_kamuning,entry,12.783333333333333
2026-01-25,18:00 - 18:59,713,gma_kamuning,entry,11.883333333333333
2026-01-25,19:00 - 19:59,552,gma_kamuning,entry,9.2
2026-01-25,20:00 - 20:59,511,gma_kamuning,entry,8.516666666666667
2026-01-25,21:00 - 21:59,244,gma_kamuning,entry,4.066666666666666
2026-01-25,22:00 - 22:59,5,gma_kamuning,entry,0.08333333333333333
2026-01-25,23:00 - 23:59,0,gma_kamuning,entry,0.0
2026-01-25,00:00 - 00:59,0,gma_kamuning,entry,0.0
2026-01-25,01:00 - 01:59,0,gma_kamuning,entry,0.0
2026-01-25,02:00 - 02:59,0,gma_kamuning,entry,0.0
2026-01-26,03:00 - 03:59,0,gma_kamuning,entry,0.0
2026-01-26,04:00 - 04:59,906,gma_kamuning,entry,15.1
2026-01-26,05:00 - 05:59,2103,gma_kamuning,entry,35.05
2026-01-26,06:00 - 06:59,2502,gma_kamuning,entry,41.7
2026-01-26,07:00 - 07:59,2540,gma_kamuning,entry,42.333333333333336
2026-01-26,08:00 - 08:59,1998,gma_kamuning,entry,33.3
2026-01-26,09:00 - 09:59,1434,gma_kamuning,entry,23.9
2026-01-26,10:00 - 10:59,1145,gma_kamuning,entry,19.083333333333332
2026-01-26,11:00 - 11:59,1165,gma_kamuning,entry,19.416666666666668
2026-01-26,12:00 - 12:59,1131,gma_kamuning,entry,18.85
2026-01-26,13:00 - 13:59,984,gma_kamuning,entry,16.4
2026-01-26,14:00 - 14:59,963,gma_kamuning,entry,16.05
2026-01-26,15:00 - 15:59,939,gma_kamuning,entry,15.65
2026-01-26,16:00 - 16:59,1423,gma_kamuning,entry,23.716666666666665
2026-01-26,17:00 - 17:59,1628,gma_kamuning,entry,27.133333333333333
2026-01-26,18:00 - 18:59,1294,gma_kamuning,entry,21.566666666666666
2026-01-26,19:00 - 19:59,838,gma_kamuning,entry,13.966666666666667
2026-01-26,20:00 - 20:59,785,gma_kamuning,entry,13.083333333333334
2026-01-26,21:00 - 21:59,405,gma_kamuning,entry,6.75
2026-01-26,22:00 - 22:59,138,gma_kamuning,entry,2.3
2026-01-26,23:00 - 23:59,3,gma_kamuning,entry,0.05
2026-01-26,00:00 - 00:59,0,gma_kamuning,entry,0.0
2026-01-26,01:00 - 01:59,0,gma_kamuning,entry,0.0
2026-01-26,02:00 - 02:59,0,gma_kamuning,entry,0.0
2026-01-27,03:00 - 03:59,0,gma_kamuning,entry,0.0
2026-01-27,04:00 - 04:59,449,gma_kamuning,entry,7.483333333333333
2026-01-27,05:00 - 05:59,1722,gma_kamuning,entry,28.7
2026-01-27,06:00 - 06:59,2145,gma_kamuning,entry,35.75
2026-01-27,07:00 - 07:59,2486,gma_kamuning,entry,41.43333333333333
2026-01-27,08:00 - 08:59,1628,gma_kamuning,entry,27.133333333333333
2026-01-27,09:00 - 09:59,1446,gma_kamuning,entry,24.1
2026-01-27,10:00 - 10:59,1067,gma_kamuning,entry,17.783333333333335
2026-01-27,11:00 - 11:59,1187,gma_kamuning,entry,19.783333333333335
2026-01-27,12:00 - 12:59,1180,gma_kamuning,entry,19.666666666666668
2026-01-27,13:00 - 13:59,843,gma_kamuning,entry,14.05
2026-01-27,14:00 - 14:59,879,gma_kamuning,entry,14.65
2026-01-27,15:00 - 15:59,901,gma_kamuning,entry,15.016666666666667
2026-01-27,16:00 - 16:59,1345,gma_kamuning,entry,22.416666666666668
2026-01-27,17:00 - 17:59,1622,gma_kamuning,entry,27.033333333333335
2026-01-27,18:00 - 18:59,1343,gma_kamuning,entry,22.383333333333333
2026-01-27,19:00 - 19:59,891,gma_kamuning,entry,14.85
2026-01-27,20:00 - 20:59,763,gma_kamuning,entry,12.716666666666667
2026-01-27,21:00 - 21:59,495,gma_kamuning,entry,8.25
2026-01-27,22:00 - 22:59,113,gma_kamuning,entry,1.8833333333333333
2026-01-27,23:00 - 23:59,2,gma_kamuning,entry,0.03333333333333333
2026-01-27,00:00 - 00:59,0,gma_kamuning,entry,0.0
2026-01-27,01:00 - 01:59,0,gma_kamuning,entry,0.0
2026-01-27,02:00 - 02:59,0,gma_kamuning,entry,0.0
2026-01-28,03:00 - 03:59,0,gma_kamuning,entry,0.0
2026-01-28,04:00 - 04:59,493,gma_kamuning,entry,8.216666666666667
2026-01-28,05:00 - 05:59,1475,gma_kamuning,entry,24.583333333333332
2026-01-28,06:00 - 06:59,2141,gma_kamuning,entry,35.68333333333333
2026-01-28,07:00 - 07:59,2277,gma_kamuning,entry,37.95
2026-01-28,08:00 - 08:59,1756,gma_kamuning,entry,29.266666666666666
2026-01-28,09:00 - 09:59,1366,gma_kamuning,entry,22.766666666666666
2026-01-28,10:00 - 10:59,1116,gma_kamuning,entry,18.6
2026-01-28,11:00 - 11:59,1038,gma_kamuning,entry,17.3
2026-01-28,12:00 - 12:59,1109,gma_kamuning,entry,18.483333333333334
2026-01-28,13:00 - 13:59,867,gma_kamuning,entry,14.45
2026-01-28,14:00 - 14:59,810,gma_kamuning,entry,13.5
2026-01-28,15:00 - 15:59,857,gma_kamuning,entry,14.283333333333333
2026-01-28,16:00 - 16:59,1320,gma_kamuning,entry,22.0
2026-01-28,17:00 - 17:59,1582,gma_kamuning,entry,26.366666666666667
2026-01-28,18:00 - 18:59,1338,gma_kamuning,entry,22.3
2026-01-28,19:00 - 19:59,910,gma_kamuning,entry,15.166666666666666
2026-01-28,20:00 - 20:59,735,gma_kamuning,entry,12.25
2026-01-28,21:00 - 21:59,446,gma_kamuning,entry,7.433333333333334
2026-01-28,22:00 - 22:59,146,gma_kamuning,entry,2.433333333333333
2026-01-28,23:00 - 23:59,4,gma_kamuning,entry,0.06666666666666667
2026-01-28,00:00 - 00:59,0,gma_kamuning,entry,0.0
2026-01-28,01:00 - 01:59,0,gma_kamuning,entry,0.0
2026-01-28,02:00 - 02:59,0,gma_kamuning,entry,0.0
2026-01-29,03:00 - 03:59,0,gma_kamuning,entry,0.0
2026-01-29,04:00 - 04:59,469,gma_kamuning,entry,7.816666666666666
2026-01-29,05:00 - 05:59,1400,gma_kamuning,entry,23.333333333333332
2026-01-29,06:00 - 06:59,2074,gma_kamuning,entry,34.56666666666667
2026-01-29,07:00 - 07:59,2229,gma_kamuning,entry,37.15
2026-01-29,08:00 - 08:59,1748,gma_kamuning,entry,29.133333333333333
2026-01-29,09:00 - 09:59,1502,gma_kamuning,entry,25.033333333333335
2026-01-29,10:00 - 10:59,1121,gma_kamuning,entry,18.683333333333334
2026-01-29,11:00 - 11:59,1031,gma_kamuning,entry,17.183333333333334
2026-01-29,12:00 - 12:59,1080,gma_kamuning,entry,18.0
2026-01-29,13:00 - 13:59,781,gma_kamuning,entry,13.016666666666667
2026-01-29,14:00 - 14:59,901,gma_kamuning,entry,15.016666666666667
2026-01-29,15:00 - 15:59,837,gma_kamuning,entry,13.95
2026-01-29,16:00 - 16:59,1244,gma_kamuning,entry,20.733333333333334
2026-01-29,17:00 - 17:59,1642,gma_kamuning,entry,27.366666666666667
2026-01-29,18:00 - 18:59,1268,gma_kamuning,entry,21.133333333333333
2026-01-29,19:00 - 19:59,902,gma_kamuning,entry,15.033333333333333
2026-01-29,20:00 - 20:59,707,gma_kamuning,entry,11.783333333333333
2026-01-29,21:00 - 21:59,444,gma_kamuning,entry,7.4
2026-01-29,22:00 - 22:59,160,gma_kamuning,entry,2.6666666666666665
2026-01-29,23:00 - 23:59,2,gma_kamuning,entry,0.03333333333333333
2026-01-29,00:00 - 00:59,0,gma_kamuning,entry,0.0
2026-01-29,01:00 - 01:59,0,gma_kamuning,entry,0.0
2026-01-29,02:00 - 02:59,0,gma_kamuning,entry,0.0
2026-01-30,03:00 - 03:59,0,gma_kamuning,entry,0.0
2026-01-30,04:00 - 04:59,473,gma_kamuning,entry,7.883333333333334
2026-01-30,05:00 - 05:59,1394,gma_kamuning,entry,23.233333333333334
2026-01-30,06:00 - 06:59,2002,gma_kamuning,entry,33.36666666666667
2026-01-30,07:00 - 07:59,1946,gma_kamuning,entry,32.43333333333333
2026-01-30,08:00 - 08:59,1782,gma_kamuning,entry,29.7
2026-01-30,09:00 - 09:59,1402,gma_kamuning,entry,23.366666666666667
2026-01-30,10:00 - 10:59,1011,gma_kamuning,entry,16.85
2026-01-30,11:00 - 11:59,1213,gma_kamuning,entry,20.216666666666665
2026-01-30,12:00 - 12:59,1195,gma_kamuning,entry,19.916666666666668
2026-01-30,13:00 - 13:59,823,gma_kamuning,entry,13.716666666666667
2026-01-30,14:00 - 14:59,928,gma_kamuning,entry,15.466666666666667
2026-01-30,15:00 - 15:59,933,gma_kamuning,entry,15.55
2026-01-30,16:00 - 16:59,1428,gma_kamuning,entry,23.8
2026-01-30,17:00 - 17:59,1575,gma_kamuning,entry,26.25
2026-01-30,18:00 - 18:59,1338,gma_kamuning,entry,22.3
2026-01-30,19:00 - 19:59,855,gma_kamuning,entry,14.25
2026-01-30,20:00 - 20:59,753,gma_kamuning,entry,12.55
2026-01-30,21:00 - 21:59,436,gma_kamuning,entry,7.266666666666667
2026-01-30,22:00 - 22:59,170,gma_kamuning,entry,2.8333333333333335
2026-01-30,23:00 - 23:59,5,gma_kamuning,entry,0.08333333333333333
2026-01-30,00:00 - 00:59,0,gma_kamuning,entry,0.0
2026-01-30,01:00 - 01:59,0,gma_kamuning,entry,0.0
2026-01-30,02:00 - 02:59,0,gma_kamuning,entry,0.0
2026-01-31,03:00 - 03:59,0,gma_kamuning,entry,0.0
2026-01-31,04:00 - 04:59,344,gma_kamuning,entry,5.733333333333333
2026-01-31,05:00 - 05:59,1067,gma_kamuning,entry,17.783333333333335
2026-01-31,06:00 - 06:59,1324,gma_kamuning,entry,22.066666666666666
2026-01-31,07:00 - 07:59,1138,gma_kamuning,entry,18.966666666666665
2026-01-31,08:00 - 08:59,946,gma_kamuning,entry,15.766666666666667
2026-01-31,09:00 - 09:59,1040,gma_kamuning,entry,17.333333333333332
2026-01-31,10:00 - 10:59,743,gma_kamuning,entry,12.383333333333333
2026-01-31,11:00 - 11:59,959,gma_kamuning,entry,15.983333333333333
2026-01-31,12:00 - 12:59,937,gma_kamuning,entry,15.616666666666667
2026-01-31,13:00 - 13:59,799,gma_kamuning,entry,13.316666666666666
2026-01-31,14:00 - 14:59,704,gma_kamuning,entry,11.733333333333333
2026-01-31,15:00 - 15:59,863,gma_kamuning,entry,14.383333333333333
2026-01-31,16:00 - 16:59,1035,gma_kamuning,entry,17.25
2026-01-31,17:00 - 17:59,988,gma_kamuning,entry,16.466666666666665
2026-01-31,18:00 - 18:59,806,gma_kamuning,entry,13.433333333333334
2026-01-31,19:00 - 19:59,591,gma_kamuning,entry,9.85
2026-01-31,20:00 - 20:59,544,gma_kamuning,entry,9.066666666666666
2026-01-31,21:00 - 21:59,226,gma_kamuning,entry,3.7666666666666666
2026-01-31,22:00 - 22:59,6,gma_kamuning,entry,0.1
2026-01-31,23:00 - 23:59,0,gma_kamuning,entry,0.0
2026-01-31,00:00 - 00:59,0,gma_kamuning,entry,0.0
2026-01-31,01:00 - 01:59,0,gma_kamuning,entry,0.0
2026-01-31,02:00 - 02:59,0,gma_kamuning,entry,0.0
2026-01-01,03:00 - 03:59,0,gma_kamuning,exit,0.0
2026-01-01,04:00 - 04:59,0,gma_kamuning,exit,0.0
2026-01-01,05:00 - 05:59,0,gma_kamuning,exit,0.0
2026-01-01,06:00 - 06:59,140,gma_kamuning,exit,0.0
2026-01-01,07:00 - 07:59,462,gma_kamuning,exit,0.0
2026-01-01,08:00 - 08:59,372,gma_kamuning,exit,0.0
2026-01-01,09:00 - 09:59,401,gma_kamuning,exit,0.0
2026-01-01,10:00 - 10:59,354,gma_kamuning,exit,0.0
2026-01-01,11:00 - 11:59,405,gma_kamuning,exit,0.0
2026-01-01,12:00 - 12:59,395,gma_kamuning,exit,0.0
2026-01-01,13:00 - 13:59,416,gma_kamuning,exit,0.0
2026-01-01,14:00 - 14:59,501,gma_kamuning,exit,0.0
2026-01-01,15:00 - 15:59,497,gma_kamuning,exit,0.0
2026-01-01,16:00 - 16:59,564,gma_kamuning,exit,0.0
2026-01-01,17:00 - 17:59,550,gma_kamuning,exit,0.0
2026-01-01,18:00 - 18:59,587,gma_kamuning,exit,0.0
2026-01-01,19:00 - 19:59,577,gma_kamuning,exit,0.0
2026-01-01,20:00 - 20:59,460,gma_kamuning,exit,0.0
2026-01-01,21:00 - 21:59,462,gma_kamuning,exit,0.0
2026-01-01,22:00 - 22:59,475,gma_kamuning,exit,0.0
2026-01-01,23:00 - 23:59,111,gma_kamuning,exit,0.0
2026-01-01,00:00 - 00:59,0,gma_kamuning,exit,0.0
2026-01-01,01:00 - 01:59,0,gma_kamuning,exit,0.0
2026-01-01,02:00 - 02:59,0,gma_kamuning,exit,0.0
2026-01-02,03:00 - 03:59,0,gma_kamuning,exit,0.0
2026-01-02,04:00 - 04:59,6,gma_kamuning,exit,0.0
2026-01-02,05:00 - 05:59,262,gma_kamuning,exit,0.0
2026-01-02,06:00 - 06:59,461,gma_kamuning,exit,0.0
2026-01-02,07:00 - 07:59,624,gma_kamuning,exit,0.0
2026-01-02,08:00 - 08:59,559,gma_kamuning,exit,0.0
2026-01-02,09:00 - 09:59,423,gma_kamuning,exit,0.0
2026-01-02,10:00 - 10:59,486,gma_kamuning,exit,0.0
2026-01-02,11:00 - 11:59,407,gma_kamuning,exit,0.0
2026-01-02,12:00 - 12:59,482,gma_kamuning,exit,0.0
2026-01-02,13:00 - 13:59,483,gma_kamuning,exit,0.0
2026-01-02,14:00 - 14:59,631,gma_kamuning,exit,0.0
2026-01-02,15:00 - 15:59,722,gma_kamuning,exit,0.0
2026-01-02,16:00 - 16:59,1025,gma_kamuning,exit,0.0
2026-01-02,17:00 - 17:59,1326,gma_kamuning,exit,0.0
2026-01-02,18:00 - 18:59,1418,gma_kamuning,exit,0.0
2026-01-02,19:00 - 19:59,1117,gma_kamuning,exit,0.0
2026-01-02,20:00 - 20:59,727,gma_kamuning,exit,0.0
2026-01-02,21:00 - 21:59,722,gma_kamuning,exit,0.0
2026-01-02,22:00 - 22:59,603,gma_kamuning,exit,0.0
2026-01-02,23:00 - 23:59,163,gma_kamuning,exit,0.0
2026-01-02,00:00 - 00:59,0,gma_kamuning,exit,0.0
2026-01-02,01:00 - 01:59,0,gma_kamuning,exit,0.0
2026-01-02,02:00 - 02:59,0,gma_kamuning,exit,0.0
2026-01-03,03:00 - 03:59,0,gma_kamuning,exit,0.0
2026-01-03,04:00 - 04:59,2,gma_kamuning,exit,0.0
2026-01-03,05:00 - 05:59,231,gma_kamuning,exit,0.0
2026-01-03,06:00 - 06:59,538,gma_kamuning,exit,0.0
2026-01-03,07:00 - 07:59,640,gma_kamuning,exit,0.0
2026-01-03,08:00 - 08:59,624,gma_kamuning,exit,0.0
2026-01-03,09:00 - 09:59,512,gma_kamuning,exit,0.0
2026-01-03,10:00 - 10:59,406,gma_kamuning,exit,0.0
2026-01-03,11:00 - 11:59,490,gma_kamuning,exit,0.0
2026-01-03,12:00 - 12:59,514,gma_kamuning,exit,0.0
2026-01-03,13:00 - 13:59,546,gma_kamuning,exit,0.0
2026-01-03,14:00 - 14:59,616,gma_kamuning,exit,0.0
2026-01-03,15:00 - 15:59,799,gma_kamuning,exit,0.0
2026-01-03,16:00 - 16:59,1274,gma_kamuning,exit,0.0
2026-01-03,17:00 - 17:59,1298,gma_kamuning,exit,0.0
2026-01-03,18:00 - 18:59,1044,gma_kamuning,exit,0.0
2026-01-03,19:00 - 19:59,1034,gma_kamuning,exit,0.0
2026-01-03,20:00 - 20:59,774,gma_kamuning,exit,0.0
2026-01-03,21:00 - 21:59,777,gma_kamuning,exit,0.0
2026-01-03,22:00 - 22:59,477,gma_kamuning,exit,0.0
2026-01-03,23:00 - 23:59,0,gma_kamuning,exit,0.0
2026-01-03,00:00 - 00:59,0,gma_kamuning,exit,0.0
2026-01-03,01:00 - 01:59,0,gma_kamuning,exit,0.0
2026-01-03,03:00 - 03:59,0,gma_kamuning,exit,0.0
2026-01-04,03:00 - 03:59,0,gma_kamuning,exit,0.0
2026-01-04,04:00 - 04:59,4,gma_kamuning,exit,0.0
2026-01-04,05:00 - 05:59,200,gma_kamuning,exit,0.0
2026-01-04,06:00 - 06:59,392,gma_kamuning,exit,0.0
2026-01-04,07:00 - 07:59,532,gma_kamuning,exit,0.0
2026-01-04,08:00 - 08:59,449,gma_kamuning,exit,0.0
2026-01-04,09:00 - 09:59,434,gma_kamuning,exit,0.0
2026-01-04,10:00 - 10:59,440,gma_kamuning,exit,0.0
2026-01-04,11:00 - 11:59,402,gma_kamuning,exit,0.0
2026-01-04,12:00 - 12:59,465,gma_kamuning,exit,0.0
2026-01-04,13:00 - 13:59,562,gma_kamuning,exit,0.0
2026-01-04,14:00 - 14:59,668,gma_kamuning,exit,0.0
2026-01-04,15:00 - 15:59,811,gma_kamuning,exit,0.0
2026-01-04,16:00 - 16:59,760,gma_kamuning,exit,0.0
2026-01-04,17:00 - 17:59,805,gma_kamuning,exit,0.0
2026-01-04,18:00 - 18:59,876,gma_kamuning,exit,0.0
2026-01-04,19:00 - 19:59,887,gma_kamuning,exit,0.0
2026-01-04,20:00 - 20:59,806,gma_kamuning,exit,0.0
2026-01-04,21:00 - 21:59,677,gma_kamuning,exit,0.0
2026-01-04,22:00 - 22:59,400,gma_kamuning,exit,0.0
2026-01-04,23:00 - 23:59,0,gma_kamuning,exit,0.0
2026-01-04,00:00 - 00:59,0,gma_kamuning,exit,0.0
2026-01-04,01:00 - 01:59,0,gma_kamuning,exit,0.0
2026-01-04,02:00 - 02:59,0,gma_kamuning,exit,0.0
2026-01-05,03:00 - 03:59,0,gma_kamuning,exit,0.0
2026-01-05,04:00 - 04:59,5,gma_kamuning,exit,0.0
2026-01-05,05:00 - 05:59,276,gma_kamuning,exit,0.0
2026-01-05,06:00 - 06:59,994,gma_kamuning,exit,0.0
2026-01-05,07:00 - 07:59,1643,gma_kamuning,exit,0.0
2026-01-05,08:00 - 08:59,1190,gma_kamuning,exit,0.0
2026-01-05,09:00 - 09:59,859,gma_kamuning,exit,0.0
2026-01-05,10:00 - 10:59,727,gma_kamuning,exit,0.0
2026-01-05,11:00 - 11:59,665,gma_kamuning,exit,0.0
2026-01-05,12:00 - 12:59,762,gma_kamuning,exit,0.0
2026-01-05,13:00 - 13:59,737,gma_kamuning,exit,0.0
2026-01-05,14:00 - 14:59,878,gma_kamuning,exit,0.0
2026-01-05,15:00 - 15:59,1006,gma_kamuning,exit,0.0
2026-01-05,16:00 - 16:59,1711,gma_kamuning,exit,0.0
2026-01-05,17:00 - 17:59,2178,gma_kamuning,exit,0.0
2026-01-05,18:00 - 18:59,2206,gma_kamuning,exit,0.0
2026-01-05,19:00 - 19:59,2194,gma_kamuning,exit,0.0
2026-01-05,20:00 - 20:59,1130,gma_kamuning,exit,0.0
2026-01-05,21:00 - 21:59,875,gma_kamuning,exit,0.0
2026-01-05,22:00 - 22:59,566,gma_kamuning,exit,0.0
2026-01-05,23:00 - 23:59,137,gma_kamuning,exit,0.0
2026-01-05,00:00 - 00:59,0,gma_kamuning,exit,0.0
2026-01-05,01:00 - 01:59,0,gma_kamuning,exit,0.0
2026-01-05,03:00 - 03:59,0,gma_kamuning,exit,0.0
2026-01-06,03:00 - 03:59,0,gma_kamuning,exit,0.0
2026-01-06,04:00 - 04:59,5,gma_kamuning,exit,0.0
2026-01-06,05:00 - 05:59,399,gma_kamuning,exit,0.0
2026-01-06,06:00 - 06:59,1183,gma_kamuning,exit,0.0
2026-01-06,07:00 - 07:59,1587,gma_kamuning,exit,0.0
2026-01-06,08:00 - 08:59,1255,gma_kamuning,exit,0.0
2026-01-06,09:00 - 09:59,888,gma_kamuning,exit,0.0
2026-01-06,10:00 - 10:59,797,gma_kamuning,exit,0.0
2026-01-06,11:00 - 11:59,632,gma_kamuning,exit,0.0
2026-01-06,12:00 - 12:59,688,gma_kamuning,exit,0.0
2026-01-06,13:00 - 13:59,722,gma_kamuning,exit,0.0
2026-01-06,14:00 - 14:59,849,gma_kamuning,exit,0.0
2026-01-06,15:00 - 15:59,1071,gma_kamuning,exit,0.0
2026-01-06,16:00 - 16:59,1592,gma_kamuning,exit,0.0
2026-01-06,17:00 - 17:59,2462,gma_kamuning,exit,0.0
2026-01-06,18:00 - 18:59,2379,gma_kamuning,exit,0.0
2026-01-06,19:00 - 19:59,2042,gma_kamuning,exit,0.0
2026-01-06,20:00 - 20:59,1222,gma_kamuning,exit,0.0
2026-01-06,21:00 - 21:59,941,gma_kamuning,exit,0.0
2026-01-06,22:00 - 22:59,573,gma_kamuning,exit,0.0
2026-01-06,23:00 - 23:59,143,gma_kamuning,exit,0.0
2026-01-06,00:00 - 00:59,0,gma_kamuning,exit,0.0
2026-01-06,01:00 - 01:59,0,gma_kamuning,exit,0.0
2026-01-06,02:00 - 02:59,0,gma_kamuning,exit,0.0
2026-01-07,03:00 - 03:59,0,gma_kamuning,exit,0.0
2026-01-07,04:00 - 04:59,5,gma_kamuning,exit,0.0
2026-01-07,05:00 - 05:59,407,gma_kamuning,exit,0.0
2026-01-07,06:00 - 06:59,1092,gma_kamuning,exit,0.0
2026-01-07,07:00 - 07:59,1523,gma_kamuning,exit,0.0
2026-01-07,08:00 - 08:59,1325,gma_kamuning,exit,0.0
2026-01-07,09:00 - 09:59,874,gma_kamuning,exit,0.0
2026-01-07,10:00 - 10:59,720,gma_kamuning,exit,0.0
2026-01-07,11:00 - 11:59,670,gma_kamuning,exit,0.0
2026-01-07,12:00 - 12:59,667,gma_kamuning,exit,0.0
2026-01-07,13:00 - 13:59,735,gma_kamuning,exit,0.0
2026-01-07,14:00 - 14:59,827,gma_kamuning,exit,0.0
2026-01-07,15:00 - 15:59,1117,gma_kamuning,exit,0.0
2026-01-07,16:00 - 16:59,1698,gma_kamuning,exit,0.0
2026-01-07,17:00 - 17:59,2155,gma_kamuning,exit,0.0
2026-01-07,18:00 - 18:59,2639,gma_kamuning,exit,0.0
2026-01-07,19:00 - 19:59,1965,gma_kamuning,exit,0.0
2026-01-07,20:00 - 20:59,1207,gma_kamuning,exit,0.0
2026-01-07,21:00 - 21:59,1098,gma_kamuning,exit,0.0
2026-01-07,22:00 - 22:59,639,gma_kamuning,exit,0.0
2026-01-07,23:00 - 23:59,140,gma_kamuning,exit,0.0
2026-01-07,00:00 - 00:59,0,gma_kamuning,exit,0.0
2026-01-07,01:00 - 01:59,0,gma_kamuning,exit,0.0
2026-01-07,02:00 - 02:59,0,gma_kamuning,exit,0.0
2026-01-08,03:00 - 03:59,0,gma_kamuning,exit,0.0
2026-01-08,04:00 - 04:59,3,gma_kamuning,exit,0.0
2026-01-08,05:00 - 05:59,437,gma_kamuning,exit,0.0
2026-01-08,06:00 - 06:59,1116,gma_kamuning,exit,0.0
2026-01-08,07:00 - 07:59,1564,gma_kamuning,exit,0.0
2026-01-08,08:00 - 08:59,1267,gma_kamuning,exit,0.0
2026-01-08,09:00 - 09:59,865,gma_kamuning,exit,0.0
2026-01-08,10:00 - 10:59,717,gma_kamuning,exit,0.0
2026-01-08,11:00 - 11:59,671,gma_kamuning,exit,0.0
2026-01-08,12:00 - 12:59,676,gma_kamuning,exit,0.0
2026-01-08,13:00 - 13:59,694,gma_kamuning,exit,0.0
2026-01-08,14:00 - 14:59,814,gma_kamuning,exit,0.0
2026-01-08,15:00 - 15:59,1113,gma_kamuning,exit,0.0
2026-01-08,16:00 - 16:59,1500,gma_kamuning,exit,0.0
2026-01-08,17:00 - 17:59,2348,gma_kamuning,exit,0.0
2026-01-08,18:00 - 18:59,2562,gma_kamuning,exit,0.0
2026-01-08,19:00 - 19:59,1964,gma_kamuning,exit,0.0
2026-01-08,20:00 - 20:59,1234,gma_kamuning,exit,0.0
2026-01-08,21:00 - 21:59,1117,gma_kamuning,exit,0.0
2026-01-08,22:00 - 22:59,536,gma_kamuning,exit,0.0
2026-01-08,23:00 - 23:59,198,gma_kamuning,exit,0.0
2026-01-08,00:00 - 00:59,0,gma_kamuning,exit,0.0
2026-01-08,01:00 - 01:59,0,gma_kamuning,exit,0.0
2026-01-08,02:00 - 02:59,0,gma_kamuning,exit,0.0
2026-01-09,03:00 - 03:59,0,gma_kamuning,exit,0.0
2026-01-09,04:00 - 04:59,6,gma_kamuning,exit,0.0
2026-01-09,05:00 - 05:59,402,gma_kamuning,exit,0.0
2026-01-09,06:00 - 06:59,1068,gma_kamuning,exit,0.0
2026-01-09,07:00 - 07:59,1631,gma_kamuning,exit,0.0
2026-01-09,08:00 - 08:59,1215,gma_kamuning,exit,0.0
2026-01-09,09:00 - 09:59,846,gma_kamuning,exit,0.0
2026-01-09,10:00 - 10:59,714,gma_kamuning,exit,0.0
2026-01-09,11:00 - 11:59,634,gma_kamuning,exit,0.0
2026-01-09,12:00 - 12:59,761,gma_kamuning,exit,0.0
2026-01-09,13:00 - 13:59,738,gma_kamuning,exit,0.0
2026-01-09,14:00 - 14:59,914,gma_kamuning,exit,0.0
2026-01-09,15:00 - 15:59,1089,gma_kamuning,exit,0.0
2026-01-09,16:00 - 16:59,1632,gma_kamuning,exit,0.0
2026-01-09,17:00 - 17:59,2360,gma_kamuning,exit,0.0
2026-01-09,18:00 - 18:59,2429,gma_kamuning,exit,0.0
2026-01-09,19:00 - 19:59,2082,gma_kamuning,exit,0.0
2026-01-09,20:00 - 20:59,1432,gma_kamuning,exit,0.0
2026-01-09,21:00 - 21:59,1052,gma_kamuning,exit,0.0
2026-01-09,22:00 - 22:59,823,gma_kamuning,exit,0.0
2026-01-09,23:00 - 23:59,221,gma_kamuning,exit,0.0
2026-01-09,00:00 - 00:59,0,gma_kamuning,exit,0.0
2026-01-09,01:00 - 01:59,0,gma_kamuning,exit,0.0
2026-01-09,02:00 - 02:59,0,gma_kamuning,exit,0.0
2026-01-10,03:00 - 03:59,0,gma_kamuning,exit,0.0
2026-01-10,04:00 - 04:59,1,gma_kamuning,exit,0.0
2026-01-10,05:00 - 05:59,317,gma_kamuning,exit,0.0
2026-01-10,06:00 - 06:59,710,gma_kamuning,exit,0.0
2026-01-10,07:00 - 07:59,988,gma_kamuning,exit,0.0
2026-01-10,08:00 - 08:59,782,gma_kamuning,exit,0.0
2026-01-10,09:00 - 09:59,641,gma_kamuning,exit,0.0
2026-01-10,10:00 - 10:59,513,gma_kamuning,exit,0.0
2026-01-10,11:00 - 11:59,563,gma_kamuning,exit,0.0
2026-01-10,12:00 - 12:59,658,gma_kamuning,exit,0.0
2026-01-10,13:00 - 13:59,738,gma_kamuning,exit,0.0
2026-01-10,14:00 - 14:59,824,gma_kamuning,exit,0.0
2026-01-10,15:00 - 15:59,1190,gma_kamuning,exit,0.0
2026-01-10,16:00 - 16:59,1725,gma_kamuning,exit,0.0
2026-01-10,17:00 - 17:59,2142,gma_kamuning,exit,0.0
2026-01-10,18:00 - 18:59,1708,gma_kamuning,exit,0.0
2026-01-10,19:00 - 19:59,1553,gma_kamuning,exit,0.0
2026-01-10,20:00 - 20:59,1084,gma_kamuning,exit,0.0
2026-01-10,21:00 - 21:59,871,gma_kamuning,exit,0.0
2026-01-10,22:00 - 22:59,527,gma_kamuning,exit,0.0
2026-01-10,23:00 - 23:59,0,gma_kamuning,exit,0.0
2026-01-10,00:00 - 00:59,0,gma_kamuning,exit,0.0
2026-01-10,01:00 - 01:59,0,gma_kamuning,exit,0.0
2026-01-10,02:00 - 02:59,0,gma_kamuning,exit,0.0
2026-01-11,03:00 - 03:59,0,gma_kamuning,exit,0.0
2026-01-11,04:00 - 04:59,0,gma_kamuning,exit,0.0
2026-01-11,05:00 - 05:59,266,gma_kamuning,exit,0.0
2026-01-11,06:00 - 06:59,392,gma_kamuning,exit,0.0
2026-01-11,07:00 - 07:59,546,gma_kamuning,exit,0.0
2026-01-11,08:00 - 08:59,477,gma_kamuning,exit,0.0
2026-01-11,09:00 - 09:59,470,gma_kamuning,exit,0.0
2026-01-11,10:00 - 10:59,495,gma_kamuning,exit,0.0
2026-01-11,11:00 - 11:59,460,gma_kamuning,exit,0.0
2026-01-11,12:00 - 12:59,432,gma_kamuning,exit,0.0
2026-01-11,13:00 - 13:59,521,gma_kamuning,exit,0.0
2026-01-11,14:00 - 14:59,537,gma_kamuning,exit,0.0
2026-01-11,15:00 - 15:59,822,gma_kamuning,exit,0.0
2026-01-11,16:00 - 16:59,853,gma_kamuning,exit,0.0
2026-01-11,17:00 - 17:59,855,gma_kamuning,exit,0.0
2026-01-11,18:00 - 18:59,802,gma_kamuning,exit,0.0
2026-01-11,19:00 - 19:59,841,gma_kamuning,exit,0.0
2026-01-11,20:00 - 20:59,849,gma_kamuning,exit,0.0
2026-01-11,21:00 - 21:59,793,gma_kamuning,exit,0.0
2026-01-11,22:00 - 22:59,410,gma_kamuning,exit,0.0
2026-01-11,23:00 - 23:59,0,gma_kamuning,exit,0.0
2026-01-11,00:00 - 00:59,0,gma_kamuning,exit,0.0
2026-01-11,01:00 - 01:59,0,gma_kamuning,exit,0.0
2026-01-11,02:00 - 02:59,0,gma_kamuning,exit,0.0
2026-01-12,03:00 - 03:59,0,gma_kamuning,exit,0.0
2026-01-12,04:00 - 04:59,3,gma_kamuning,exit,0.0
2026-01-12,05:00 - 05:59,425,gma_kamuning,exit,0.0
2026-01-12,06:00 - 06:59,1127,gma_kamuning,exit,0.0
2026-01-12,07:00 - 07:59,1402,gma_kamuning,exit,0.0
2026-01-12,08:00 - 08:59,1126,gma_kamuning,exit,0.0
2026-01-12,09:00 - 09:59,844,gma_kamuning,exit,0.0
2026-01-12,10:00 - 10:59,804,gma_kamuning,exit,0.0
2026-01-12,11:00 - 11:59,766,gma_kamuning,exit,0.0
2026-01-12,12:00 - 12:59,729,gma_kamuning,exit,0.0
2026-01-12,13:00 - 13:59,739,gma_kamuning,exit,0.0
2026-01-12,14:00 - 14:59,820,gma_kamuning,exit,0.0
2026-01-12,15:00 - 15:59,1074,gma_kamuning,exit,0.0
2026-01-12,16:00 - 16:59,1610,gma_kamuning,exit,0.0
2026-01-12,17:00 - 17:59,2238,gma_kamuning,exit,0.0
2026-01-12,18:00 - 18:59,2297,gma_kamuning,exit,0.0
2026-01-12,19:00 - 19:59,2196,gma_kamuning,exit,0.0
2026-01-12,20:00 - 20:59,1262,gma_kamuning,exit,0.0
2026-01-12,21:00 - 21:59,911,gma_kamuning,exit,0.0
2026-01-12,22:00 - 22:59,570,gma_kamuning,exit,0.0
2026-01-12,23:00 - 23:59,114,gma_kamuning,exit,0.0
2026-01-12,00:00 - 00:59,0,gma_kamuning,exit,0.0
2026-01-12,01:00 - 01:59,0,gma_kamuning,exit,0.0
2026-01-12,02:00 - 02:59,0,gma_kamuning,exit,0.0
2026-01-13,03:00 - 03:59,0,gma_kamuning,exit,0.0
2026-01-13,04:00 - 04:59,5,gma_kamuning,exit,0.0
2026-01-13,05:00 - 05:59,442,gma_kamuning,exit,0.0
2026-01-13,06:00 - 06:59,1228,gma_kamuning,exit,0.0
2026-01-13,07:00 - 07:59,1541,gma_kamuning,exit,0.0
2026-01-13,08:00 - 08:59,1451,gma_kamuning,exit,0.0
2026-01-13,09:00 - 09:59,905,gma_kamuning,exit,0.0
2026-01-13,10:00 - 10:59,790,gma_kamuning,exit,0.0
2026-01-13,11:00 - 11:59,720,gma_kamuning,exit,0.0
2026-01-13,12:00 - 12:59,765,gma_kamuning,exit,0.0
2026-01-13,13:00 - 13:59,778,gma_kamuning,exit,0.0
2026-01-13,14:00 - 14:59,873,gma_kamuning,exit,0.0
2026-01-13,15:00 - 15:59,1033,gma_kamuning,exit,0.0
2026-01-13,16:00 - 16:59,1642,gma_kamuning,exit,0.0
2026-01-13,17:00 - 17:59,2138,gma_kamuning,exit,0.0
2026-01-13,18:00 - 18:59,2486,gma_kamuning,exit,0.0
2026-01-13,19:00 - 19:59,2202,gma_kamuning,exit,0.0
2026-01-13,20:00 - 20:59,1271,gma_kamuning,exit,0.0
2026-01-13,21:00 - 21:59,1031,gma_kamuning,exit,0.0
2026-01-13,22:00 - 22:59,525,gma_kamuning,exit,0.0
2026-01-13,23:00 - 23:59,181,gma_kamuning,exit,0.0
2026-01-13,00:00 - 00:59,0,gma_kamuning,exit,0.0
2026-01-13,01:00 - 01:59,0,gma_kamuning,exit,0.0
2026-01-13,02:00 - 02:59,0,gma_kamuning,exit,0.0
2026-01-14,03:00 - 03:59,0,gma_kamuning,exit,0.0
2026-01-14,04:00 - 04:59,6,gma_kamuning,exit,0.0
2026-01-14,05:00 - 05:59,414,gma_kamuning,exit,0.0
2026-01-14,06:00 - 06:59,1160,gma_kamuning,exit,0.0
2026-01-14,07:00 - 07:59,1611,gma_kamuning,exit,0.0
2026-01-14,08:00 - 08:59,1267,gma_kamuning,exit,0.0
2026-01-14,09:00 - 09:59,975,gma_kamuning,exit,0.0
2026-01-14,10:00 - 10:59,747,gma_kamuning,exit,0.0
2026-01-14,11:00 - 11:59,662,gma_kamuning,exit,0.0
2026-01-14,12:00 - 12:59,703,gma_kamuning,exit,0.0
2026-01-14,13:00 - 13:59,705,gma_kamuning,exit,0.0
2026-01-14,14:00 - 14:59,791,gma_kamuning,exit,0.0
2026-01-14,15:00 - 15:59,1158,gma_kamuning,exit,0.0
2026-01-14,16:00 - 16:59,1618,gma_kamuning,exit,0.0
2026-01-14,17:00 - 17:59,2286,gma_kamuning,exit,0.0
2026-01-14,18:00 - 18:59,2447,gma_kamuning,exit,0.0
2026-01-14,19:00 - 19:59,2158,gma_kamuning,exit,0.0
2026-01-14,20:00 - 20:59,1347,gma_kamuning,exit,0.0
2026-01-14,21:00 - 21:59,997,gma_kamuning,exit,0.0
2026-01-14,22:00 - 22:59,581,gma_kamuning,exit,0.0
2026-01-14,23:00 - 23:59,189,gma_kamuning,exit,0.0
2026-01-14,00:00 - 00:59,0,gma_kamuning,exit,0.0
2026-01-14,01:00 - 01:59,0,gma_kamuning,exit,0.0
2026-01-14,02:00 - 02:59,0,gma_kamuning,exit,0.0
2026-01-15,03:00 - 03:59,0,gma_kamuning,exit,0.0
2026-01-15,04:00 - 04:59,6,gma_kamuning,exit,0.0
2026-01-15,05:00 - 05:59,407,gma_kamuning,exit,0.0
2026-01-15,06:00 - 06:59,1169,gma_kamuning,exit,0.0
2026-01-15,07:00 - 07:59,1552,gma_kamuning,exit,0.0
2026-01-15,08:00 - 08:59,1287,gma_kamuning,exit,0.0
2026-01-15,09:00 - 09:59,902,gma_kamuning,exit,0.0
2026-01-15,10:00 - 10:59,714,gma_kamuning,exit,0.0
2026-01-15,11:00 - 11:59,699,gma_kamuning,exit,0.0
2026-01-15,12:00 - 12:59,734,gma_kamuning,exit,0.0
2026-01-15,13:00 - 13:59,725,gma_kamuning,exit,0.0
2026-01-15,14:00 - 14:59,846,gma_kamuning,exit,0.0
2026-01-15,15:00 - 15:59,1032,gma_kamuning,exit,0.0
2026-01-15,16:00 - 16:59,1667,gma_kamuning,exit,0.0
2026-01-15,17:00 - 17:59,2124,gma_kamuning,exit,0.0
2026-01-15,18:00 - 18:59,2407,gma_kamuning,exit,0.0
2026-01-15,19:00 - 19:59,2066,gma_kamuning,exit,0.0
2026-01-15,20:00 - 20:59,1368,gma_kamuning,exit,0.0
2026-01-15,21:00 - 21:59,1081,gma_kamuning,exit,0.0
2026-01-15,22:00 - 22:59,612,gma_kamuning,exit,0.0
2026-01-15,23:00 - 23:59,221,gma_kamuning,exit,0.0
2026-01-15,00:00 - 00:59,0,gma_kamuning,exit,0.0
2026-01-15,01:00 - 01:59,0,gma_kamuning,exit,0.0
2026-01-15,02:00 - 02:59,0,gma_kamuning,exit,0.0
2026-01-16,03:00 - 03:59,0,gma_kamuning,exit,0.0
2026-01-16,04:00 - 04:59,4,gma_kamuning,exit,0.0
2026-01-16,05:00 - 05:59,418,gma_kamuning,exit,0.0
2026-01-16,06:00 - 06:59,1156,gma_kamuning,exit,0.0
2026-01-16,07:00 - 07:59,1517,gma_kamuning,exit,0.0
2026-01-16,08:00 - 08:59,1337,gma_kamuning,exit,0.0
2026-01-16,09:00 - 09:59,831,gma_kamuning,exit,0.0
2026-01-16,10:00 - 10:59,789,gma_kamuning,exit,0.0
2026-01-16,11:00 - 11:59,665,gma_kamuning,exit,0.0
2026-01-16,12:00 - 12:59,727,gma_kamuning,exit,0.0
2026-01-16,13:00 - 13:59,767,gma_kamuning,exit,0.0
2026-01-16,14:00 - 14:59,923,gma_kamuning,exit,0.0
2026-01-16,15:00 - 15:59,1149,gma_kamuning,exit,0.0
2026-01-16,16:00 - 16:59,1661,gma_kamuning,exit,0.0
2026-01-16,17:00 - 17:59,2385,gma_kamuning,exit,0.0
2026-01-16,18:00 - 18:59,2178,gma_kamuning,exit,0.0
2026-01-16,19:00 - 19:59,2314,gma_kamuning,exit,0.0
2026-01-16,20:00 - 20:59,1574,gma_kamuning,exit,0.0
2026-01-16,21:00 - 21:59,1072,gma_kamuning,exit,0.0
2026-01-16,22:00 - 22:59,830,gma_kamuning,exit,0.0
2026-01-16,23:00 - 23:59,164,gma_kamuning,exit,0.0
2026-01-16,00:00 - 00:59,0,gma_kamuning,exit,0.0
2026-01-16,01:00 - 01:59,0,gma_kamuning,exit,0.0
2026-01-16,02:00 - 02:59,0,gma_kamuning,exit,0.0
2026-01-17,03:00 - 03:59,0,gma_kamuning,exit,0.0
2026-01-17,04:00 - 04:59,3,gma_kamuning,exit,0.0
2026-01-17,05:00 - 05:59,346,gma_kamuning,exit,0.0
2026-01-17,06:00 - 06:59,755,gma_kamuning,exit,0.0
2026-01-17,07:00 - 07:59,949,gma_kamuning,exit,0.0
2026-01-17,08:00 - 08:59,927,gma_kamuning,exit,0.0
2026-01-17,09:00 - 09:59,620,gma_kamuning,exit,0.0
2026-01-17,10:00 - 10:59,587,gma_kamuning,exit,0.0
2026-01-17,11:00 - 11:59,623,gma_kamuning,exit,0.0
2026-01-17,12:00 - 12:59,771,gma_kamuning,exit,0.0
2026-01-17,13:00 - 13:59,808,gma_kamuning,exit,0.0
2026-01-17,14:00 - 14:59,895,gma_kamuning,exit,0.0
2026-01-17,15:00 - 15:59,1204,gma_kamuning,exit,0.0
2026-01-17,16:00 - 16:59,1996,gma_kamuning,exit,0.0
2026-01-17,17:00 - 17:59,2190,gma_kamuning,exit,0.0
2026-01-17,18:00 - 18:59,1897,gma_kamuning,exit,0.0
2026-01-17,19:00 - 19:59,1480,gma_kamuning,exit,0.0
2026-01-17,20:00 - 20:59,1147,gma_kamuning,exit,0.0
2026-01-17,21:00 - 21:59,872,gma_kamuning,exit,0.0
2026-01-17,22:00 - 22:59,514,gma_kamuning,exit,0.0
2026-01-17,23:00 - 23:59,0,gma_kamuning,exit,0.0
2026-01-17,00:00 - 00:59,0,gma_kamuning,exit,0.0
2026-01-17,01:00 - 01:59,0,gma_kamuning,exit,0.0
2026-01-17,02:00 - 02:59,0,gma_kamuning,exit,0.0
2026-01-18,03:00 - 03:59,0,gma_kamuning,exit,0.0
2026-01-18,04:00 - 04:59,0,gma_kamuning,exit,0.0
2026-01-18,05:00 - 05:59,262,gma_kamuning,exit,0.0
2026-01-18,06:00 - 06:59,467,gma_kamuning,exit,0.0
2026-01-18,07:00 - 07:59,507,gma_kamuning,exit,0.0
2026-01-18,08:00 - 08:59,544,gma_kamuning,exit,0.0
2026-01-18,09:00 - 09:59,483,gma_kamuning,exit,0.0
2026-01-18,10:00 - 10:59,446,gma_kamuning,exit,0.0
2026-01-18,11:00 - 11:59,448,gma_kamuning,exit,0.0
2026-01-18,12:00 - 12:59,475,gma_kamuning,exit,0.0
2026-01-18,13:00 - 13:59,489,gma_kamuning,exit,0.0
2026-01-18,14:00 - 14:59,618,gma_kamuning,exit,0.0
2026-01-18,15:00 - 15:59,775,gma_kamuning,exit,0.0
2026-01-18,16:00 - 16:59,886,gma_kamuning,exit,0.0
2026-01-18,17:00 - 17:59,848,gma_kamuning,exit,0.0
2026-01-18,18:00 - 18:59,836,gma_kamuning,exit,0.0
2026-01-18,19:00 - 19:59,905,gma_kamuning,exit,0.0
2026-01-18,20:00 - 20:59,750,gma_kamuning,exit,0.0
2026-01-18,21:00 - 21:59,737,gma_kamuning,exit,0.0
2026-01-18,22:00 - 22:59,441,gma_kamuning,exit,0.0
2026-01-18,23:00 - 23:59,0,gma_kamuning,exit,0.0
2026-01-18,00:00 - 00:59,0,gma_kamuning,exit,0.0
2026-01-18,01:00 - 01:59,0,gma_kamuning,exit,0.0
2026-01-18,02:00 - 02:59,0,gma_kamuning,exit,0.0
2026-01-19,03:00 - 03:59,0,gma_kamuning,exit,0.0
2026-01-19,04:00 - 04:59,4,gma_kamuning,exit,0.0
2026-01-19,05:00 - 05:59,476,gma_kamuning,exit,0.0
2026-01-19,06:00 - 06:59,1060,gma_kamuning,exit,0.0
2026-01-19,07:00 - 07:59,1461,gma_kamuning,exit,0.0
2026-01-19,08:00 - 08:59,1188,gma_kamuning,exit,0.0
2026-01-19,09:00 - 09:59,932,gma_kamuning,exit,0.0
2026-01-19,10:00 - 10:59,832,gma_kamuning,exit,0.0
2026-01-19,11:00 - 11:59,791,gma_kamuning,exit,0.0
2026-01-19,12:00 - 12:59,766,gma_kamuning,exit,0.0
2026-01-19,13:00 - 13:59,786,gma_kamuning,exit,0.0
2026-01-19,14:00 - 14:59,787,gma_kamuning,exit,0.0
2026-01-19,15:00 - 15:59,1055,gma_kamuning,exit,0.0
2026-01-19,16:00 - 16:59,1612,gma_kamuning,exit,0.0
2026-01-19,17:00 - 17:59,2202,gma_kamuning,exit,0.0
2026-01-19,18:00 - 18:59,2443,gma_kamuning,exit,0.0
2026-01-19,19:00 - 19:59,2016,gma_kamuning,exit,0.0
2026-01-19,20:00 - 20:59,1261,gma_kamuning,exit,0.0
2026-01-19,21:00 - 21:59,969,gma_kamuning,exit,0.0
2026-01-19,22:00 - 22:59,580,gma_kamuning,exit,0.0
2026-01-19,23:00 - 23:59,106,gma_kamuning,exit,0.0
2026-01-19,00:00 - 00:59,0,gma_kamuning,exit,0.0
2026-01-19,01:00 - 01:59,0,gma_kamuning,exit,0.0
2026-01-19,02:00 - 02:59,0,gma_kamuning,exit,0.0
2026-01-20,03:00 - 03:59,0,gma_kamuning,exit,0.0
2026-01-20,04:00 - 04:59,8,gma_kamuning,exit,0.0
2026-01-20,05:00 - 05:59,411,gma_kamuning,exit,0.0
2026-01-20,06:00 - 06:59,1056,gma_kamuning,exit,0.0
2026-01-20,07:00 - 07:59,1439,gma_kamuning,exit,0.0
2026-01-20,08:00 - 08:59,1359,gma_kamuning,exit,0.0
2026-01-20,09:00 - 09:59,942,gma_kamuning,exit,0.0
2026-01-20,10:00 - 10:59,800,gma_kamuning,exit,0.0
2026-01-20,11:00 - 11:59,754,gma_kamuning,exit,0.0
2026-01-20,12:00 - 12:59,689,gma_kamuning,exit,0.0
2026-01-20,13:00 - 13:59,812,gma_kamuning,exit,0.0
2026-01-20,14:00 - 14:59,822,gma_kamuning,exit,0.0
2026-01-20,15:00 - 15:59,1110,gma_kamuning,exit,0.0
2026-01-20,16:00 - 16:59,1662,gma_kamuning,exit,0.0
2026-01-20,17:00 - 17:59,2336,gma_kamuning,exit,0.0
2026-01-20,18:00 - 18:59,2227,gma_kamuning,exit,0.0
2026-01-20,19:00 - 19:59,2198,gma_kamuning,exit,0.0
2026-01-20,20:00 - 20:59,1415,gma_kamuning,exit,0.0
2026-01-20,21:00 - 21:59,1023,gma_kamuning,exit,0.0
2026-01-20,22:00 - 22:59,576,gma_kamuning,exit,0.0
2026-01-20,23:00 - 23:59,151,gma_kamuning,exit,0.0
2026-01-20,00:00 - 00:59,0,gma_kamuning,exit,0.0
2026-01-20,01:00 - 01:59,0,gma_kamuning,exit,0.0
2026-01-20,02:00 - 02:59,0,gma_kamuning,exit,0.0
2026-01-21,03:00 - 03:59,0,gma_kamuning,exit,0.0
2026-01-21,04:00 - 04:59,8,gma_kamuning,exit,0.0
2026-01-21,05:00 - 05:59,393,gma_kamuning,exit,0.0
2026-01-21,06:00 - 06:59,1205,gma_kamuning,exit,0.0
2026-01-21,07:00 - 07:59,1582,gma_kamuning,exit,0.0
2026-01-21,08:00 - 08:59,1394,gma_kamuning,exit,0.0
2026-01-21,09:00 - 09:59,1000,gma_kamuning,exit,0.0
2026-01-21,10:00 - 10:59,790,gma_kamuning,exit,0.0
2026-01-21,11:00 - 11:59,654,gma_kamuning,exit,0.0
2026-01-21,12:00 - 12:59,750,gma_kamuning,exit,0.0
2026-01-21,13:00 - 13:59,724,gma_kamuning,exit,0.0
2026-01-21,14:00 - 14:59,811,gma_kamuning,exit,0.0
2026-01-21,15:00 - 15:59,1022,gma_kamuning,exit,0.0
2026-01-21,16:00 - 16:59,1647,gma_kamuning,exit,0.0
2026-01-21,17:00 - 17:59,2502,gma_kamuning,exit,0.0
2026-01-21,18:00 - 18:59,2524,gma_kamuning,exit,0.0
2026-01-21,19:00 - 19:59,2013,gma_kamuning,exit,0.0
2026-01-21,20:00 - 20:59,1375,gma_kamuning,exit,0.0
2026-01-21,21:00 - 21:59,1065,gma_kamuning,exit,0.0
2026-01-21,22:00 - 22:59,668,gma_kamuning,exit,0.0
2026-01-21,23:00 - 23:59,102,gma_kamuning,exit,0.0
2026-01-21,00:00 - 00:59,0,gma_kamuning,exit,0.0
2026-01-21,01:00 - 01:59,0,gma_kamuning,exit,0.0
2026-01-21,02:00 - 02:59,0,gma_kamuning,exit,0.0
2026-01-22,03:00 - 03:59,0,gma_kamuning,exit,0.0
2026-01-22,04:00 - 04:59,10,gma_kamuning,exit,0.0
2026-01-22,05:00 - 05:59,395,gma_kamuning,exit,0.0
2026-01-22,06:00 - 06:59,1108,gma_kamuning,exit,0.0
2026-01-22,07:00 - 07:59,1597,gma_kamuning,exit,0.0
2026-01-22,08:00 - 08:59,1297,gma_kamuning,exit,0.0
2026-01-22,09:00 - 09:59,927,gma_kamuning,exit,0.0
2026-01-22,10:00 - 10:59,717,gma_kamuning,exit,0.0
2026-01-22,11:00 - 11:59,672,gma_kamuning,exit,0.0
2026-01-22,12:00 - 12:59,739,gma_kamuning,exit,0.0
2026-01-22,13:00 - 13:59,724,gma_kamuning,exit,0.0
2026-01-22,14:00 - 14:59,736,gma_kamuning,exit,0.0
2026-01-22,15:00 - 15:59,1055,gma_kamuning,exit,0.0
2026-01-22,16:00 - 16:59,1549,gma_kamuning,exit,0.0
2026-01-22,17:00 - 17:59,2265,gma_kamuning,exit,0.0
2026-01-22,18:00 - 18:59,1784,gma_kamuning,exit,0.0
2026-01-22,19:00 - 19:59,2322,gma_kamuning,exit,0.0
2026-01-22,20:00 - 20:59,1745,gma_kamuning,exit,0.0
2026-01-22,21:00 - 21:59,1111,gma_kamuning,exit,0.0
2026-01-22,22:00 - 22:59,740,gma_kamuning,exit,0.0
2026-01-22,23:00 - 23:59,129,gma_kamuning,exit,0.0
2026-01-22,00:00 - 00:59,0,gma_kamuning,exit,0.0
2026-01-22,01:00 - 01:59,0,gma_kamuning,exit,0.0
2026-01-22,02:00 - 02:59,0,gma_kamuning,exit,0.0
2026-01-23,03:00 - 03:59,0,gma_kamuning,exit,0.0
2026-01-23,04:00 - 04:59,4,gma_kamuning,exit,0.0
2026-01-23,05:00 - 05:59,454,gma_kamuning,exit,0.0
2026-01-23,06:00 - 06:59,1177,gma_kamuning,exit,0.0
2026-01-23,07:00 - 07:59,1513,gma_kamuning,exit,0.0
2026-01-23,08:00 - 08:59,1192,gma_kamuning,exit,0.0
2026-01-23,09:00 - 09:59,871,gma_kamuning,exit,0.0
2026-01-23,10:00 - 10:59,808,gma_kamuning,exit,0.0
2026-01-23,11:00 - 11:59,652,gma_kamuning,exit,0.0
2026-01-23,12:00 - 12:59,685,gma_kamuning,exit,0.0
2026-01-23,13:00 - 13:59,850,gma_kamuning,exit,0.0
2026-01-23,14:00 - 14:59,887,gma_kamuning,exit,0.0
2026-01-23,15:00 - 15:59,1095,gma_kamuning,exit,0.0
2026-01-23,16:00 - 16:59,1722,gma_kamuning,exit,0.0
2026-01-23,17:00 - 17:59,2295,gma_kamuning,exit,0.0
2026-01-23,18:00 - 18:59,2558,gma_kamuning,exit,0.0
2026-01-23,19:00 - 19:59,2172,gma_kamuning,exit,0.0
2026-01-23,20:00 - 20:59,1485,gma_kamuning,exit,0.0
2026-01-23,21:00 - 21:59,1102,gma_kamuning,exit,0.0
2026-01-23,22:00 - 22:59,709,gma_kamuning,exit,0.0
2026-01-23,23:00 - 23:59,269,gma_kamuning,exit,0.0
2026-01-23,00:00 - 00:59,0,gma_kamuning,exit,0.0
2026-01-23,01:00 - 01:59,0,gma_kamuning,exit,0.0
2026-01-23,02:00 - 02:59,0,gma_kamuning,exit,0.0
2026-01-24,03:00 - 03:59,0,gma_kamuning,exit,0.0
2026-01-24,04:00 - 04:59,5,gma_kamuning,exit,0.0
2026-01-24,05:00 - 05:59,383,gma_kamuning,exit,0.0
2026-01-24,06:00 - 06:59,786,gma_kamuning,exit,0.0
2026-01-24,07:00 - 07:59,959,gma_kamuning,exit,0.0
2026-01-24,08:00 - 08:59,924,gma_kamuning,exit,0.0
2026-01-24,09:00 - 09:59,670,gma_kamuning,exit,0.0
2026-01-24,10:00 - 10:59,593,gma_kamuning,exit,0.0
2026-01-24,11:00 - 11:59,651,gma_kamuning,exit,0.0
2026-01-24,12:00 - 12:59,763,gma_kamuning,exit,0.0
2026-01-24,13:00 - 13:59,791,gma_kamuning,exit,0.0
2026-01-24,14:00 - 14:59,946,gma_kamuning,exit,0.0
2026-01-24,15:00 - 15:59,1214,gma_kamuning,exit,0.0
2026-01-24,16:00 - 16:59,1731,gma_kamuning,exit,0.0
2026-01-24,17:00 - 17:59,2327,gma_kamuning,exit,0.0
2026-01-24,18:00 - 18:59,1813,gma_kamuning,exit,0.0
2026-01-24,19:00 - 19:59,1545,gma_kamuning,exit,0.0
2026-01-24,20:00 - 20:59,1074,gma_kamuning,exit,0.0
2026-01-24,21:00 - 21:59,914,gma_kamuning,exit,0.0
2026-01-24,22:00 - 22:59,500,gma_kamuning,exit,0.0
2026-01-24,23:00 - 23:59,0,gma_kamuning,exit,0.0
2026-01-24,00:00 - 00:59,0,gma_kamuning,exit,0.0
2026-01-24,01:00 - 01:59,0,gma_kamuning,exit,0.0
2026-01-24,02:00 - 02:59,0,gma_kamuning,exit,0.0
2026-01-25,03:00 - 03:59,0,gma_kamuning,exit,0.0
2026-01-25,04:00 - 04:59,1,gma_kamuning,exit,0.0
2026-01-25,05:00 - 05:59,241,gma_kamuning,exit,0.0
2026-01-25,06:00 - 06:59,449,gma_kamuning,exit,0.0
2026-01-25,07:00 - 07:59,531,gma_kamuning,exit,0.0
2026-01-25,08:00 - 08:59,529,gma_kamuning,exit,0.0
2026-01-25,09:00 - 09:59,456,gma_kamuning,exit,0.0
2026-01-25,10:00 - 10:59,465,gma_kamuning,exit,0.0
2026-01-25,11:00 - 11:59,508,gma_kamuning,exit,0.0
2026-01-25,12:00 - 12:59,477,gma_kamuning,exit,0.0
2026-01-25,13:00 - 13:59,574,gma_kamuning,exit,0.0
2026-01-25,14:00 - 14:59,617,gma_kamuning,exit,0.0
2026-01-25,15:00 - 15:59,778,gma_kamuning,exit,0.0
2026-01-25,16:00 - 16:59,865,gma_kamuning,exit,0.0
2026-01-25,17:00 - 17:59,823,gma_kamuning,exit,0.0
2026-01-25,18:00 - 18:59,841,gma_kamuning,exit,0.0
2026-01-25,19:00 - 19:59,896,gma_kamuning,exit,0.0
2026-01-25,20:00 - 20:59,753,gma_kamuning,exit,0.0
2026-01-25,21:00 - 21:59,787,gma_kamuning,exit,0.0
2026-01-25,22:00 - 22:59,395,gma_kamuning,exit,0.0
2026-01-25,23:00 - 23:59,0,gma_kamuning,exit,0.0
2026-01-25,00:00 - 00:59,0,gma_kamuning,exit,0.0
2026-01-25,01:00 - 01:59,0,gma_kamuning,exit,0.0
2026-01-25,02:00 - 02:59,0,gma_kamuning,exit,0.0
2026-01-26,03:00 - 03:59,0,gma_kamuning,exit,0.0
2026-01-26,04:00 - 04:59,8,gma_kamuning,exit,0.0
2026-01-26,05:00 - 05:59,444,gma_kamuning,exit,0.0
2026-01-26,06:00 - 06:59,1038,gma_kamuning,exit,0.0
2026-01-26,07:00 - 07:59,1499,gma_kamuning,exit,0.0
2026-01-26,08:00 - 08:59,1122,gma_kamuning,exit,0.0
2026-01-26,09:00 - 09:59,844,gma_kamuning,exit,0.0
2026-01-26,10:00 - 10:59,831,gma_kamuning,exit,0.0
2026-01-26,11:00 - 11:59,807,gma_kamuning,exit,0.0
2026-01-26,12:00 - 12:59,758,gma_kamuning,exit,0.0
2026-01-26,13:00 - 13:59,696,gma_kamuning,exit,0.0
2026-01-26,14:00 - 14:59,887,gma_kamuning,exit,0.0
2026-01-26,15:00 - 15:59,1072,gma_kamuning,exit,0.0
2026-01-26,16:00 - 16:59,1580,gma_kamuning,exit,0.0
2026-01-26,17:00 - 17:59,2052,gma_kamuning,exit,0.0
2026-01-26,18:00 - 18:59,2127,gma_kamuning,exit,0.0
2026-01-26,19:00 - 19:59,2070,gma_kamuning,exit,0.0
2026-01-26,20:00 - 20:59,1357,gma_kamuning,exit,0.0
2026-01-26,21:00 - 21:59,971,gma_kamuning,exit,0.0
2026-01-26,22:00 - 22:59,563,gma_kamuning,exit,0.0
2026-01-26,23:00 - 23:59,108,gma_kamuning,exit,0.0
2026-01-26,00:00 - 00:59,0,gma_kamuning,exit,0.0
2026-01-26,01:00 - 01:59,0,gma_kamuning,exit,0.0
2026-01-26,02:00 - 02:59,0,gma_kamuning,exit,0.0
2026-01-27,03:00 - 03:59,0,gma_kamuning,exit,0.0
2026-01-27,04:00 - 04:59,4,gma_kamuning,exit,0.0
2026-01-27,05:00 - 05:59,462,gma_kamuning,exit,0.0
2026-01-27,06:00 - 06:59,1255,gma_kamuning,exit,0.0
2026-01-27,07:00 - 07:59,1527,gma_kamuning,exit,0.0
2026-01-27,08:00 - 08:59,1257,gma_kamuning,exit,0.0
2026-01-27,09:00 - 09:59,871,gma_kamuning,exit,0.0
2026-01-27,10:00 - 10:59,819,gma_kamuning,exit,0.0
2026-01-27,11:00 - 11:59,718,gma_kamuning,exit,0.0
2026-01-27,12:00 - 12:59,727,gma_kamuning,exit,0.0
2026-01-27,13:00 - 13:59,653,gma_kamuning,exit,0.0
2026-01-27,14:00 - 14:59,904,gma_kamuning,exit,0.0
2026-01-27,15:00 - 15:59,1096,gma_kamuning,exit,0.0
2026-01-27,16:00 - 16:59,1660,gma_kamuning,exit,0.0
2026-01-27,17:00 - 17:59,2391,gma_kamuning,exit,0.0
2026-01-27,18:00 - 18:59,2400,gma_kamuning,exit,0.0
2026-01-27,19:00 - 19:59,2062,gma_kamuning,exit,0.0
2026-01-27,20:00 - 20:59,1275,gma_kamuning,exit,0.0
2026-01-27,21:00 - 21:59,941,gma_kamuning,exit,0.0
2026-01-27,22:00 - 22:59,536,gma_kamuning,exit,0.0
2026-01-27,23:00 - 23:59,160,gma_kamuning,exit,0.0
2026-01-27,00:00 - 00:59,0,gma_kamuning,exit,0.0
2026-01-27,01:00 - 01:59,0,gma_kamuning,exit,0.0
2026-01-27,02:00 - 02:59,0,gma_kamuning,exit,0.0
2026-01-28,03:00 - 03:59,0,gma_kamuning,exit,0.0
2026-01-28,04:00 - 04:59,3,gma_kamuning,exit,0.0
2026-01-28,05:00 - 05:59,383,gma_kamuning,exit,0.0
2026-01-28,06:00 - 06:59,1162,gma_kamuning,exit,0.0
2026-01-28,07:00 - 07:59,1487,gma_kamuning,exit,0.0
2026-01-28,08:00 - 08:59,1311,gma_kamuning,exit,0.0
2026-01-28,09:00 - 09:59,901,gma_kamuning,exit,0.0
2026-01-28,10:00 - 10:59,719,gma_kamuning,exit,0.0
2026-01-28,11:00 - 11:59,629,gma_kamuning,exit,0.0
2026-01-28,12:00 - 12:59,774,gma_kamuning,exit,0.0
2026-01-28,13:00 - 13:59,744,gma_kamuning,exit,0.0
2026-01-28,14:00 - 14:59,769,gma_kamuning,exit,0.0
2026-01-28,15:00 - 15:59,1062,gma_kamuning,exit,0.0
2026-01-28,16:00 - 16:59,1661,gma_kamuning,exit,0.0
2026-01-28,17:00 - 17:59,2313,gma_kamuning,exit,0.0
2026-01-28,18:00 - 18:59,2485,gma_kamuning,exit,0.0
2026-01-28,19:00 - 19:59,2040,gma_kamuning,exit,0.0
2026-01-28,20:00 - 20:59,1410,gma_kamuning,exit,0.0
2026-01-28,21:00 - 21:59,1053,gma_kamuning,exit,0.0
2026-01-28,22:00 - 22:59,580,gma_kamuning,exit,0.0
2026-01-28,23:00 - 23:59,225,gma_kamuning,exit,0.0
2026-01-28,00:00 - 00:59,0,gma_kamuning,exit,0.0
2026-01-28,01:00 - 01:59,0,gma_kamuning,exit,0.0
2026-01-28,02:00 - 02:59,0,gma_kamuning,exit,0.0
2026-01-29,03:00 - 03:59,0,gma_kamuning,exit,0.0
2026-01-29,04:00 - 04:59,9,gma_kamuning,exit,0.0
2026-01-29,05:00 - 05:59,401,gma_kamuning,exit,0.0
2026-01-29,06:00 - 06:59,1164,gma_kamuning,exit,0.0
2026-01-29,07:00 - 07:59,1549,gma_kamuning,exit,0.0
2026-01-29,08:00 - 08:59,1235,gma_kamuning,exit,0.0
2026-01-29,09:00 - 09:59,871,gma_kamuning,exit,0.0
2026-01-29,10:00 - 10:59,782,gma_kamuning,exit,0.0
2026-01-29,11:00 - 11:59,679,gma_kamuning,exit,0.0
2026-01-29,12:00 - 12:59,716,gma_kamuning,exit,0.0
2026-01-29,13:00 - 13:59,750,gma_kamuning,exit,0.0
2026-01-29,14:00 - 14:59,764,gma_kamuning,exit,0.0
2026-01-29,15:00 - 15:59,1085,gma_kamuning,exit,0.0
2026-01-29,16:00 - 16:59,1681,gma_kamuning,exit,0.0
2026-01-29,17:00 - 17:59,2180,gma_kamuning,exit,0.0
2026-01-29,18:00 - 18:59,2365,gma_kamuning,exit,0.0
2026-01-29,19:00 - 19:59,1991,gma_kamuning,exit,0.0
2026-01-29,20:00 - 20:59,1414,gma_kamuning,exit,0.0
2026-01-29,21:00 - 21:59,1053,gma_kamuning,exit,0.0
2026-01-29,22:00 - 22:59,641,gma_kamuning,exit,0.0
2026-01-29,23:00 - 23:59,160,gma_kamuning,exit,0.0
2026-01-29,00:00 - 00:59,0,gma_kamuning,exit,0.0
2026-01-29,01:00 - 01:59,0,gma_kamuning,exit,0.0
2026-01-29,02:00 - 02:59,0,gma_kamuning,exit,0.0
2026-01-30,03:00 - 03:59,0,gma_kamuning,exit,0.0
2026-01-30,04:00 - 04:59,7,gma_kamuning,exit,0.0
2026-01-30,05:00 - 05:59,435,gma_kamuning,exit,0.0
2026-01-30,06:00 - 06:59,1122,gma_kamuning,exit,0.0
2026-01-30,07:00 - 07:59,1527,gma_kamuning,exit,0.0
2026-01-30,08:00 - 08:59,1285,gma_kamuning,exit,0.0
2026-01-30,09:00 - 09:59,846,gma_kamuning,exit,0.0
2026-01-30,10:00 - 10:59,758,gma_kamuning,exit,0.0
2026-01-30,11:00 - 11:59,669,gma_kamuning,exit,0.0
2026-01-30,12:00 - 12:59,617,gma_kamuning,exit,0.0
2026-01-30,13:00 - 13:59,795,gma_kamuning,exit,0.0
2026-01-30,14:00 - 14:59,746,gma_kamuning,exit,0.0
2026-01-30,15:00 - 15:59,1186,gma_kamuning,exit,0.0
2026-01-30,16:00 - 16:59,1783,gma_kamuning,exit,0.0
2026-01-30,17:00 - 17:59,2364,gma_kamuning,exit,0.0
2026-01-30,18:00 - 18:59,2397,gma_kamuning,exit,0.0
2026-01-30,19:00 - 19:59,2230,gma_kamuning,exit,0.0
2026-01-30,20:00 - 20:59,1513,gma_kamuning,exit,0.0
2026-01-30,21:00 - 21:59,1184,gma_kamuning,exit,0.0
2026-01-30,22:00 - 22:59,909,gma_kamuning,exit,0.0
2026-01-30,23:00 - 23:59,167,gma_kamuning,exit,0.0
2026-01-30,00:00 - 00:59,0,gma_kamuning,exit,0.0
2026-01-30,01:00 - 01:59,0,gma_kamuning,exit,0.0
2026-01-30,02:00 - 02:59,0,gma_kamuning,exit,0.0
2026-01-31,03:00 - 03:59,0,gma_kamuning,exit,0.0
2026-01-31,04:00 - 04:59,5,gma_kamuning,exit,0.0
2026-01-31,05:00 - 05:59,326,gma_kamuning,exit,0.0
2026-01-31,06:00 - 06:59,740,gma_kamuning,exit,0.0
2026-01-31,07:00 - 07:59,914,gma_kamuning,exit,0.0
2026-01-31,08:00 - 08:59,848,gma_kamuning,exit,0.0
2026-01-31,09:00 - 09:59,692,gma_kamuning,exit,0.0
2026-01-31,10:00 - 10:59,577,gma_kamuning,exit,0.0
2026-01-31,11:00 - 11:59,635,gma_kamuning,exit,0.0
2026-01-31,12:00 - 12:59,833,gma_kamuning,exit,0.0
2026-01-31,13:00 - 13:59,856,gma_kamuning,exit,0.0
2026-01-31,14:00 - 14:59,1014,gma_kamuning,exit,0.0
2026-01-31,15:00 - 15:59,1182,gma_kamuning,exit,0.0
2026-01-31,16:00 - 16:59,1920,gma_kamuning,exit,0.0
2026-01-31,17:00 - 17:59,2149,gma_kamuning,exit,0.0
2026-01-31,18:00 - 18:59,1967,gma_kamuning,exit,0.0
2026-01-31,19:00 - 19:59,1631,gma_kamuning,exit,0.0
2026-01-31,20:00 - 20:59,1158,gma_kamuning,exit,0.0
2026-01-31,21:00 - 21:59,916,gma_kamuning,exit,0.0
2026-01-31,22:00 - 22:59,504,gma_kamuning,exit,0.0
2026-01-31,23:00 - 23:59,0,gma_kamuning,exit,0.0
2026-01-31,00:00 - 00:59,0,gma_kamuning,exit,0.0
2026-01-31,01:00 - 01:59,0,gma_kamuning,exit,0.0
2026-01-31,02:00 - 02:59,0,gma_kamuning,exit,0.0
2026-01-01,03:00 - 03:59,0,cubao,entry,0.0
2026-01-01,04:00 - 04:59,0,cubao,entry,0.0
2026-01-01,05:00 - 05:59,0,cubao,entry,0.0
2026-01-01,06:00 - 06:59,759,cubao,entry,12.65
2026-01-01,07:00 - 07:59,782,cubao,entry,13.033333333333333
2026-01-01,08:00 - 08:59,820,cubao,entry,13.666666666666666
2026-01-01,09:00 - 09:59,951,cubao,entry,15.85
2026-01-01,10:00 - 10:59,1395,cubao,entry,23.25
2026-01-01,11:00 - 11:59,1701,cubao,entry,28.35
2026-01-01,12:00 - 12:59,1644,cubao,entry,27.4
2026-01-01,13:00 - 13:59,1696,cubao,entry,28.266666666666666
2026-01-01,14:00 - 14:59,1832,cubao,entry,30.533333333333335
2026-01-01,15:00 - 15:59,1962,cubao,entry,32.7
2026-01-01,16:00 - 16:59,1996,cubao,entry,33.266666666666666
2026-01-01,17:00 - 17:59,2051,cubao,entry,34.18333333333333
2026-01-01,18:00 - 18:59,1363,cubao,entry,22.716666666666665
2026-01-01,19:00 - 19:59,1564,cubao,entry,26.066666666666666
2026-01-01,20:00 - 20:59,1531,cubao,entry,25.516666666666666
2026-01-01,21:00 - 21:59,1400,cubao,entry,23.333333333333332
2026-01-01,22:00 - 22:59,476,cubao,entry,7.933333333333334
2026-01-01,23:00 - 23:59,28,cubao,entry,0.4666666666666667
2026-01-01,00:00 - 00:59,0,cubao,entry,0.0
2026-01-01,01:00 - 01:59,0,cubao,entry,0.0
2026-01-01,02:00 - 02:59,0,cubao,entry,0.0
2026-01-02,03:00 - 03:59,0,cubao,entry,0.0
2026-01-02,04:00 - 04:59,621,cubao,entry,10.35
2026-01-02,05:00 - 05:59,1875,cubao,entry,31.25
2026-01-02,06:00 - 06:59,2292,cubao,entry,38.2
2026-01-02,07:00 - 07:59,2642,cubao,entry,44.03333333333333
2026-01-02,08:00 - 08:59,2374,cubao,entry,39.56666666666667
2026-01-02,09:00 - 09:59,2343,cubao,entry,39.05
2026-01-02,10:00 - 10:59,2037,cubao,entry,33.95
2026-01-02,11:00 - 11:59,2365,cubao,entry,39.416666666666664
2026-01-02,12:00 - 12:59,2321,cubao,entry,38.68333333333333
2026-01-02,13:00 - 13:59,2239,cubao,entry,37.31666666666667
2026-01-02,14:00 - 14:59,2084,cubao,entry,34.733333333333334
2026-01-02,15:00 - 15:59,2208,cubao,entry,36.8
2026-01-02,16:00 - 16:59,2424,cubao,entry,40.4
2026-01-02,17:00 - 17:59,2700,cubao,entry,45.0
2026-01-02,18:00 - 18:59,2492,cubao,entry,41.53333333333333
2026-01-02,19:00 - 19:59,2270,cubao,entry,37.833333333333336
2026-01-02,20:00 - 20:59,2018,cubao,entry,33.63333333333333
2026-01-02,21:00 - 21:59,1357,cubao,entry,22.616666666666667
2026-01-02,22:00 - 22:59,448,cubao,entry,7.466666666666667
2026-01-02,23:00 - 23:59,22,cubao,entry,0.36666666666666664
2026-01-02,00:00 - 00:59,0,cubao,entry,0.0
2026-01-02,01:00 - 01:59,0,cubao,entry,0.0
2026-01-02,02:00 - 02:59,0,cubao,entry,0.0
2026-01-03,03:00 - 03:59,0,cubao,entry,0.0
2026-01-03,04:00 - 04:59,443,cubao,entry,7.383333333333334
2026-01-03,05:00 - 05:59,1388,cubao,entry,23.133333333333333
2026-01-03,06:00 - 06:59,1771,cubao,entry,29.516666666666666
2026-01-03,07:00 - 07:59,1941,cubao,entry,32.35
2026-01-03,08:00 - 08:59,2257,cubao,entry,37.61666666666667
2026-01-03,09:00 - 09:59,2112,cubao,entry,35.2
2026-01-03,10:00 - 10:59,2182,cubao,entry,36.36666666666667
2026-01-03,11:00 - 11:59,2329,cubao,entry,38.81666666666667
2026-01-03,12:00 - 12:59,2507,cubao,entry,41.78333333333333
2026-01-03,13:00 - 13:59,2347,cubao,entry,39.11666666666667
2026-01-03,14:00 - 14:59,2348,cubao,entry,39.13333333333333
2026-01-03,15:00 - 15:59,2509,cubao,entry,41.81666666666667
2026-01-03,16:00 - 16:59,2763,cubao,entry,46.05
2026-01-03,17:00 - 17:59,2760,cubao,entry,46.0
2026-01-03,18:00 - 18:59,2490,cubao,entry,41.5
2026-01-03,19:00 - 19:59,2095,cubao,entry,34.916666666666664
2026-01-03,20:00 - 20:59,1788,cubao,entry,29.8
2026-01-03,21:00 - 21:59,1208,cubao,entry,20.133333333333333
2026-01-03,22:00 - 22:59,145,cubao,entry,2.4166666666666665
2026-01-03,23:00 - 23:59,0,cubao,entry,0.0
2026-01-03,00:00 - 00:59,0,cubao,entry,0.0
2026-01-03,01:00 - 01:59,0,cubao,entry,0.0
2026-01-03,03:00 - 03:59,0,cubao,entry,0.0
2026-01-04,03:00 - 03:59,0,cubao,entry,0.0
2026-01-04,04:00 - 04:59,333,cubao,entry,5.55
2026-01-04,05:00 - 05:59,1067,cubao,entry,17.783333333333335
2026-01-04,06:00 - 06:59,1198,cubao,entry,19.966666666666665
2026-01-04,07:00 - 07:59,1407,cubao,entry,23.45
2026-01-04,08:00 - 08:59,1657,cubao,entry,27.616666666666667
2026-01-04,09:00 - 09:59,2010,cubao,entry,33.5
2026-01-04,10:00 - 10:59,1931,cubao,entry,32.18333333333333
2026-01-04,11:00 - 11:59,2277,cubao,entry,37.95
2026-01-04,12:00 - 12:59,2463,cubao,entry,41.05
2026-01-04,13:00 - 13:59,2523,cubao,entry,42.05
2026-01-04,14:00 - 14:59,2430,cubao,entry,40.5
2026-01-04,15:00 - 15:59,2581,cubao,entry,43.016666666666666
2026-01-04,16:00 - 16:59,2675,cubao,entry,44.583333333333336
2026-01-04,17:00 - 17:59,2740,cubao,entry,45.666666666666664
2026-01-04,18:00 - 18:59,2432,cubao,entry,40.53333333333333
2026-01-04,19:00 - 19:59,2246,cubao,entry,37.43333333333333
2026-01-04,20:00 - 20:59,1974,cubao,entry,32.9
2026-01-04,21:00 - 21:59,1251,cubao,entry,20.85
2026-01-04,22:00 - 22:59,121,cubao,entry,2.0166666666666666
2026-01-04,23:00 - 23:59,0,cubao,entry,0.0
2026-01-04,00:00 - 00:59,0,cubao,entry,0.0
2026-01-04,01:00 - 01:59,0,cubao,entry,0.0
2026-01-04,02:00 - 02:59,0,cubao,entry,0.0
2026-01-05,03:00 - 03:59,0,cubao,entry,0.0
2026-01-05,04:00 - 04:59,1022,cubao,entry,17.033333333333335
2026-01-05,05:00 - 05:59,2438,cubao,entry,40.63333333333333
2026-01-05,06:00 - 06:59,3850,cubao,entry,64.16666666666667
2026-01-05,07:00 - 07:59,3946,cubao,entry,65.76666666666667
2026-01-05,08:00 - 08:59,3811,cubao,entry,63.516666666666666
2026-01-05,09:00 - 09:59,3153,cubao,entry,52.55
2026-01-05,10:00 - 10:59,2509,cubao,entry,41.81666666666667
2026-01-05,11:00 - 11:59,2568,cubao,entry,42.8
2026-01-05,12:00 - 12:59,2689,cubao,entry,44.81666666666667
2026-01-05,13:00 - 13:59,2458,cubao,entry,40.96666666666667
2026-01-05,14:00 - 14:59,2472,cubao,entry,41.2
2026-01-05,15:00 - 15:59,2481,cubao,entry,41.35
2026-01-05,16:00 - 16:59,2932,cubao,entry,48.86666666666667
2026-01-05,17:00 - 17:59,3576,cubao,entry,59.6
2026-01-05,18:00 - 18:59,3298,cubao,entry,54.96666666666667
2026-01-05,19:00 - 19:59,2758,cubao,entry,45.96666666666667
2026-01-05,20:00 - 20:59,2547,cubao,entry,42.45
2026-01-05,21:00 - 21:59,1551,cubao,entry,25.85
2026-01-05,22:00 - 22:59,341,cubao,entry,5.683333333333334
2026-01-05,23:00 - 23:59,17,cubao,entry,0.2833333333333333
2026-01-05,00:00 - 00:59,0,cubao,entry,0.0
2026-01-05,01:00 - 01:59,0,cubao,entry,0.0
2026-01-05,03:00 - 03:59,0,cubao,entry,0.0
2026-01-06,03:00 - 03:59,0,cubao,entry,0.0
2026-01-06,04:00 - 04:59,694,cubao,entry,11.566666666666666
2026-01-06,05:00 - 05:59,2656,cubao,entry,44.266666666666666
2026-01-06,06:00 - 06:59,4359,cubao,entry,72.65
2026-01-06,07:00 - 07:59,4489,cubao,entry,74.81666666666666
2026-01-06,08:00 - 08:59,3948,cubao,entry,65.8
2026-01-06,09:00 - 09:59,3208,cubao,entry,53.46666666666667
2026-01-06,10:00 - 10:59,2457,cubao,entry,40.95
2026-01-06,11:00 - 11:59,2552,cubao,entry,42.53333333333333
2026-01-06,12:00 - 12:59,2492,cubao,entry,41.53333333333333
2026-01-06,13:00 - 13:59,2349,cubao,entry,39.15
2026-01-06,14:00 - 14:59,2194,cubao,entry,36.56666666666667
2026-01-06,15:00 - 15:59,2458,cubao,entry,40.96666666666667
2026-01-06,16:00 - 16:59,2799,cubao,entry,46.65
2026-01-06,17:00 - 17:59,3470,cubao,entry,57.833333333333336
2026-01-06,18:00 - 18:59,3304,cubao,entry,55.06666666666667
2026-01-06,19:00 - 19:59,2844,cubao,entry,47.4
2026-01-06,20:00 - 20:59,2570,cubao,entry,42.833333333333336
2026-01-06,21:00 - 21:59,1674,cubao,entry,27.9
2026-01-06,22:00 - 22:59,438,cubao,entry,7.3
2026-01-06,23:00 - 23:59,19,cubao,entry,0.31666666666666665
2026-01-06,00:00 - 00:59,0,cubao,entry,0.0
2026-01-06,01:00 - 01:59,0,cubao,entry,0.0
2026-01-06,02:00 - 02:59,0,cubao,entry,0.0
2026-01-07,03:00 - 03:59,0,cubao,entry,0.0
2026-01-07,04:00 - 04:59,646,cubao,entry,10.766666666666667
2026-01-07,05:00 - 05:59,2672,cubao,entry,44.53333333333333
2026-01-07,06:00 - 06:59,4355,cubao,entry,72.58333333333333
2026-01-07,07:00 - 07:59,4590,cubao,entry,76.5
2026-01-07,08:00 - 08:59,4036,cubao,entry,67.26666666666667
2026-01-07,09:00 - 09:59,3244,cubao,entry,54.06666666666667
2026-01-07,10:00 - 10:59,2500,cubao,entry,41.666666666666664
2026-01-07,11:00 - 11:59,2583,cubao,entry,43.05
2026-01-07,12:00 - 12:59,2507,cubao,entry,41.78333333333333
2026-01-07,13:00 - 13:59,2366,cubao,entry,39.43333333333333
2026-01-07,14:00 - 14:59,2186,cubao,entry,36.43333333333333
2026-01-07,15:00 - 15:59,2546,cubao,entry,42.43333333333333
2026-01-07,16:00 - 16:59,2947,cubao,entry,49.11666666666667
2026-01-07,17:00 - 17:59,3595,cubao,entry,59.916666666666664
2026-01-07,18:00 - 18:59,3423,cubao,entry,57.05
2026-01-07,19:00 - 19:59,2959,cubao,entry,49.31666666666667
2026-01-07,20:00 - 20:59,2878,cubao,entry,47.96666666666667
2026-01-07,21:00 - 21:59,1834,cubao,entry,30.566666666666666
2026-01-07,22:00 - 22:59,492,cubao,entry,8.2
2026-01-07,23:00 - 23:59,30,cubao,entry,0.5
2026-01-07,00:00 - 00:59,0,cubao,entry,0.0
2026-01-07,01:00 - 01:59,0,cubao,entry,0.0
2026-01-07,02:00 - 02:59,0,cubao,entry,0.0
2026-01-08,03:00 - 03:59,0,cubao,entry,0.0
2026-01-08,04:00 - 04:59,647,cubao,entry,10.783333333333333
2026-01-08,05:00 - 05:59,2545,cubao,entry,42.416666666666664
2026-01-08,06:00 - 06:59,4267,cubao,entry,71.11666666666666
2026-01-08,07:00 - 07:59,4537,cubao,entry,75.61666666666666
2026-01-08,08:00 - 08:59,3900,cubao,entry,65.0
2026-01-08,09:00 - 09:59,3037,cubao,entry,50.61666666666667
2026-01-08,10:00 - 10:59,2554,cubao,entry,42.56666666666667
2026-01-08,11:00 - 11:59,2539,cubao,entry,42.31666666666667
2026-01-08,12:00 - 12:59,2466,cubao,entry,41.1
2026-01-08,13:00 - 13:59,2320,cubao,entry,38.666666666666664
2026-01-08,14:00 - 14:59,2163,cubao,entry,36.05
2026-01-08,15:00 - 15:59,2374,cubao,entry,39.56666666666667
2026-01-08,16:00 - 16:59,2906,cubao,entry,48.43333333333333
2026-01-08,17:00 - 17:59,3491,cubao,entry,58.18333333333333
2026-01-08,18:00 - 18:59,3282,cubao,entry,54.7
2026-01-08,19:00 - 19:59,2843,cubao,entry,47.38333333333333
2026-01-08,20:00 - 20:59,2535,cubao,entry,42.25
2026-01-08,21:00 - 21:59,1879,cubao,entry,31.316666666666666
2026-01-08,22:00 - 22:59,522,cubao,entry,8.7
2026-01-08,23:00 - 23:59,20,cubao,entry,0.3333333333333333
2026-01-08,00:00 - 00:59,0,cubao,entry,0.0
2026-01-08,01:00 - 01:59,0,cubao,entry,0.0
2026-01-08,02:00 - 02:59,0,cubao,entry,0.0
2026-01-09,03:00 - 03:59,0,cubao,entry,0.0
2026-01-09,04:00 - 04:59,603,cubao,entry,10.05
2026-01-09,05:00 - 05:59,2448,cubao,entry,40.8
2026-01-09,06:00 - 06:59,4022,cubao,entry,67.03333333333333
2026-01-09,07:00 - 07:59,4026,cubao,entry,67.1
2026-01-09,08:00 - 08:59,4120,cubao,entry,68.66666666666667
2026-01-09,09:00 - 09:59,3294,cubao,entry,54.9
2026-01-09,10:00 - 10:59,2506,cubao,entry,41.766666666666666
2026-01-09,11:00 - 11:59,2677,cubao,entry,44.61666666666667
2026-01-09,12:00 - 12:59,2735,cubao,entry,45.583333333333336
2026-01-09,13:00 - 13:59,2494,cubao,entry,41.56666666666667
2026-01-09,14:00 - 14:59,2397,cubao,entry,39.95
2026-01-09,15:00 - 15:59,2638,cubao,entry,43.96666666666667
2026-01-09,16:00 - 16:59,2855,cubao,entry,47.583333333333336
2026-01-09,17:00 - 17:59,3540,cubao,entry,59.0
2026-01-09,18:00 - 18:59,3450,cubao,entry,57.5
2026-01-09,19:00 - 19:59,2880,cubao,entry,48.0
2026-01-09,20:00 - 20:59,2587,cubao,entry,43.11666666666667
2026-01-09,21:00 - 21:59,1840,cubao,entry,30.666666666666668
2026-01-09,22:00 - 22:59,601,cubao,entry,10.016666666666667
2026-01-09,23:00 - 23:59,43,cubao,entry,0.7166666666666667
2026-01-09,00:00 - 00:59,0,cubao,entry,0.0
2026-01-09,01:00 - 01:59,0,cubao,entry,0.0
2026-01-09,02:00 - 02:59,0,cubao,entry,0.0
2026-01-10,03:00 - 03:59,0,cubao,entry,0.0
2026-01-10,04:00 - 04:59,378,cubao,entry,6.3
2026-01-10,05:00 - 05:59,1680,cubao,entry,28.0
2026-01-10,06:00 - 06:59,2291,cubao,entry,38.18333333333333
2026-01-10,07:00 - 07:59,2443,cubao,entry,40.71666666666667
2026-01-10,08:00 - 08:59,2464,cubao,entry,41.06666666666667
2026-01-10,09:00 - 09:59,2395,cubao,entry,39.916666666666664
2026-01-10,10:00 - 10:59,2273,cubao,entry,37.88333333333333
2026-01-10,11:00 - 11:59,2526,cubao,entry,42.1
2026-01-10,12:00 - 12:59,2641,cubao,entry,44.016666666666666
2026-01-10,13:00 - 13:59,2607,cubao,entry,43.45
2026-01-10,14:00 - 14:59,2455,cubao,entry,40.916666666666664
2026-01-10,15:00 - 15:59,2650,cubao,entry,44.166666666666664
2026-01-10,16:00 - 16:59,3110,cubao,entry,51.833333333333336
2026-01-10,17:00 - 17:59,3386,cubao,entry,56.43333333333333
2026-01-10,18:00 - 18:59,3087,cubao,entry,51.45
2026-01-10,19:00 - 19:59,2555,cubao,entry,42.583333333333336
2026-01-10,20:00 - 20:59,2156,cubao,entry,35.93333333333333
2026-01-10,21:00 - 21:59,1192,cubao,entry,19.866666666666667
2026-01-10,22:00 - 22:59,146,cubao,entry,2.433333333333333
2026-01-10,23:00 - 23:59,0,cubao,entry,0.0
2026-01-10,00:00 - 00:59,0,cubao,entry,0.0
2026-01-10,01:00 - 01:59,0,cubao,entry,0.0
2026-01-10,02:00 - 02:59,0,cubao,entry,0.0
2026-01-11,03:00 - 03:59,0,cubao,entry,0.0
2026-01-11,04:00 - 04:59,298,cubao,entry,4.966666666666667
2026-01-11,05:00 - 05:59,1029,cubao,entry,17.15
2026-01-11,06:00 - 06:59,1154,cubao,entry,19.233333333333334
2026-01-11,07:00 - 07:59,1341,cubao,entry,22.35
2026-01-11,08:00 - 08:59,1646,cubao,entry,27.433333333333334
2026-01-11,09:00 - 09:59,1958,cubao,entry,32.63333333333333
2026-01-11,10:00 - 10:59,1843,cubao,entry,30.716666666666665
2026-01-11,11:00 - 11:59,2228,cubao,entry,37.13333333333333
2026-01-11,12:00 - 12:59,2314,cubao,entry,38.56666666666667
2026-01-11,13:00 - 13:59,2209,cubao,entry,36.81666666666667
2026-01-11,14:00 - 14:59,2249,cubao,entry,37.483333333333334
2026-01-11,15:00 - 15:59,2537,cubao,entry,42.28333333333333
2026-01-11,16:00 - 16:59,2644,cubao,entry,44.06666666666667
2026-01-11,17:00 - 17:59,2501,cubao,entry,41.68333333333333
2026-01-11,18:00 - 18:59,2278,cubao,entry,37.96666666666667
2026-01-11,19:00 - 19:59,2216,cubao,entry,36.93333333333333
2026-01-11,20:00 - 20:59,2108,cubao,entry,35.13333333333333
2026-01-11,21:00 - 21:59,1169,cubao,entry,19.483333333333334
2026-01-11,22:00 - 22:59,93,cubao,entry,1.55
2026-01-11,23:00 - 23:59,0,cubao,entry,0.0
2026-01-11,00:00 - 00:59,0,cubao,entry,0.0
2026-01-11,01:00 - 01:59,0,cubao,entry,0.0
2026-01-11,02:00 - 02:59,0,cubao,entry,0.0
2026-01-12,03:00 - 03:59,0,cubao,entry,0.0
2026-01-12,04:00 - 04:59,998,cubao,entry,16.633333333333333
2026-01-12,05:00 - 05:59,3105,cubao,entry,51.75
2026-01-12,06:00 - 06:59,4462,cubao,entry,74.36666666666666
2026-01-12,07:00 - 07:59,4604,cubao,entry,76.73333333333333
2026-01-12,08:00 - 08:59,3823,cubao,entry,63.71666666666667
2026-01-12,09:00 - 09:59,3395,cubao,entry,56.583333333333336
2026-01-12,10:00 - 10:59,2663,cubao,entry,44.38333333333333
2026-01-12,11:00 - 11:59,2603,cubao,entry,43.38333333333333
2026-01-12,12:00 - 12:59,2691,cubao,entry,44.85
2026-01-12,13:00 - 13:59,2410,cubao,entry,40.166666666666664
2026-01-12,14:00 - 14:59,2264,cubao,entry,37.733333333333334
2026-01-12,15:00 - 15:59,2503,cubao,entry,41.71666666666667
2026-01-12,16:00 - 16:59,3018,cubao,entry,50.3
2026-01-12,17:00 - 17:59,3526,cubao,entry,58.766666666666666
2026-01-12,18:00 - 18:59,3577,cubao,entry,59.61666666666667
2026-01-12,19:00 - 19:59,2957,cubao,entry,49.28333333333333
2026-01-12,20:00 - 20:59,2519,cubao,entry,41.983333333333334
2026-01-12,21:00 - 21:59,1629,cubao,entry,27.15
2026-01-12,22:00 - 22:59,390,cubao,entry,6.5
2026-01-12,23:00 - 23:59,19,cubao,entry,0.31666666666666665
2026-01-12,00:00 - 00:59,0,cubao,entry,0.0
2026-01-12,01:00 - 01:59,0,cubao,entry,0.0
2026-01-12,02:00 - 02:59,0,cubao,entry,0.0
2026-01-13,03:00 - 03:59,0,cubao,entry,0.0
2026-01-13,04:00 - 04:59,663,cubao,entry,11.05
2026-01-13,05:00 - 05:59,2694,cubao,entry,44.9
2026-01-13,06:00 - 06:59,4258,cubao,entry,70.96666666666667
2026-01-13,07:00 - 07:59,4464,cubao,entry,74.4
2026-01-13,08:00 - 08:59,4409,cubao,entry,73.48333333333333
2026-01-13,09:00 - 09:59,3226,cubao,entry,53.766666666666666
2026-01-13,10:00 - 10:59,2596,cubao,entry,43.266666666666666
2026-01-13,11:00 - 11:59,2636,cubao,entry,43.93333333333333
2026-01-13,12:00 - 12:59,2448,cubao,entry,40.8
2026-01-13,13:00 - 13:59,2374,cubao,entry,39.56666666666667
2026-01-13,14:00 - 14:59,2365,cubao,entry,39.416666666666664
2026-01-13,15:00 - 15:59,2487,cubao,entry,41.45
2026-01-13,16:00 - 16:59,3044,cubao,entry,50.733333333333334
2026-01-13,17:00 - 17:59,3629,cubao,entry,60.483333333333334
2026-01-13,18:00 - 18:59,3479,cubao,entry,57.983333333333334
2026-01-13,19:00 - 19:59,2921,cubao,entry,48.68333333333333
2026-01-13,20:00 - 20:59,2581,cubao,entry,43.016666666666666
2026-01-13,21:00 - 21:59,1685,cubao,entry,28.083333333333332
2026-01-13,22:00 - 22:59,386,cubao,entry,6.433333333333334
2026-01-13,23:00 - 23:59,19,cubao,entry,0.31666666666666665
2026-01-13,00:00 - 00:59,0,cubao,entry,0.0
2026-01-13,01:00 - 01:59,0,cubao,entry,0.0
2026-01-13,02:00 - 02:59,0,cubao,entry,0.0
2026-01-14,03:00 - 03:59,0,cubao,entry,0.0
2026-01-14,04:00 - 04:59,693,cubao,entry,11.55
2026-01-14,05:00 - 05:59,2658,cubao,entry,44.3
2026-01-14,06:00 - 06:59,4190,cubao,entry,69.83333333333333
2026-01-14,07:00 - 07:59,4816,cubao,entry,80.26666666666667
2026-01-14,08:00 - 08:59,3968,cubao,entry,66.13333333333334
2026-01-14,09:00 - 09:59,3195,cubao,entry,53.25
2026-01-14,10:00 - 10:59,2610,cubao,entry,43.5
2026-01-14,11:00 - 11:59,2576,cubao,entry,42.93333333333333
2026-01-14,12:00 - 12:59,2628,cubao,entry,43.8
2026-01-14,13:00 - 13:59,2436,cubao,entry,40.6
2026-01-14,14:00 - 14:59,2190,cubao,entry,36.5
2026-01-14,15:00 - 15:59,2384,cubao,entry,39.733333333333334
2026-01-14,16:00 - 16:59,2922,cubao,entry,48.7
2026-01-14,17:00 - 17:59,3616,cubao,entry,60.266666666666666
2026-01-14,18:00 - 18:59,3494,cubao,entry,58.233333333333334
2026-01-14,19:00 - 19:59,3086,cubao,entry,51.43333333333333
2026-01-14,20:00 - 20:59,2724,cubao,entry,45.4
2026-01-14,21:00 - 21:59,1844,cubao,entry,30.733333333333334
2026-01-14,22:00 - 22:59,546,cubao,entry,9.1
2026-01-14,23:00 - 23:59,31,cubao,entry,0.5166666666666667
2026-01-14,00:00 - 00:59,0,cubao,entry,0.0
2026-01-14,01:00 - 01:59,0,cubao,entry,0.0
2026-01-14,02:00 - 02:59,0,cubao,entry,0.0
2026-01-15,03:00 - 03:59,0,cubao,entry,0.0
2026-01-15,04:00 - 04:59,598,cubao,entry,9.966666666666667
2026-01-15,05:00 - 05:59,2572,cubao,entry,42.86666666666667
2026-01-15,06:00 - 06:59,4287,cubao,entry,71.45
2026-01-15,07:00 - 07:59,4761,cubao,entry,79.35
2026-01-15,08:00 - 08:59,4016,cubao,entry,66.93333333333334
2026-01-15,09:00 - 09:59,3164,cubao,entry,52.733333333333334
2026-01-15,10:00 - 10:59,2542,cubao,entry,42.36666666666667
2026-01-15,11:00 - 11:59,2504,cubao,entry,41.733333333333334
2026-01-15,12:00 - 12:59,2583,cubao,entry,43.05
2026-01-15,13:00 - 13:59,2454,cubao,entry,40.9
2026-01-15,14:00 - 14:59,2275,cubao,entry,37.916666666666664
2026-01-15,15:00 - 15:59,2584,cubao,entry,43.06666666666667
2026-01-15,16:00 - 16:59,3094,cubao,entry,51.56666666666667
2026-01-15,17:00 - 17:59,3647,cubao,entry,60.78333333333333
2026-01-15,18:00 - 18:59,3540,cubao,entry,59.0
2026-01-15,19:00 - 19:59,3101,cubao,entry,51.68333333333333
2026-01-15,20:00 - 20:59,2756,cubao,entry,45.93333333333333
2026-01-15,21:00 - 21:59,1844,cubao,entry,30.733333333333334
2026-01-15,22:00 - 22:59,429,cubao,entry,7.15
2026-01-15,23:00 - 23:59,30,cubao,entry,0.5
2026-01-15,00:00 - 00:59,0,cubao,entry,0.0
2026-01-15,01:00 - 01:59,0,cubao,entry,0.0
2026-01-15,02:00 - 02:59,0,cubao,entry,0.0
2026-01-16,03:00 - 03:59,0,cubao,entry,0.0
2026-01-16,04:00 - 04:59,589,cubao,entry,9.816666666666666
2026-01-16,05:00 - 05:59,2428,cubao,entry,40.46666666666667
2026-01-16,06:00 - 06:59,4104,cubao,entry,68.4
2026-01-16,07:00 - 07:59,4463,cubao,entry,74.38333333333334
2026-01-16,08:00 - 08:59,3911,cubao,entry,65.18333333333334
2026-01-16,09:00 - 09:59,3152,cubao,entry,52.53333333333333
2026-01-16,10:00 - 10:59,2464,cubao,entry,41.06666666666667
2026-01-16,11:00 - 11:59,2658,cubao,entry,44.3
2026-01-16,12:00 - 12:59,2826,cubao,entry,47.1
2026-01-16,13:00 - 13:59,2559,cubao,entry,42.65
2026-01-16,14:00 - 14:59,2596,cubao,entry,43.266666666666666
2026-01-16,15:00 - 15:59,2780,cubao,entry,46.333333333333336
2026-01-16,16:00 - 16:59,3278,cubao,entry,54.63333333333333
2026-01-16,17:00 - 17:59,3941,cubao,entry,65.68333333333334
2026-01-16,18:00 - 18:59,3784,cubao,entry,63.06666666666667
2026-01-16,19:00 - 19:59,3260,cubao,entry,54.333333333333336
2026-01-16,20:00 - 20:59,2906,cubao,entry,48.43333333333333
2026-01-16,21:00 - 21:59,2395,cubao,entry,39.916666666666664
2026-01-16,22:00 - 22:59,601,cubao,entry,10.016666666666667
2026-01-16,23:00 - 23:59,21,cubao,entry,0.35
2026-01-16,00:00 - 00:59,0,cubao,entry,0.0
2026-01-16,01:00 - 01:59,0,cubao,entry,0.0
2026-01-16,02:00 - 02:59,0,cubao,entry,0.0
2026-01-17,03:00 - 03:59,0,cubao,entry,0.0
2026-01-17,04:00 - 04:59,405,cubao,entry,6.75
2026-01-17,05:00 - 05:59,1710,cubao,entry,28.5
2026-01-17,06:00 - 06:59,2373,cubao,entry,39.55
2026-01-17,07:00 - 07:59,2539,cubao,entry,42.31666666666667
2026-01-17,08:00 - 08:59,2442,cubao,entry,40.7
2026-01-17,09:00 - 09:59,2466,cubao,entry,41.1
2026-01-17,10:00 - 10:59,2357,cubao,entry,39.28333333333333
2026-01-17,11:00 - 11:59,2594,cubao,entry,43.233333333333334
2026-01-17,12:00 - 12:59,2774,cubao,entry,46.233333333333334
2026-01-17,13:00 - 13:59,2659,cubao,entry,44.31666666666667
2026-01-17,14:00 - 14:59,2691,cubao,entry,44.85
2026-01-17,15:00 - 15:59,2842,cubao,entry,47.36666666666667
2026-01-17,16:00 - 16:59,3297,cubao,entry,54.95
2026-01-17,17:00 - 17:59,3592,cubao,entry,59.86666666666667
2026-01-17,18:00 - 18:59,3248,cubao,entry,54.13333333333333
2026-01-17,19:00 - 19:59,2560,cubao,entry,42.666666666666664
2026-01-17,20:00 - 20:59,2176,cubao,entry,36.266666666666666
2026-01-17,21:00 - 21:59,1475,cubao,entry,24.583333333333332
2026-01-17,22:00 - 22:59,143,cubao,entry,2.3833333333333333
2026-01-17,23:00 - 23:59,0,cubao,entry,0.0
2026-01-17,00:00 - 00:59,0,cubao,entry,0.0
2026-01-17,01:00 - 01:59,0,cubao,entry,0.0
2026-01-17,02:00 - 02:59,0,cubao,entry,0.0
2026-01-18,03:00 - 03:59,0,cubao,entry,0.0
2026-01-18,04:00 - 04:59,302,cubao,entry,5.033333333333333
2026-01-18,05:00 - 05:59,1004,cubao,entry,16.733333333333334
2026-01-18,06:00 - 06:59,1199,cubao,entry,19.983333333333334
2026-01-18,07:00 - 07:59,1439,cubao,entry,23.983333333333334
2026-01-18,08:00 - 08:59,1641,cubao,entry,27.35
2026-01-18,09:00 - 09:59,1946,cubao,entry,32.43333333333333
2026-01-18,10:00 - 10:59,1884,cubao,entry,31.4
2026-01-18,11:00 - 11:59,2205,cubao,entry,36.75
2026-01-18,12:00 - 12:59,2453,cubao,entry,40.88333333333333
2026-01-18,13:00 - 13:59,2332,cubao,entry,38.86666666666667
2026-01-18,14:00 - 14:59,2240,cubao,entry,37.333333333333336
2026-01-18,15:00 - 15:59,2398,cubao,entry,39.96666666666667
2026-01-18,16:00 - 16:59,2664,cubao,entry,44.4
2026-01-18,17:00 - 17:59,2740,cubao,entry,45.666666666666664
2026-01-18,18:00 - 18:59,2650,cubao,entry,44.166666666666664
2026-01-18,19:00 - 19:59,2434,cubao,entry,40.56666666666667
2026-01-18,20:00 - 20:59,2171,cubao,entry,36.18333333333333
2026-01-18,21:00 - 21:59,1255,cubao,entry,20.916666666666668
2026-01-18,22:00 - 22:59,65,cubao,entry,1.0833333333333333
2026-01-18,23:00 - 23:59,0,cubao,entry,0.0
2026-01-18,00:00 - 00:59,0,cubao,entry,0.0
2026-01-18,01:00 - 01:59,0,cubao,entry,0.0
2026-01-18,02:00 - 02:59,0,cubao,entry,0.0
2026-01-19,03:00 - 03:59,0,cubao,entry,0.0
2026-01-19,04:00 - 04:59,980,cubao,entry,16.333333333333332
2026-01-19,05:00 - 05:59,3188,cubao,entry,53.13333333333333
2026-01-19,06:00 - 06:59,4550,cubao,entry,75.83333333333333
2026-01-19,07:00 - 07:59,4529,cubao,entry,75.48333333333333
2026-01-19,08:00 - 08:59,3981,cubao,entry,66.35
2026-01-19,09:00 - 09:59,3283,cubao,entry,54.71666666666667
2026-01-19,10:00 - 10:59,2583,cubao,entry,43.05
2026-01-19,11:00 - 11:59,2679,cubao,entry,44.65
2026-01-19,12:00 - 12:59,2711,cubao,entry,45.18333333333333
2026-01-19,13:00 - 13:59,2522,cubao,entry,42.03333333333333
2026-01-19,14:00 - 14:59,2307,cubao,entry,38.45
2026-01-19,15:00 - 15:59,2503,cubao,entry,41.71666666666667
2026-01-19,16:00 - 16:59,3022,cubao,entry,50.36666666666667
2026-01-19,17:00 - 17:59,3587,cubao,entry,59.78333333333333
2026-01-19,18:00 - 18:59,3518,cubao,entry,58.63333333333333
2026-01-19,19:00 - 19:59,2902,cubao,entry,48.36666666666667
2026-01-19,20:00 - 20:59,2507,cubao,entry,41.78333333333333
2026-01-19,21:00 - 21:59,1559,cubao,entry,25.983333333333334
2026-01-19,22:00 - 22:59,368,cubao,entry,6.133333333333334
2026-01-19,23:00 - 23:59,19,cubao,entry,0.31666666666666665
2026-01-19,00:00 - 00:59,0,cubao,entry,0.0
2026-01-19,01:00 - 01:59,0,cubao,entry,0.0
2026-01-19,02:00 - 02:59,0,cubao,entry,0.0
2026-01-20,03:00 - 03:59,0,cubao,entry,0.0
2026-01-20,04:00 - 04:59,710,cubao,entry,11.833333333333334
2026-01-20,05:00 - 05:59,2749,cubao,entry,45.81666666666667
2026-01-20,06:00 - 06:59,4200,cubao,entry,70.0
2026-01-20,07:00 - 07:59,4733,cubao,entry,78.88333333333334
2026-01-20,08:00 - 08:59,3836,cubao,entry,63.93333333333333
2026-01-20,09:00 - 09:59,3304,cubao,entry,55.06666666666667
2026-01-20,10:00 - 10:59,2577,cubao,entry,42.95
2026-01-20,11:00 - 11:59,2710,cubao,entry,45.166666666666664
2026-01-20,12:00 - 12:59,2507,cubao,entry,41.78333333333333
2026-01-20,13:00 - 13:59,2421,cubao,entry,40.35
2026-01-20,14:00 - 14:59,2242,cubao,entry,37.36666666666667
2026-01-20,15:00 - 15:59,2543,cubao,entry,42.38333333333333
2026-01-20,16:00 - 16:59,2875,cubao,entry,47.916666666666664
2026-01-20,17:00 - 17:59,3565,cubao,entry,59.416666666666664
2026-01-20,18:00 - 18:59,3512,cubao,entry,58.53333333333333
2026-01-20,19:00 - 19:59,3110,cubao,entry,51.833333333333336
2026-01-20,20:00 - 20:59,2644,cubao,entry,44.06666666666667
2026-01-20,21:00 - 21:59,1711,cubao,entry,28.516666666666666
2026-01-20,22:00 - 22:59,423,cubao,entry,7.05
2026-01-20,23:00 - 23:59,19,cubao,entry,0.31666666666666665
2026-01-20,00:00 - 00:59,0,cubao,entry,0.0
2026-01-20,01:00 - 01:59,0,cubao,entry,0.0
2026-01-20,02:00 - 02:59,0,cubao,entry,0.0
2026-01-21,03:00 - 03:59,0,cubao,entry,0.0
2026-01-21,04:00 - 04:59,667,cubao,entry,11.116666666666667
2026-01-21,05:00 - 05:59,2687,cubao,entry,44.78333333333333
2026-01-21,06:00 - 06:59,4533,cubao,entry,75.55
2026-01-21,07:00 - 07:59,4630,cubao,entry,77.16666666666667
2026-01-21,08:00 - 08:59,4119,cubao,entry,68.65
2026-01-21,09:00 - 09:59,3334,cubao,entry,55.56666666666667
2026-01-21,10:00 - 10:59,2698,cubao,entry,44.96666666666667
2026-01-21,11:00 - 11:59,2597,cubao,entry,43.28333333333333
2026-01-21,12:00 - 12:59,2646,cubao,entry,44.1
2026-01-21,13:00 - 13:59,2425,cubao,entry,40.416666666666664
2026-01-21,14:00 - 14:59,2381,cubao,entry,39.68333333333333
2026-01-21,15:00 - 15:59,2436,cubao,entry,40.6
2026-01-21,16:00 - 16:59,3154,cubao,entry,52.56666666666667
2026-01-21,17:00 - 17:59,3739,cubao,entry,62.31666666666667
2026-01-21,18:00 - 18:59,3498,cubao,entry,58.3
2026-01-21,19:00 - 19:59,3000,cubao,entry,50.0
2026-01-21,20:00 - 20:59,2591,cubao,entry,43.18333333333333
2026-01-21,21:00 - 21:59,1719,cubao,entry,28.65
2026-01-21,22:00 - 22:59,385,cubao,entry,6.416666666666667
2026-01-21,23:00 - 23:59,18,cubao,entry,0.3
2026-01-21,00:00 - 00:59,0,cubao,entry,0.0
2026-01-21,01:00 - 01:59,0,cubao,entry,0.0
2026-01-21,02:00 - 02:59,0,cubao,entry,0.0
2026-01-22,03:00 - 03:59,0,cubao,entry,0.0
2026-01-22,04:00 - 04:59,620,cubao,entry,10.333333333333334
2026-01-22,05:00 - 05:59,2641,cubao,entry,44.016666666666666
2026-01-22,06:00 - 06:59,4320,cubao,entry,72.0
2026-01-22,07:00 - 07:59,4661,cubao,entry,77.68333333333334
2026-01-22,08:00 - 08:59,4135,cubao,entry,68.91666666666667
2026-01-22,09:00 - 09:59,3219,cubao,entry,53.65
2026-01-22,10:00 - 10:59,2510,cubao,entry,41.833333333333336
2026-01-22,11:00 - 11:59,2476,cubao,entry,41.266666666666666
2026-01-22,12:00 - 12:59,2560,cubao,entry,42.666666666666664
2026-01-22,13:00 - 13:59,2395,cubao,entry,39.916666666666664
2026-01-22,14:00 - 14:59,2232,cubao,entry,37.2
2026-01-22,15:00 - 15:59,2568,cubao,entry,42.8
2026-01-22,16:00 - 16:59,2925,cubao,entry,48.75
2026-01-22,17:00 - 17:59,3590,cubao,entry,59.833333333333336
2026-01-22,18:00 - 18:59,3405,cubao,entry,56.75
2026-01-22,19:00 - 19:59,2874,cubao,entry,47.9
2026-01-22,20:00 - 20:59,2685,cubao,entry,44.75
2026-01-22,21:00 - 21:59,1680,cubao,entry,28.0
2026-01-22,22:00 - 22:59,419,cubao,entry,6.983333333333333
2026-01-22,23:00 - 23:59,21,cubao,entry,0.35
2026-01-22,00:00 - 00:59,0,cubao,entry,0.0
2026-01-22,01:00 - 01:59,0,cubao,entry,0.0
2026-01-22,02:00 - 02:59,0,cubao,entry,0.0
2026-01-23,03:00 - 03:59,0,cubao,entry,0.0
2026-01-23,04:00 - 04:59,602,cubao,entry,10.033333333333333
2026-01-23,05:00 - 05:59,2510,cubao,entry,41.833333333333336
2026-01-23,06:00 - 06:59,3968,cubao,entry,66.13333333333334
2026-01-23,07:00 - 07:59,4586,cubao,entry,76.43333333333334
2026-01-23,08:00 - 08:59,3885,cubao,entry,64.75
2026-01-23,09:00 - 09:59,3224,cubao,entry,53.733333333333334
2026-01-23,10:00 - 10:59,2444,cubao,entry,40.733333333333334
2026-01-23,11:00 - 11:59,2589,cubao,entry,43.15
2026-01-23,12:00 - 12:59,2825,cubao,entry,47.083333333333336
2026-01-23,13:00 - 13:59,2547,cubao,entry,42.45
2026-01-23,14:00 - 14:59,2666,cubao,entry,44.43333333333333
2026-01-23,15:00 - 15:59,2765,cubao,entry,46.083333333333336
2026-01-23,16:00 - 16:59,3220,cubao,entry,53.666666666666664
2026-01-23,17:00 - 17:59,3778,cubao,entry,62.96666666666667
2026-01-23,18:00 - 18:59,3742,cubao,entry,62.36666666666667
2026-01-23,19:00 - 19:59,3194,cubao,entry,53.233333333333334
2026-01-23,20:00 - 20:59,2729,cubao,entry,45.483333333333334
2026-01-23,21:00 - 21:59,1831,cubao,entry,30.516666666666666
2026-01-23,22:00 - 22:59,588,cubao,entry,9.8
2026-01-23,23:00 - 23:59,20,cubao,entry,0.3333333333333333
2026-01-23,00:00 - 00:59,0,cubao,entry,0.0
2026-01-23,01:00 - 01:59,0,cubao,entry,0.0
2026-01-23,02:00 - 02:59,0,cubao,entry,0.0
2026-01-24,03:00 - 03:59,0,cubao,entry,0.0
2026-01-24,04:00 - 04:59,401,cubao,entry,6.683333333333334
2026-01-24,05:00 - 05:59,1657,cubao,entry,27.616666666666667
2026-01-24,06:00 - 06:59,2344,cubao,entry,39.06666666666667
2026-01-24,07:00 - 07:59,2558,cubao,entry,42.63333333333333
2026-01-24,08:00 - 08:59,2556,cubao,entry,42.6
2026-01-24,09:00 - 09:59,2521,cubao,entry,42.016666666666666
2026-01-24,10:00 - 10:59,2258,cubao,entry,37.63333333333333
2026-01-24,11:00 - 11:59,2468,cubao,entry,41.13333333333333
2026-01-24,12:00 - 12:59,2787,cubao,entry,46.45
2026-01-24,13:00 - 13:59,2692,cubao,entry,44.86666666666667
2026-01-24,14:00 - 14:59,2611,cubao,entry,43.516666666666666
2026-01-24,15:00 - 15:59,2820,cubao,entry,47.0
2026-01-24,16:00 - 16:59,3137,cubao,entry,52.28333333333333
2026-01-24,17:00 - 17:59,3322,cubao,entry,55.36666666666667
2026-01-24,18:00 - 18:59,3124,cubao,entry,52.06666666666667
2026-01-24,19:00 - 19:59,2486,cubao,entry,41.43333333333333
2026-01-24,20:00 - 20:59,2055,cubao,entry,34.25
2026-01-24,21:00 - 21:59,1232,cubao,entry,20.533333333333335
2026-01-24,22:00 - 22:59,136,cubao,entry,2.2666666666666666
2026-01-24,23:00 - 23:59,0,cubao,entry,0.0
2026-01-24,00:00 - 00:59,0,cubao,entry,0.0
2026-01-24,01:00 - 01:59,0,cubao,entry,0.0
2026-01-24,02:00 - 02:59,0,cubao,entry,0.0
2026-01-25,03:00 - 03:59,0,cubao,entry,0.0
2026-01-25,04:00 - 04:59,287,cubao,entry,4.783333333333333
2026-01-25,05:00 - 05:59,985,cubao,entry,16.416666666666668
2026-01-25,06:00 - 06:59,1248,cubao,entry,20.8
2026-01-25,07:00 - 07:59,1529,cubao,entry,25.483333333333334
2026-01-25,08:00 - 08:59,1748,cubao,entry,29.133333333333333
2026-01-25,09:00 - 09:59,2075,cubao,entry,34.583333333333336
2026-01-25,10:00 - 10:59,1807,cubao,entry,30.116666666666667
2026-01-25,11:00 - 11:59,2181,cubao,entry,36.35
2026-01-25,12:00 - 12:59,2266,cubao,entry,37.766666666666666
2026-01-25,13:00 - 13:59,2455,cubao,entry,40.916666666666664
2026-01-25,14:00 - 14:59,2303,cubao,entry,38.38333333333333
2026-01-25,15:00 - 15:59,2401,cubao,entry,40.016666666666666
2026-01-25,16:00 - 16:59,2405,cubao,entry,40.083333333333336
2026-01-25,17:00 - 17:59,2680,cubao,entry,44.666666666666664
2026-01-25,18:00 - 18:59,2448,cubao,entry,40.8
2026-01-25,19:00 - 19:59,2283,cubao,entry,38.05
2026-01-25,20:00 - 20:59,2056,cubao,entry,34.266666666666666
2026-01-25,21:00 - 21:59,1087,cubao,entry,18.116666666666667
2026-01-25,22:00 - 22:59,66,cubao,entry,1.1
2026-01-25,23:00 - 23:59,0,cubao,entry,0.0
2026-01-25,00:00 - 00:59,0,cubao,entry,0.0
2026-01-25,01:00 - 01:59,0,cubao,entry,0.0
2026-01-25,02:00 - 02:59,0,cubao,entry,0.0
2026-01-26,03:00 - 03:59,0,cubao,entry,0.0
2026-01-26,04:00 - 04:59,998,cubao,entry,16.633333333333333
2026-01-26,05:00 - 05:59,3131,cubao,entry,52.18333333333333
2026-01-26,06:00 - 06:59,4307,cubao,entry,71.78333333333333
2026-01-26,07:00 - 07:59,4631,cubao,entry,77.18333333333334
2026-01-26,08:00 - 08:59,3969,cubao,entry,66.15
2026-01-26,09:00 - 09:59,3201,cubao,entry,53.35
2026-01-26,10:00 - 10:59,2708,cubao,entry,45.13333333333333
2026-01-26,11:00 - 11:59,2674,cubao,entry,44.56666666666667
2026-01-26,12:00 - 12:59,2578,cubao,entry,42.96666666666667
2026-01-26,13:00 - 13:59,2351,cubao,entry,39.18333333333333
2026-01-26,14:00 - 14:59,2407,cubao,entry,40.11666666666667
2026-01-26,15:00 - 15:59,2461,cubao,entry,41.016666666666666
2026-01-26,16:00 - 16:59,2910,cubao,entry,48.5
2026-01-26,17:00 - 17:59,3499,cubao,entry,58.31666666666667
2026-01-26,18:00 - 18:59,3326,cubao,entry,55.43333333333333
2026-01-26,19:00 - 19:59,2842,cubao,entry,47.36666666666667
2026-01-26,20:00 - 20:59,2519,cubao,entry,41.983333333333334
2026-01-26,21:00 - 21:59,1554,cubao,entry,25.9
2026-01-26,22:00 - 22:59,410,cubao,entry,6.833333333333333
2026-01-26,23:00 - 23:59,20,cubao,entry,0.3333333333333333
2026-01-26,00:00 - 00:59,0,cubao,entry,0.0
2026-01-26,01:00 - 01:59,0,cubao,entry,0.0
2026-01-26,02:00 - 02:59,0,cubao,entry,0.0
2026-01-27,03:00 - 03:59,0,cubao,entry,0.0
2026-01-27,04:00 - 04:59,672,cubao,entry,11.2
2026-01-27,05:00 - 05:59,2743,cubao,entry,45.71666666666667
2026-01-27,06:00 - 06:59,4475,cubao,entry,74.58333333333333
2026-01-27,07:00 - 07:59,4735,cubao,entry,78.91666666666667
2026-01-27,08:00 - 08:59,4138,cubao,entry,68.96666666666667
2026-01-27,09:00 - 09:59,3230,cubao,entry,53.833333333333336
2026-01-27,10:00 - 10:59,2606,cubao,entry,43.43333333333333
2026-01-27,11:00 - 11:59,2607,cubao,entry,43.45
2026-01-27,12:00 - 12:59,2569,cubao,entry,42.81666666666667
2026-01-27,13:00 - 13:59,2343,cubao,entry,39.05
2026-01-27,14:00 - 14:59,1359,cubao,entry,22.65
2026-01-27,15:00 - 15:59,2306,cubao,entry,38.43333333333333
2026-01-27,16:00 - 16:59,2985,cubao,entry,49.75
2026-01-27,17:00 - 17:59,3548,cubao,entry,59.13333333333333
2026-01-27,18:00 - 18:59,3386,cubao,entry,56.43333333333333
2026-01-27,19:00 - 19:59,2946,cubao,entry,49.1
2026-01-27,20:00 - 20:59,2631,cubao,entry,43.85
2026-01-27,21:00 - 21:59,1626,cubao,entry,27.1
2026-01-27,22:00 - 22:59,413,cubao,entry,6.883333333333334
2026-01-27,23:00 - 23:59,21,cubao,entry,0.35
2026-01-27,00:00 - 00:59,0,cubao,entry,0.0
2026-01-27,01:00 - 01:59,0,cubao,entry,0.0
2026-01-27,02:00 - 02:59,0,cubao,entry,0.0
2026-01-28,03:00 - 03:59,0,cubao,entry,0.0
2026-01-28,04:00 - 04:59,669,cubao,entry,11.15
2026-01-28,05:00 - 05:59,2688,cubao,entry,44.8
2026-01-28,06:00 - 06:59,4469,cubao,entry,74.48333333333333
2026-01-28,07:00 - 07:59,4681,cubao,entry,78.01666666666667
2026-01-28,08:00 - 08:59,4223,cubao,entry,70.38333333333334
2026-01-28,09:00 - 09:59,3233,cubao,entry,53.88333333333333
2026-01-28,10:00 - 10:59,2498,cubao,entry,41.63333333333333
2026-01-28,11:00 - 11:59,2675,cubao,entry,44.583333333333336
2026-01-28,12:00 - 12:59,2554,cubao,entry,42.56666666666667
2026-01-28,13:00 - 13:59,2407,cubao,entry,40.11666666666667
2026-01-28,14:00 - 14:59,2177,cubao,entry,36.28333333333333
2026-01-28,15:00 - 15:59,2425,cubao,entry,40.416666666666664
2026-01-28,16:00 - 16:59,3003,cubao,entry,50.05
2026-01-28,17:00 - 17:59,3587,cubao,entry,59.78333333333333
2026-01-28,18:00 - 18:59,3443,cubao,entry,57.38333333333333
2026-01-28,19:00 - 19:59,2932,cubao,entry,48.86666666666667
2026-01-28,20:00 - 20:59,2737,cubao,entry,45.61666666666667
2026-01-28,21:00 - 21:59,1795,cubao,entry,29.916666666666668
2026-01-28,22:00 - 22:59,424,cubao,entry,7.066666666666666
2026-01-28,23:00 - 23:59,22,cubao,entry,0.36666666666666664
2026-01-28,00:00 - 00:59,0,cubao,entry,0.0
2026-01-28,01:00 - 01:59,0,cubao,entry,0.0
2026-01-28,02:00 - 02:59,0,cubao,entry,0.0
2026-01-29,03:00 - 03:59,0,cubao,entry,0.0
2026-01-29,04:00 - 04:59,610,cubao,entry,10.166666666666666
2026-01-29,05:00 - 05:59,2625,cubao,entry,43.75
2026-01-29,06:00 - 06:59,4207,cubao,entry,70.11666666666666
2026-01-29,07:00 - 07:59,4524,cubao,entry,75.4
2026-01-29,08:00 - 08:59,4253,cubao,entry,70.88333333333334
2026-01-29,09:00 - 09:59,3264,cubao,entry,54.4
2026-01-29,10:00 - 10:59,2528,cubao,entry,42.13333333333333
2026-01-29,11:00 - 11:59,2496,cubao,entry,41.6
2026-01-29,12:00 - 12:59,2444,cubao,entry,40.733333333333334
2026-01-29,13:00 - 13:59,2238,cubao,entry,37.3
2026-01-29,14:00 - 14:59,2214,cubao,entry,36.9
2026-01-29,15:00 - 15:59,2358,cubao,entry,39.3
2026-01-29,16:00 - 16:59,2864,cubao,entry,47.733333333333334
2026-01-29,17:00 - 17:59,3558,cubao,entry,59.3
2026-01-29,18:00 - 18:59,3355,cubao,entry,55.916666666666664
2026-01-29,19:00 - 19:59,2856,cubao,entry,47.6
2026-01-29,20:00 - 20:59,2691,cubao,entry,44.85
2026-01-29,21:00 - 21:59,1791,cubao,entry,29.85
2026-01-29,22:00 - 22:59,433,cubao,entry,7.216666666666667
2026-01-29,23:00 - 23:59,19,cubao,entry,0.31666666666666665
2026-01-29,00:00 - 00:59,0,cubao,entry,0.0
2026-01-29,01:00 - 01:59,0,cubao,entry,0.0
2026-01-29,02:00 - 02:59,0,cubao,entry,0.0
2026-01-30,03:00 - 03:59,0,cubao,entry,0.0
2026-01-30,04:00 - 04:59,618,cubao,entry,10.3
2026-01-30,05:00 - 05:59,2467,cubao,entry,41.11666666666667
2026-01-30,06:00 - 06:59,4041,cubao,entry,67.35
2026-01-30,07:00 - 07:59,4453,cubao,entry,74.21666666666667
2026-01-30,08:00 - 08:59,3976,cubao,entry,66.26666666666667
2026-01-30,09:00 - 09:59,3025,cubao,entry,50.416666666666664
2026-01-30,10:00 - 10:59,2522,cubao,entry,42.03333333333333
2026-01-30,11:00 - 11:59,2570,cubao,entry,42.833333333333336
2026-01-30,12:00 - 12:59,2736,cubao,entry,45.6
2026-01-30,13:00 - 13:59,2435,cubao,entry,40.583333333333336
2026-01-30,14:00 - 14:59,2494,cubao,entry,41.56666666666667
2026-01-30,15:00 - 15:59,2767,cubao,entry,46.11666666666667
2026-01-30,16:00 - 16:59,3169,cubao,entry,52.81666666666667
2026-01-30,17:00 - 17:59,3649,cubao,entry,60.81666666666667
2026-01-30,18:00 - 18:59,3574,cubao,entry,59.56666666666667
2026-01-30,19:00 - 19:59,3279,cubao,entry,54.65
2026-01-30,20:00 - 20:59,2713,cubao,entry,45.21666666666667
2026-01-30,21:00 - 21:59,1954,cubao,entry,32.56666666666667
2026-01-30,22:00 - 22:59,599,cubao,entry,9.983333333333333
2026-01-30,23:00 - 23:59,30,cubao,entry,0.5
2026-01-30,00:00 - 00:59,0,cubao,entry,0.0
2026-01-30,01:00 - 01:59,0,cubao,entry,0.0
2026-01-30,02:00 - 02:59,0,cubao,entry,0.0
2026-01-31,03:00 - 03:59,0,cubao,entry,0.0
2026-01-31,04:00 - 04:59,396,cubao,entry,6.6
2026-01-31,05:00 - 05:59,1692,cubao,entry,28.2
2026-01-31,06:00 - 06:59,2349,cubao,entry,39.15
2026-01-31,07:00 - 07:59,2505,cubao,entry,41.75
2026-01-31,08:00 - 08:59,2490,cubao,entry,41.5
2026-01-31,09:00 - 09:59,2465,cubao,entry,41.083333333333336
2026-01-31,10:00 - 10:59,2305,cubao,entry,38.416666666666664
2026-01-31,11:00 - 11:59,2475,cubao,entry,41.25
2026-01-31,12:00 - 12:59,2816,cubao,entry,46.93333333333333
2026-01-31,13:00 - 13:59,2708,cubao,entry,45.13333333333333
2026-01-31,14:00 - 14:59,2808,cubao,entry,46.8
2026-01-31,15:00 - 15:59,2923,cubao,entry,48.71666666666667
2026-01-31,16:00 - 16:59,3320,cubao,entry,55.333333333333336
2026-01-31,17:00 - 17:59,3536,cubao,entry,58.93333333333333
2026-01-31,18:00 - 18:59,3252,cubao,entry,54.2
2026-01-31,19:00 - 19:59,2578,cubao,entry,42.96666666666667
2026-01-31,20:00 - 20:59,2187,cubao,entry,36.45
2026-01-31,21:00 - 21:59,1221,cubao,entry,20.35
2026-01-31,22:00 - 22:59,139,cubao,entry,2.316666666666667
2026-01-31,23:00 - 23:59,0,cubao,entry,0.0
2026-01-31,00:00 - 00:59,0,cubao,entry,0.0
2026-01-31,01:00 - 01:59,0,cubao,entry,0.0
2026-01-31,02:00 - 02:59,0,cubao,entry,0.0
2026-01-01,03:00 - 03:59,0,cubao,exit,0.0
2026-01-01,04:00 - 04:59,0,cubao,exit,0.0
2026-01-01,05:00 - 05:59,0,cubao,exit,0.0
2026-01-01,06:00 - 06:59,410,cubao,exit,0.0
2026-01-01,07:00 - 07:59,1150,cubao,exit,0.0
2026-01-01,08:00 - 08:59,882,cubao,exit,0.0
2026-01-01,09:00 - 09:59,1045,cubao,exit,0.0
2026-01-01,10:00 - 10:59,1131,cubao,exit,0.0
2026-01-01,11:00 - 11:59,1464,cubao,exit,0.0
2026-01-01,12:00 - 12:59,1426,cubao,exit,0.0
2026-01-01,13:00 - 13:59,1394,cubao,exit,0.0
2026-01-01,14:00 - 14:59,1544,cubao,exit,0.0
2026-01-01,15:00 - 15:59,1746,cubao,exit,0.0
2026-01-01,16:00 - 16:59,1916,cubao,exit,0.0
2026-01-01,17:00 - 17:59,1821,cubao,exit,0.0
2026-01-01,18:00 - 18:59,1818,cubao,exit,0.0
2026-01-01,19:00 - 19:59,1781,cubao,exit,0.0
2026-01-01,20:00 - 20:59,1694,cubao,exit,0.0
2026-01-01,21:00 - 21:59,1650,cubao,exit,0.0
2026-01-01,22:00 - 22:59,1254,cubao,exit,0.0
2026-01-01,23:00 - 23:59,257,cubao,exit,0.0
2026-01-01,00:00 - 00:59,0,cubao,exit,0.0
2026-01-01,01:00 - 01:59,0,cubao,exit,0.0
2026-01-01,02:00 - 02:59,0,cubao,exit,0.0
2026-01-02,03:00 - 03:59,0,cubao,exit,0.0
2026-01-02,04:00 - 04:59,31,cubao,exit,0.0
2026-01-02,05:00 - 05:59,736,cubao,exit,0.0
2026-01-02,06:00 - 06:59,1500,cubao,exit,0.0
2026-01-02,07:00 - 07:59,1784,cubao,exit,0.0
2026-01-02,08:00 - 08:59,1588,cubao,exit,0.0
2026-01-02,09:00 - 09:59,1618,cubao,exit,0.0
2026-01-02,10:00 - 10:59,1614,cubao,exit,0.0
2026-01-02,11:00 - 11:59,1759,cubao,exit,0.0
2026-01-02,12:00 - 12:59,1724,cubao,exit,0.0
2026-01-02,13:00 - 13:59,1834,cubao,exit,0.0
2026-01-02,14:00 - 14:59,2053,cubao,exit,0.0
2026-01-02,15:00 - 15:59,2603,cubao,exit,0.0
2026-01-02,16:00 - 16:59,2901,cubao,exit,0.0
2026-01-02,17:00 - 17:59,3745,cubao,exit,0.0
2026-01-02,18:00 - 18:59,4425,cubao,exit,0.0
2026-01-02,19:00 - 19:59,3579,cubao,exit,0.0
2026-01-02,20:00 - 20:59,2502,cubao,exit,0.0
2026-01-02,21:00 - 21:59,2203,cubao,exit,0.0
2026-01-02,22:00 - 22:59,1324,cubao,exit,0.0
2026-01-02,23:00 - 23:59,457,cubao,exit,0.0
2026-01-02,00:00 - 00:59,0,cubao,exit,0.0
2026-01-02,01:00 - 01:59,0,cubao,exit,0.0
2026-01-02,02:00 - 02:59,0,cubao,exit,0.0
2026-01-03,03:00 - 03:59,0,cubao,exit,0.0
2026-01-03,04:00 - 04:59,31,cubao,exit,0.0
2026-01-03,05:00 - 05:59,757,cubao,exit,0.0
2026-01-03,06:00 - 06:59,1490,cubao,exit,0.0
2026-01-03,07:00 - 07:59,1877,cubao,exit,0.0
2026-01-03,08:00 - 08:59,1655,cubao,exit,0.0
2026-01-03,09:00 - 09:59,1721,cubao,exit,0.0
2026-01-03,10:00 - 10:59,1670,cubao,exit,0.0
2026-01-03,11:00 - 11:59,1939,cubao,exit,0.0
2026-01-03,12:00 - 12:59,2134,cubao,exit,0.0
2026-01-03,13:00 - 13:59,2176,cubao,exit,0.0
2026-01-03,14:00 - 14:59,2170,cubao,exit,0.0
2026-01-03,15:00 - 15:59,2690,cubao,exit,0.0
2026-01-03,16:00 - 16:59,3053,cubao,exit,0.0
2026-01-03,17:00 - 17:59,3345,cubao,exit,0.0
2026-01-03,18:00 - 18:59,3119,cubao,exit,0.0
2026-01-03,19:00 - 19:59,2887,cubao,exit,0.0
2026-01-03,20:00 - 20:59,2391,cubao,exit,0.0
2026-01-03,21:00 - 21:59,2051,cubao,exit,0.0
2026-01-03,22:00 - 22:59,933,cubao,exit,0.0
2026-01-03,23:00 - 23:59,0,cubao,exit,0.0
2026-01-03,00:00 - 00:59,0,cubao,exit,0.0
2026-01-03,01:00 - 01:59,0,cubao,exit,0.0
2026-01-03,03:00 - 03:59,0,cubao,exit,0.0
2026-01-04,03:00 - 03:59,0,cubao,exit,0.0
2026-01-04,04:00 - 04:59,38,cubao,exit,0.0
2026-01-04,05:00 - 05:59,541,cubao,exit,0.0
2026-01-04,06:00 - 06:59,982,cubao,exit,0.0
2026-01-04,07:00 - 07:59,1252,cubao,exit,0.0
2026-01-04,08:00 - 08:59,1301,cubao,exit,0.0
2026-01-04,09:00 - 09:59,1546,cubao,exit,0.0
2026-01-04,10:00 - 10:59,1535,cubao,exit,0.0
2026-01-04,11:00 - 11:59,1699,cubao,exit,0.0
2026-01-04,12:00 - 12:59,1864,cubao,exit,0.0
2026-01-04,13:00 - 13:59,2098,cubao,exit,0.0
2026-01-04,14:00 - 14:59,2348,cubao,exit,0.0
2026-01-04,15:00 - 15:59,2672,cubao,exit,0.0
2026-01-04,16:00 - 16:59,2769,cubao,exit,0.0
2026-01-04,17:00 - 17:59,2804,cubao,exit,0.0
2026-01-04,18:00 - 18:59,2867,cubao,exit,0.0
2026-01-04,19:00 - 19:59,2688,cubao,exit,0.0
2026-01-04,20:00 - 20:59,2366,cubao,exit,0.0
2026-01-04,21:00 - 21:59,1824,cubao,exit,0.0
2026-01-04,22:00 - 22:59,839,cubao,exit,0.0
2026-01-04,23:00 - 23:59,0,cubao,exit,0.0
2026-01-04,00:00 - 00:59,0,cubao,exit,0.0
2026-01-04,01:00 - 01:59,0,cubao,exit,0.0
2026-01-04,02:00 - 02:59,0,cubao,exit,0.0
2026-01-05,03:00 - 03:59,0,cubao,exit,0.0
2026-01-05,04:00 - 04:59,66,cubao,exit,0.0
2026-01-05,05:00 - 05:59,1115,cubao,exit,0.0
2026-01-05,06:00 - 06:59,1922,cubao,exit,0.0
2026-01-05,07:00 - 07:59,2878,cubao,exit,0.0
2026-01-05,08:00 - 08:59,2627,cubao,exit,0.0
2026-01-05,09:00 - 09:59,2181,cubao,exit,0.0
2026-01-05,10:00 - 10:59,2058,cubao,exit,0.0
2026-01-05,11:00 - 11:59,2049,cubao,exit,0.0
2026-01-05,12:00 - 12:59,2392,cubao,exit,0.0
2026-01-05,13:00 - 13:59,2283,cubao,exit,0.0
2026-01-05,14:00 - 14:59,2477,cubao,exit,0.0
2026-01-05,15:00 - 15:59,3478,cubao,exit,0.0
2026-01-05,16:00 - 16:59,4411,cubao,exit,0.0
2026-01-05,17:00 - 17:59,6448,cubao,exit,0.0
2026-01-05,18:00 - 18:59,6773,cubao,exit,0.0
2026-01-05,19:00 - 19:59,5910,cubao,exit,0.0
2026-01-05,20:00 - 20:59,3421,cubao,exit,0.0
2026-01-05,21:00 - 21:59,2528,cubao,exit,0.0
2026-01-05,22:00 - 22:59,1443,cubao,exit,0.0
2026-01-05,23:00 - 23:59,251,cubao,exit,0.0
2026-01-05,00:00 - 00:59,0,cubao,exit,0.0
2026-01-05,01:00 - 01:59,0,cubao,exit,0.0
2026-01-05,03:00 - 03:59,0,cubao,exit,0.0
2026-01-06,03:00 - 03:59,0,cubao,exit,0.0
2026-01-06,04:00 - 04:59,60,cubao,exit,0.0
2026-01-06,05:00 - 05:59,1083,cubao,exit,0.0
2026-01-06,06:00 - 06:59,2471,cubao,exit,0.0
2026-01-06,07:00 - 07:59,3124,cubao,exit,0.0
2026-01-06,08:00 - 08:59,2818,cubao,exit,0.0
2026-01-06,09:00 - 09:59,2282,cubao,exit,0.0
2026-01-06,10:00 - 10:59,2000,cubao,exit,0.0
2026-01-06,11:00 - 11:59,2119,cubao,exit,0.0
2026-01-06,12:00 - 12:59,2249,cubao,exit,0.0
2026-01-06,13:00 - 13:59,2237,cubao,exit,0.0
2026-01-06,14:00 - 14:59,2462,cubao,exit,0.0
2026-01-06,15:00 - 15:59,3409,cubao,exit,0.0
2026-01-06,16:00 - 16:59,4461,cubao,exit,0.0
2026-01-06,17:00 - 17:59,6760,cubao,exit,0.0
2026-01-06,18:00 - 18:59,7317,cubao,exit,0.0
2026-01-06,19:00 - 19:59,5901,cubao,exit,0.0
2026-01-06,20:00 - 20:59,3671,cubao,exit,0.0
2026-01-06,21:00 - 21:59,2501,cubao,exit,0.0
2026-01-06,22:00 - 22:59,1632,cubao,exit,0.0
2026-01-06,23:00 - 23:59,270,cubao,exit,0.0
2026-01-06,00:00 - 00:59,0,cubao,exit,0.0
2026-01-06,01:00 - 01:59,0,cubao,exit,0.0
2026-01-06,02:00 - 02:59,0,cubao,exit,0.0
2026-01-07,03:00 - 03:59,0,cubao,exit,0.0
2026-01-07,04:00 - 04:59,59,cubao,exit,0.0
2026-01-07,05:00 - 05:59,1055,cubao,exit,0.0
2026-01-07,06:00 - 06:59,2467,cubao,exit,0.0
2026-01-07,07:00 - 07:59,3302,cubao,exit,0.0
2026-01-07,08:00 - 08:59,2762,cubao,exit,0.0
2026-01-07,09:00 - 09:59,2590,cubao,exit,0.0
2026-01-07,10:00 - 10:59,1866,cubao,exit,0.0
2026-01-07,11:00 - 11:59,2242,cubao,exit,0.0
2026-01-07,12:00 - 12:59,2307,cubao,exit,0.0
2026-01-07,13:00 - 13:59,2394,cubao,exit,0.0
2026-01-07,14:00 - 14:59,2590,cubao,exit,0.0
2026-01-07,15:00 - 15:59,3676,cubao,exit,0.0
2026-01-07,16:00 - 16:59,4919,cubao,exit,0.0
2026-01-07,17:00 - 17:59,6516,cubao,exit,0.0
2026-01-07,18:00 - 18:59,7872,cubao,exit,0.0
2026-01-07,19:00 - 19:59,5710,cubao,exit,0.0
2026-01-07,20:00 - 20:59,3796,cubao,exit,0.0
2026-01-07,21:00 - 21:59,2795,cubao,exit,0.0
2026-01-07,22:00 - 22:59,1355,cubao,exit,0.0
2026-01-07,23:00 - 23:59,428,cubao,exit,0.0
2026-01-07,00:00 - 00:59,0,cubao,exit,0.0
2026-01-07,01:00 - 01:59,0,cubao,exit,0.0
2026-01-07,02:00 - 02:59,0,cubao,exit,0.0
2026-01-08,03:00 - 03:59,0,cubao,exit,0.0
2026-01-08,04:00 - 04:59,61,cubao,exit,0.0
2026-01-08,05:00 - 05:59,1080,cubao,exit,0.0
2026-01-08,06:00 - 06:59,2602,cubao,exit,0.0
2026-01-08,07:00 - 07:59,3172,cubao,exit,0.0
2026-01-08,08:00 - 08:59,2939,cubao,exit,0.0
2026-01-08,09:00 - 09:59,2356,cubao,exit,0.0
2026-01-08,10:00 - 10:59,2029,cubao,exit,0.0
2026-01-08,11:00 - 11:59,2085,cubao,exit,0.0
2026-01-08,12:00 - 12:59,2421,cubao,exit,0.0
2026-01-08,13:00 - 13:59,2115,cubao,exit,0.0
2026-01-08,14:00 - 14:59,2470,cubao,exit,0.0
2026-01-08,15:00 - 15:59,3441,cubao,exit,0.0
2026-01-08,16:00 - 16:59,4630,cubao,exit,0.0
2026-01-08,17:00 - 17:59,6241,cubao,exit,0.0
2026-01-08,18:00 - 18:59,7859,cubao,exit,0.0
2026-01-08,19:00 - 19:59,5860,cubao,exit,0.0
2026-01-08,20:00 - 20:59,3721,cubao,exit,0.0
2026-01-08,21:00 - 21:59,2684,cubao,exit,0.0
2026-01-08,22:00 - 22:59,1412,cubao,exit,0.0
2026-01-08,23:00 - 23:59,452,cubao,exit,0.0
2026-01-08,00:00 - 00:59,0,cubao,exit,0.0
2026-01-08,01:00 - 01:59,0,cubao,exit,0.0
2026-01-08,02:00 - 02:59,0,cubao,exit,0.0
2026-01-09,03:00 - 03:59,0,cubao,exit,0.0
2026-01-09,04:00 - 04:59,53,cubao,exit,0.0
2026-01-09,05:00 - 05:59,1129,cubao,exit,0.0
2026-01-09,06:00 - 06:59,2360,cubao,exit,0.0
2026-01-09,07:00 - 07:59,3156,cubao,exit,0.0
2026-01-09,08:00 - 08:59,2860,cubao,exit,0.0
2026-01-09,09:00 - 09:59,2323,cubao,exit,0.0
2026-01-09,10:00 - 10:59,2030,cubao,exit,0.0
2026-01-09,11:00 - 11:59,2216,cubao,exit,0.0
2026-01-09,12:00 - 12:59,2492,cubao,exit,0.0
2026-01-09,13:00 - 13:59,2326,cubao,exit,0.0
2026-01-09,14:00 - 14:59,2852,cubao,exit,0.0
2026-01-09,15:00 - 15:59,3820,cubao,exit,0.0
2026-01-09,16:00 - 16:59,5118,cubao,exit,0.0
2026-01-09,17:00 - 17:59,6713,cubao,exit,0.0
2026-01-09,18:00 - 18:59,7563,cubao,exit,0.0
2026-01-09,19:00 - 19:59,6298,cubao,exit,0.0
2026-01-09,20:00 - 20:59,3799,cubao,exit,0.0
2026-01-09,21:00 - 21:59,3076,cubao,exit,0.0
2026-01-09,22:00 - 22:59,1760,cubao,exit,0.0
2026-01-09,23:00 - 23:59,573,cubao,exit,0.0
2026-01-09,00:00 - 00:59,0,cubao,exit,0.0
2026-01-09,01:00 - 01:59,0,cubao,exit,0.0
2026-01-09,02:00 - 02:59,0,cubao,exit,0.0
2026-01-10,03:00 - 03:59,0,cubao,exit,0.0
2026-01-10,04:00 - 04:59,42,cubao,exit,0.0
2026-01-10,05:00 - 05:59,891,cubao,exit,0.0
2026-01-10,06:00 - 06:59,2000,cubao,exit,0.0
2026-01-10,07:00 - 07:59,2622,cubao,exit,0.0
2026-01-10,08:00 - 08:59,2314,cubao,exit,0.0
2026-01-10,09:00 - 09:59,2191,cubao,exit,0.0
2026-01-10,10:00 - 10:59,2139,cubao,exit,0.0
2026-01-10,11:00 - 11:59,2155,cubao,exit,0.0
2026-01-10,12:00 - 12:59,2551,cubao,exit,0.0
2026-01-10,13:00 - 13:59,2703,cubao,exit,0.0
2026-01-10,14:00 - 14:59,2630,cubao,exit,0.0
2026-01-10,15:00 - 15:59,3486,cubao,exit,0.0
2026-01-10,16:00 - 16:59,4068,cubao,exit,0.0
2026-01-10,17:00 - 17:59,4567,cubao,exit,0.0
2026-01-10,18:00 - 18:59,4278,cubao,exit,0.0
2026-01-10,19:00 - 19:59,3760,cubao,exit,0.0
2026-01-10,20:00 - 20:59,2843,cubao,exit,0.0
2026-01-10,21:00 - 21:59,2115,cubao,exit,0.0
2026-01-10,22:00 - 22:59,991,cubao,exit,0.0
2026-01-10,23:00 - 23:59,0,cubao,exit,0.0
2026-01-10,00:00 - 00:59,0,cubao,exit,0.0
2026-01-10,01:00 - 01:59,0,cubao,exit,0.0
2026-01-10,02:00 - 02:59,0,cubao,exit,0.0
2026-01-11,03:00 - 03:59,0,cubao,exit,0.0
2026-01-11,04:00 - 04:59,24,cubao,exit,0.0
2026-01-11,05:00 - 05:59,636,cubao,exit,0.0
2026-01-11,06:00 - 06:59,1076,cubao,exit,0.0
2026-01-11,07:00 - 07:59,1334,cubao,exit,0.0
2026-01-11,08:00 - 08:59,1301,cubao,exit,0.0
2026-01-11,09:00 - 09:59,1770,cubao,exit,0.0
2026-01-11,10:00 - 10:59,1616,cubao,exit,0.0
2026-01-11,11:00 - 11:59,1667,cubao,exit,0.0
2026-01-11,12:00 - 12:59,1883,cubao,exit,0.0
2026-01-11,13:00 - 13:59,1961,cubao,exit,0.0
2026-01-11,14:00 - 14:59,2303,cubao,exit,0.0
2026-01-11,15:00 - 15:59,2482,cubao,exit,0.0
2026-01-11,16:00 - 16:59,2760,cubao,exit,0.0
2026-01-11,17:00 - 17:59,2734,cubao,exit,0.0
2026-01-11,18:00 - 18:59,3020,cubao,exit,0.0
2026-01-11,19:00 - 19:59,2850,cubao,exit,0.0
2026-01-11,20:00 - 20:59,2269,cubao,exit,0.0
2026-01-11,21:00 - 21:59,1824,cubao,exit,0.0
2026-01-11,22:00 - 22:59,800,cubao,exit,0.0
2026-01-11,23:00 - 23:59,0,cubao,exit,0.0
2026-01-11,00:00 - 00:59,0,cubao,exit,0.0
2026-01-11,01:00 - 01:59,0,cubao,exit,0.0
2026-01-11,02:00 - 02:59,0,cubao,exit,0.0
2026-01-12,03:00 - 03:59,0,cubao,exit,0.0
2026-01-12,04:00 - 04:59,58,cubao,exit,0.0
2026-01-12,05:00 - 05:59,1198,cubao,exit,0.0
2026-01-12,06:00 - 06:59,2201,cubao,exit,0.0
2026-01-12,07:00 - 07:59,2620,cubao,exit,0.0
2026-01-12,08:00 - 08:59,2761,cubao,exit,0.0
2026-01-12,09:00 - 09:59,2256,cubao,exit,0.0
2026-01-12,10:00 - 10:59,2125,cubao,exit,0.0
2026-01-12,11:00 - 11:59,2276,cubao,exit,0.0
2026-01-12,12:00 - 12:59,2393,cubao,exit,0.0
2026-01-12,13:00 - 13:59,2271,cubao,exit,0.0
2026-01-12,14:00 - 14:59,2744,cubao,exit,0.0
2026-01-12,15:00 - 15:59,3456,cubao,exit,0.0
2026-01-12,16:00 - 16:59,4362,cubao,exit,0.0
2026-01-12,17:00 - 17:59,6527,cubao,exit,0.0
2026-01-12,18:00 - 18:59,6790,cubao,exit,0.0
2026-01-12,19:00 - 19:59,6139,cubao,exit,0.0
2026-01-12,20:00 - 20:59,3890,cubao,exit,0.0
2026-01-12,21:00 - 21:59,2465,cubao,exit,0.0
2026-01-12,22:00 - 22:59,1493,cubao,exit,0.0
2026-01-12,23:00 - 23:59,316,cubao,exit,0.0
2026-01-12,00:00 - 00:59,0,cubao,exit,0.0
2026-01-12,01:00 - 01:59,0,cubao,exit,0.0
2026-01-12,02:00 - 02:59,0,cubao,exit,0.0
2026-01-13,03:00 - 03:59,0,cubao,exit,0.0
2026-01-13,04:00 - 04:59,58,cubao,exit,0.0
2026-01-13,05:00 - 05:59,1100,cubao,exit,0.0
2026-01-13,06:00 - 06:59,2635,cubao,exit,0.0
2026-01-13,07:00 - 07:59,3167,cubao,exit,0.0
2026-01-13,08:00 - 08:59,3071,cubao,exit,0.0
2026-01-13,09:00 - 09:59,2482,cubao,exit,0.0
2026-01-13,10:00 - 10:59,2280,cubao,exit,0.0
2026-01-13,11:00 - 11:59,2266,cubao,exit,0.0
2026-01-13,12:00 - 12:59,2153,cubao,exit,0.0
2026-01-13,13:00 - 13:59,2333,cubao,exit,0.0
2026-01-13,14:00 - 14:59,2525,cubao,exit,0.0
2026-01-13,15:00 - 15:59,3419,cubao,exit,0.0
2026-01-13,16:00 - 16:59,4595,cubao,exit,0.0
2026-01-13,17:00 - 17:59,6662,cubao,exit,0.0
2026-01-13,18:00 - 18:59,7456,cubao,exit,0.0
2026-01-13,19:00 - 19:59,6131,cubao,exit,0.0
2026-01-13,20:00 - 20:59,3997,cubao,exit,0.0
2026-01-13,21:00 - 21:59,2648,cubao,exit,0.0
2026-01-13,22:00 - 22:59,1369,cubao,exit,0.0
2026-01-13,23:00 - 23:59,461,cubao,exit,0.0
2026-01-13,00:00 - 00:59,0,cubao,exit,0.0
2026-01-13,01:00 - 01:59,0,cubao,exit,0.0
2026-01-13,02:00 - 02:59,0,cubao,exit,0.0
2026-01-14,03:00 - 03:59,0,cubao,exit,0.0
2026-01-14,04:00 - 04:59,52,cubao,exit,0.0
2026-01-14,05:00 - 05:59,1106,cubao,exit,0.0
2026-01-14,06:00 - 06:59,2705,cubao,exit,0.0
2026-01-14,07:00 - 07:59,3185,cubao,exit,0.0
2026-01-14,08:00 - 08:59,2843,cubao,exit,0.0
2026-01-14,09:00 - 09:59,2605,cubao,exit,0.0
2026-01-14,10:00 - 10:59,2067,cubao,exit,0.0
2026-01-14,11:00 - 11:59,2100,cubao,exit,0.0
2026-01-14,12:00 - 12:59,2391,cubao,exit,0.0
2026-01-14,13:00 - 13:59,2146,cubao,exit,0.0
2026-01-14,14:00 - 14:59,2628,cubao,exit,0.0
2026-01-14,15:00 - 15:59,3811,cubao,exit,0.0
2026-01-14,16:00 - 16:59,4917,cubao,exit,0.0
2026-01-14,17:00 - 17:59,6781,cubao,exit,0.0
2026-01-14,18:00 - 18:59,7884,cubao,exit,0.0
2026-01-14,19:00 - 19:59,6348,cubao,exit,0.0
2026-01-14,20:00 - 20:59,4033,cubao,exit,0.0
2026-01-14,21:00 - 21:59,2963,cubao,exit,0.0
2026-01-14,22:00 - 22:59,1450,cubao,exit,0.0
2026-01-14,23:00 - 23:59,511,cubao,exit,0.0
2026-01-14,00:00 - 00:59,0,cubao,exit,0.0
2026-01-14,01:00 - 01:59,0,cubao,exit,0.0
2026-01-14,02:00 - 02:59,0,cubao,exit,0.0
2026-01-15,03:00 - 03:59,0,cubao,exit,0.0
2026-01-15,04:00 - 04:59,58,cubao,exit,0.0
2026-01-15,05:00 - 05:59,1064,cubao,exit,0.0
2026-01-15,06:00 - 06:59,2673,cubao,exit,0.0
2026-01-15,07:00 - 07:59,3334,cubao,exit,0.0
2026-01-15,08:00 - 08:59,2738,cubao,exit,0.0
2026-01-15,09:00 - 09:59,2511,cubao,exit,0.0
2026-01-15,10:00 - 10:59,1994,cubao,exit,0.0
2026-01-15,11:00 - 11:59,2320,cubao,exit,0.0
2026-01-15,12:00 - 12:59,2287,cubao,exit,0.0
2026-01-15,13:00 - 13:59,2306,cubao,exit,0.0
2026-01-15,14:00 - 14:59,2415,cubao,exit,0.0
2026-01-15,15:00 - 15:59,3478,cubao,exit,0.0
2026-01-15,16:00 - 16:59,4771,cubao,exit,0.0
2026-01-15,17:00 - 17:59,6265,cubao,exit,0.0
2026-01-15,18:00 - 18:59,7798,cubao,exit,0.0
2026-01-15,19:00 - 19:59,6177,cubao,exit,0.0
2026-01-15,20:00 - 20:59,3982,cubao,exit,0.0
2026-01-15,21:00 - 21:59,3117,cubao,exit,0.0
2026-01-15,22:00 - 22:59,1421,cubao,exit,0.0
2026-01-15,23:00 - 23:59,543,cubao,exit,0.0
2026-01-15,00:00 - 00:59,0,cubao,exit,0.0
2026-01-15,01:00 - 01:59,0,cubao,exit,0.0
2026-01-15,02:00 - 02:59,0,cubao,exit,0.0
2026-01-16,03:00 - 03:59,0,cubao,exit,0.0
2026-01-16,04:00 - 04:59,46,cubao,exit,0.0
2026-01-16,05:00 - 05:59,1040,cubao,exit,0.0
2026-01-16,06:00 - 06:59,2551,cubao,exit,0.0
2026-01-16,07:00 - 07:59,3269,cubao,exit,0.0
2026-01-16,08:00 - 08:59,2912,cubao,exit,0.0
2026-01-16,09:00 - 09:59,2465,cubao,exit,0.0
2026-01-16,10:00 - 10:59,2245,cubao,exit,0.0
2026-01-16,11:00 - 11:59,2340,cubao,exit,0.0
2026-01-16,12:00 - 12:59,2535,cubao,exit,0.0
2026-01-16,13:00 - 13:59,2521,cubao,exit,0.0
2026-01-16,14:00 - 14:59,2969,cubao,exit,0.0
2026-01-16,15:00 - 15:59,3754,cubao,exit,0.0
2026-01-16,16:00 - 16:59,5017,cubao,exit,0.0
2026-01-16,17:00 - 17:59,7100,cubao,exit,0.0
2026-01-16,18:00 - 18:59,7316,cubao,exit,0.0
2026-01-16,19:00 - 19:59,6892,cubao,exit,0.0
2026-01-16,20:00 - 20:59,4475,cubao,exit,0.0
2026-01-16,21:00 - 21:59,2944,cubao,exit,0.0
2026-01-16,22:00 - 22:59,2141,cubao,exit,0.0
2026-01-16,23:00 - 23:59,432,cubao,exit,0.0
2026-01-16,00:00 - 00:59,0,cubao,exit,0.0
2026-01-16,01:00 - 01:59,0,cubao,exit,0.0
2026-01-16,02:00 - 02:59,0,cubao,exit,0.0
2026-01-17,03:00 - 03:59,0,cubao,exit,0.0
2026-01-17,04:00 - 04:59,42,cubao,exit,0.0
2026-01-17,05:00 - 05:59,1023,cubao,exit,0.0
2026-01-17,06:00 - 06:59,2112,cubao,exit,0.0
2026-01-17,07:00 - 07:59,2505,cubao,exit,0.0
2026-01-17,08:00 - 08:59,2347,cubao,exit,0.0
2026-01-17,09:00 - 09:59,2222,cubao,exit,0.0
2026-01-17,10:00 - 10:59,2224,cubao,exit,0.0
2026-01-17,11:00 - 11:59,2234,cubao,exit,0.0
2026-01-17,12:00 - 12:59,2757,cubao,exit,0.0
2026-01-17,13:00 - 13:59,3030,cubao,exit,0.0
2026-01-17,14:00 - 14:59,2851,cubao,exit,0.0
2026-01-17,15:00 - 15:59,3335,cubao,exit,0.0
2026-01-17,16:00 - 16:59,4518,cubao,exit,0.0
2026-01-17,17:00 - 17:59,5186,cubao,exit,0.0
2026-01-17,18:00 - 18:59,4438,cubao,exit,0.0
2026-01-17,19:00 - 19:59,3774,cubao,exit,0.0
2026-01-17,20:00 - 20:59,2863,cubao,exit,0.0
2026-01-17,21:00 - 21:59,2233,cubao,exit,0.0
2026-01-17,22:00 - 22:59,1040,cubao,exit,0.0
2026-01-17,23:00 - 23:59,0,cubao,exit,0.0
2026-01-17,00:00 - 00:59,0,cubao,exit,0.0
2026-01-17,01:00 - 01:59,0,cubao,exit,0.0
2026-01-17,02:00 - 02:59,0,cubao,exit,0.0
2026-01-18,03:00 - 03:59,0,cubao,exit,0.0
2026-01-18,04:00 - 04:59,30,cubao,exit,0.0
2026-01-18,05:00 - 05:59,698,cubao,exit,0.0
2026-01-18,06:00 - 06:59,1201,cubao,exit,0.0
2026-01-18,07:00 - 07:59,1191,cubao,exit,0.0
2026-01-18,08:00 - 08:59,1604,cubao,exit,0.0
2026-01-18,09:00 - 09:59,1872,cubao,exit,0.0
2026-01-18,10:00 - 10:59,1636,cubao,exit,0.0
2026-01-18,11:00 - 11:59,2006,cubao,exit,0.0
2026-01-18,12:00 - 12:59,2081,cubao,exit,0.0
2026-01-18,13:00 - 13:59,2025,cubao,exit,0.0
2026-01-18,14:00 - 14:59,2173,cubao,exit,0.0
2026-01-18,15:00 - 15:59,2490,cubao,exit,0.0
2026-01-18,16:00 - 16:59,2693,cubao,exit,0.0
2026-01-18,17:00 - 17:59,2608,cubao,exit,0.0
2026-01-18,18:00 - 18:59,2577,cubao,exit,0.0
2026-01-18,19:00 - 19:59,2913,cubao,exit,0.0
2026-01-18,20:00 - 20:59,2271,cubao,exit,0.0
2026-01-18,21:00 - 21:59,1911,cubao,exit,0.0
2026-01-18,22:00 - 22:59,801,cubao,exit,0.0
2026-01-18,23:00 - 23:59,0,cubao,exit,0.0
2026-01-18,00:00 - 00:59,0,cubao,exit,0.0
2026-01-18,01:00 - 01:59,0,cubao,exit,0.0
2026-01-18,02:00 - 02:59,0,cubao,exit,0.0
2026-01-19,03:00 - 03:59,0,cubao,exit,0.0
2026-01-19,04:00 - 04:59,51,cubao,exit,0.0
2026-01-19,05:00 - 05:59,1281,cubao,exit,0.0
2026-01-19,06:00 - 06:59,2295,cubao,exit,0.0
2026-01-19,07:00 - 07:59,2706,cubao,exit,0.0
2026-01-19,08:00 - 08:59,2620,cubao,exit,0.0
2026-01-19,09:00 - 09:59,2441,cubao,exit,0.0
2026-01-19,10:00 - 10:59,2242,cubao,exit,0.0
2026-01-19,11:00 - 11:59,2248,cubao,exit,0.0
2026-01-19,12:00 - 12:59,2366,cubao,exit,0.0
2026-01-19,13:00 - 13:59,2182,cubao,exit,0.0
2026-01-19,14:00 - 14:59,2501,cubao,exit,0.0
2026-01-19,15:00 - 15:59,3556,cubao,exit,0.0
2026-01-19,16:00 - 16:59,4440,cubao,exit,0.0
2026-01-19,17:00 - 17:59,5975,cubao,exit,0.0
2026-01-19,18:00 - 18:59,7702,cubao,exit,0.0
2026-01-19,19:00 - 19:59,5854,cubao,exit,0.0
2026-01-19,20:00 - 20:59,3711,cubao,exit,0.0
2026-01-19,21:00 - 21:59,2629,cubao,exit,0.0
2026-01-19,22:00 - 22:59,1374,cubao,exit,0.0
2026-01-19,23:00 - 23:59,293,cubao,exit,0.0
2026-01-19,00:00 - 00:59,0,cubao,exit,0.0
2026-01-19,01:00 - 01:59,0,cubao,exit,0.0
2026-01-19,02:00 - 02:59,0,cubao,exit,0.0
2026-01-20,03:00 - 03:59,0,cubao,exit,0.0
2026-01-20,04:00 - 04:59,58,cubao,exit,0.0
2026-01-20,05:00 - 05:59,1152,cubao,exit,0.0
2026-01-20,06:00 - 06:59,2463,cubao,exit,0.0
2026-01-20,07:00 - 07:59,3066,cubao,exit,0.0
2026-01-20,08:00 - 08:59,3003,cubao,exit,0.0
2026-01-20,09:00 - 09:59,2307,cubao,exit,0.0
2026-01-20,10:00 - 10:59,2154,cubao,exit,0.0
2026-01-20,11:00 - 11:59,2140,cubao,exit,0.0
2026-01-20,12:00 - 12:59,2043,cubao,exit,0.0
2026-01-20,13:00 - 13:59,2241,cubao,exit,0.0
2026-01-20,14:00 - 14:59,2575,cubao,exit,0.0
2026-01-20,15:00 - 15:59,3468,cubao,exit,0.0
2026-01-20,16:00 - 16:59,4634,cubao,exit,0.0
2026-01-20,17:00 - 17:59,6639,cubao,exit,0.0
2026-01-20,18:00 - 18:59,7584,cubao,exit,0.0
2026-01-20,19:00 - 19:59,6291,cubao,exit,0.0
2026-01-20,20:00 - 20:59,4211,cubao,exit,0.0
2026-01-20,21:00 - 21:59,2778,cubao,exit,0.0
2026-01-20,22:00 - 22:59,1481,cubao,exit,0.0
2026-01-20,23:00 - 23:59,423,cubao,exit,0.0
2026-01-20,00:00 - 00:59,0,cubao,exit,0.0
2026-01-20,01:00 - 01:59,0,cubao,exit,0.0
2026-01-20,02:00 - 02:59,0,cubao,exit,0.0
2026-01-21,03:00 - 03:59,0,cubao,exit,0.0
2026-01-21,04:00 - 04:59,46,cubao,exit,0.0
2026-01-21,05:00 - 05:59,1086,cubao,exit,0.0
2026-01-21,06:00 - 06:59,2712,cubao,exit,0.0
2026-01-21,07:00 - 07:59,3246,cubao,exit,0.0
2026-01-21,08:00 - 08:59,2873,cubao,exit,0.0
2026-01-21,09:00 - 09:59,2537,cubao,exit,0.0
2026-01-21,10:00 - 10:59,2168,cubao,exit,0.0
2026-01-21,11:00 - 11:59,1979,cubao,exit,0.0
2026-01-21,12:00 - 12:59,2505,cubao,exit,0.0
2026-01-21,13:00 - 13:59,2451,cubao,exit,0.0
2026-01-21,14:00 - 14:59,2525,cubao,exit,0.0
2026-01-21,15:00 - 15:59,3256,cubao,exit,0.0
2026-01-21,16:00 - 16:59,5024,cubao,exit,0.0
2026-01-21,17:00 - 17:59,6911,cubao,exit,0.0
2026-01-21,18:00 - 18:59,7660,cubao,exit,0.0
2026-01-21,19:00 - 19:59,6155,cubao,exit,0.0
2026-01-21,20:00 - 20:59,4203,cubao,exit,0.0
2026-01-21,21:00 - 21:59,3072,cubao,exit,0.0
2026-01-21,22:00 - 22:59,1529,cubao,exit,0.0
2026-01-21,23:00 - 23:59,257,cubao,exit,0.0
2026-01-21,00:00 - 00:59,0,cubao,exit,0.0
2026-01-21,01:00 - 01:59,0,cubao,exit,0.0
2026-01-21,02:00 - 02:59,0,cubao,exit,0.0
2026-01-22,03:00 - 03:59,0,cubao,exit,0.0
2026-01-22,04:00 - 04:59,67,cubao,exit,0.0
2026-01-22,05:00 - 05:59,1083,cubao,exit,0.0
2026-01-22,06:00 - 06:59,2620,cubao,exit,0.0
2026-01-22,07:00 - 07:59,3129,cubao,exit,0.0
2026-01-22,08:00 - 08:59,3050,cubao,exit,0.0
2026-01-22,09:00 - 09:59,2409,cubao,exit,0.0
2026-01-22,10:00 - 10:59,2160,cubao,exit,0.0
2026-01-22,11:00 - 11:59,2174,cubao,exit,0.0
2026-01-22,12:00 - 12:59,2431,cubao,exit,0.0
2026-01-22,13:00 - 13:59,2162,cubao,exit,0.0
2026-01-22,14:00 - 14:59,2609,cubao,exit,0.0
2026-01-22,15:00 - 15:59,3177,cubao,exit,0.0
2026-01-22,16:00 - 16:59,4776,cubao,exit,0.0
2026-01-22,17:00 - 17:59,6025,cubao,exit,0.0
2026-01-22,18:00 - 18:59,5642,cubao,exit,0.0
2026-01-22,19:00 - 19:59,7501,cubao,exit,0.0
2026-01-22,20:00 - 20:59,4663,cubao,exit,0.0
2026-01-22,21:00 - 21:59,2726,cubao,exit,0.0
2026-01-22,22:00 - 22:59,1755,cubao,exit,0.0
2026-01-22,23:00 - 23:59,330,cubao,exit,0.0
2026-01-22,00:00 - 00:59,0,cubao,exit,0.0
2026-01-22,01:00 - 01:59,0,cubao,exit,0.0
2026-01-22,02:00 - 02:59,0,cubao,exit,0.0
2026-01-23,03:00 - 03:59,0,cubao,exit,0.0
2026-01-23,04:00 - 04:59,52,cubao,exit,0.0
2026-01-23,05:00 - 05:59,1086,cubao,exit,0.0
2026-01-23,06:00 - 06:59,2665,cubao,exit,0.0
2026-01-23,07:00 - 07:59,3203,cubao,exit,0.0
2026-01-23,08:00 - 08:59,2840,cubao,exit,0.0
2026-01-23,09:00 - 09:59,2528,cubao,exit,0.0
2026-01-23,10:00 - 10:59,2079,cubao,exit,0.0
2026-01-23,11:00 - 11:59,2115,cubao,exit,0.0
2026-01-23,12:00 - 12:59,2565,cubao,exit,0.0
2026-01-23,13:00 - 13:59,2599,cubao,exit,0.0
2026-01-23,14:00 - 14:59,2846,cubao,exit,0.0
2026-01-23,15:00 - 15:59,3610,cubao,exit,0.0
2026-01-23,16:00 - 16:59,5138,cubao,exit,0.0
2026-01-23,17:00 - 17:59,6555,cubao,exit,0.0
2026-01-23,18:00 - 18:59,7509,cubao,exit,0.0
2026-01-23,19:00 - 19:59,6933,cubao,exit,0.0
2026-01-23,20:00 - 20:59,4239,cubao,exit,0.0
2026-01-23,21:00 - 21:59,3098,cubao,exit,0.0
2026-01-23,22:00 - 22:59,1824,cubao,exit,0.0
2026-01-23,23:00 - 23:59,637,cubao,exit,0.0
2026-01-23,00:00 - 00:59,0,cubao,exit,0.0
2026-01-23,01:00 - 01:59,0,cubao,exit,0.0
2026-01-23,02:00 - 02:59,0,cubao,exit,0.0
2026-01-24,03:00 - 03:59,0,cubao,exit,0.0
2026-01-24,04:00 - 04:59,45,cubao,exit,0.0
2026-01-24,05:00 - 05:59,1008,cubao,exit,0.0
2026-01-24,06:00 - 06:59,2253,cubao,exit,0.0
2026-01-24,07:00 - 07:59,2463,cubao,exit,0.0
2026-01-24,08:00 - 08:59,2250,cubao,exit,0.0
2026-01-24,09:00 - 09:59,2200,cubao,exit,0.0
2026-01-24,10:00 - 10:59,2162,cubao,exit,0.0
2026-01-24,11:00 - 11:59,2176,cubao,exit,0.0
2026-01-24,12:00 - 12:59,2644,cubao,exit,0.0
2026-01-24,13:00 - 13:59,2798,cubao,exit,0.0
2026-01-24,14:00 - 14:59,2757,cubao,exit,0.0
2026-01-24,15:00 - 15:59,3264,cubao,exit,0.0
2026-01-24,16:00 - 16:59,4118,cubao,exit,0.0
2026-01-24,17:00 - 17:59,4937,cubao,exit,0.0
2026-01-24,18:00 - 18:59,4368,cubao,exit,0.0
2026-01-24,19:00 - 19:59,3718,cubao,exit,0.0
2026-01-24,20:00 - 20:59,2824,cubao,exit,0.0
2026-01-24,21:00 - 21:59,2321,cubao,exit,0.0
2026-01-24,22:00 - 22:59,979,cubao,exit,0.0
2026-01-24,23:00 - 23:59,0,cubao,exit,0.0
2026-01-24,00:00 - 00:59,0,cubao,exit,0.0
2026-01-24,01:00 - 01:59,0,cubao,exit,0.0
2026-01-24,02:00 - 02:59,0,cubao,exit,0.0
2026-01-25,03:00 - 03:59,0,cubao,exit,0.0
2026-01-25,04:00 - 04:59,22,cubao,exit,0.0
2026-01-25,05:00 - 05:59,614,cubao,exit,0.0
2026-01-25,06:00 - 06:59,1192,cubao,exit,0.0
2026-01-25,07:00 - 07:59,1356,cubao,exit,0.0
2026-01-25,08:00 - 08:59,1476,cubao,exit,0.0
2026-01-25,09:00 - 09:59,1795,cubao,exit,0.0
2026-01-25,10:00 - 10:59,1783,cubao,exit,0.0
2026-01-25,11:00 - 11:59,1836,cubao,exit,0.0
2026-01-25,12:00 - 12:59,2039,cubao,exit,0.0
2026-01-25,13:00 - 13:59,2088,cubao,exit,0.0
2026-01-25,14:00 - 14:59,2264,cubao,exit,0.0
2026-01-25,15:00 - 15:59,2436,cubao,exit,0.0
2026-01-25,16:00 - 16:59,2548,cubao,exit,0.0
2026-01-25,17:00 - 17:59,2749,cubao,exit,0.0
2026-01-25,18:00 - 18:59,2689,cubao,exit,0.0
2026-01-25,19:00 - 19:59,2802,cubao,exit,0.0
2026-01-25,20:00 - 20:59,2336,cubao,exit,0.0
2026-01-25,21:00 - 21:59,1862,cubao,exit,0.0
2026-01-25,22:00 - 22:59,788,cubao,exit,0.0
2026-01-25,23:00 - 23:59,0,cubao,exit,0.0
2026-01-25,00:00 - 00:59,0,cubao,exit,0.0
2026-01-25,01:00 - 01:59,0,cubao,exit,0.0
2026-01-25,02:00 - 02:59,0,cubao,exit,0.0
2026-01-26,03:00 - 03:59,0,cubao,exit,0.0
2026-01-26,04:00 - 04:59,60,cubao,exit,0.0
2026-01-26,05:00 - 05:59,1247,cubao,exit,0.0
2026-01-26,06:00 - 06:59,2195,cubao,exit,0.0
2026-01-26,07:00 - 07:59,3011,cubao,exit,0.0
2026-01-26,08:00 - 08:59,2418,cubao,exit,0.0
2026-01-26,09:00 - 09:59,2398,cubao,exit,0.0
2026-01-26,10:00 - 10:59,2020,cubao,exit,0.0
2026-01-26,11:00 - 11:59,2125,cubao,exit,0.0
2026-01-26,12:00 - 12:59,2575,cubao,exit,0.0
2026-01-26,13:00 - 13:59,2434,cubao,exit,0.0
2026-01-26,14:00 - 14:59,2540,cubao,exit,0.0
2026-01-26,15:00 - 15:59,3215,cubao,exit,0.0
2026-01-26,16:00 - 16:59,4443,cubao,exit,0.0
2026-01-26,17:00 - 17:59,6546,cubao,exit,0.0
2026-01-26,18:00 - 18:59,6807,cubao,exit,0.0
2026-01-26,19:00 - 19:59,5975,cubao,exit,0.0
2026-01-26,20:00 - 20:59,3786,cubao,exit,0.0
2026-01-26,21:00 - 21:59,2435,cubao,exit,0.0
2026-01-26,22:00 - 22:59,1384,cubao,exit,0.0
2026-01-26,23:00 - 23:59,324,cubao,exit,0.0
2026-01-26,00:00 - 00:59,0,cubao,exit,0.0
2026-01-26,01:00 - 01:59,0,cubao,exit,0.0
2026-01-26,02:00 - 02:59,0,cubao,exit,0.0
2026-01-27,03:00 - 03:59,0,cubao,exit,0.0
2026-01-27,04:00 - 04:59,62,cubao,exit,0.0
2026-01-27,05:00 - 05:59,1199,cubao,exit,0.0
2026-01-27,06:00 - 06:59,2775,cubao,exit,0.0
2026-01-27,07:00 - 07:59,3370,cubao,exit,0.0
2026-01-27,08:00 - 08:59,2676,cubao,exit,0.0
2026-01-27,09:00 - 09:59,2583,cubao,exit,0.0
2026-01-27,10:00 - 10:59,2132,cubao,exit,0.0
2026-01-27,11:00 - 11:59,2130,cubao,exit,0.0
2026-01-27,12:00 - 12:59,2353,cubao,exit,0.0
2026-01-27,13:00 - 13:59,1982,cubao,exit,0.0
2026-01-27,14:00 - 14:59,1967,cubao,exit,0.0
2026-01-27,15:00 - 15:59,3221,cubao,exit,0.0
2026-01-27,16:00 - 16:59,4577,cubao,exit,0.0
2026-01-27,17:00 - 17:59,6617,cubao,exit,0.0
2026-01-27,18:00 - 18:59,7326,cubao,exit,0.0
2026-01-27,19:00 - 19:59,6310,cubao,exit,0.0
2026-01-27,20:00 - 20:59,3856,cubao,exit,0.0
2026-01-27,21:00 - 21:59,2678,cubao,exit,0.0
2026-01-27,22:00 - 22:59,1237,cubao,exit,0.0
2026-01-27,23:00 - 23:59,533,cubao,exit,0.0
2026-01-27,00:00 - 00:59,0,cubao,exit,0.0
2026-01-27,01:00 - 01:59,0,cubao,exit,0.0
2026-01-27,02:00 - 02:59,0,cubao,exit,0.0
2026-01-28,03:00 - 03:59,0,cubao,exit,0.0
2026-01-28,04:00 - 04:59,64,cubao,exit,0.0
2026-01-28,05:00 - 05:59,1187,cubao,exit,0.0
2026-01-28,06:00 - 06:59,2637,cubao,exit,0.0
2026-01-28,07:00 - 07:59,3176,cubao,exit,0.0
2026-01-28,08:00 - 08:59,2939,cubao,exit,0.0
2026-01-28,09:00 - 09:59,2438,cubao,exit,0.0
2026-01-28,10:00 - 10:59,2150,cubao,exit,0.0
2026-01-28,11:00 - 11:59,2044,cubao,exit,0.0
2026-01-28,12:00 - 12:59,2502,cubao,exit,0.0
2026-01-28,13:00 - 13:59,2311,cubao,exit,0.0
2026-01-28,14:00 - 14:59,2633,cubao,exit,0.0
2026-01-28,15:00 - 15:59,3552,cubao,exit,0.0
2026-01-28,16:00 - 16:59,4463,cubao,exit,0.0
2026-01-28,17:00 - 17:59,6630,cubao,exit,0.0
2026-01-28,18:00 - 18:59,7516,cubao,exit,0.0
2026-01-28,19:00 - 19:59,5971,cubao,exit,0.0
2026-01-28,20:00 - 20:59,4318,cubao,exit,0.0
2026-01-28,21:00 - 21:59,2850,cubao,exit,0.0
2026-01-28,22:00 - 22:59,1264,cubao,exit,0.0
2026-01-28,23:00 - 23:59,609,cubao,exit,0.0
2026-01-28,00:00 - 00:59,0,cubao,exit,0.0
2026-01-28,01:00 - 01:59,0,cubao,exit,0.0
2026-01-28,02:00 - 02:59,0,cubao,exit,0.0
2026-01-29,03:00 - 03:59,0,cubao,exit,0.0
2026-01-29,04:00 - 04:59,54,cubao,exit,0.0
2026-01-29,05:00 - 05:59,1155,cubao,exit,0.0
2026-01-29,06:00 - 06:59,2707,cubao,exit,0.0
2026-01-29,07:00 - 07:59,3178,cubao,exit,0.0
2026-01-29,08:00 - 08:59,2811,cubao,exit,0.0
2026-01-29,09:00 - 09:59,2424,cubao,exit,0.0
2026-01-29,10:00 - 10:59,2167,cubao,exit,0.0
2026-01-29,11:00 - 11:59,2197,cubao,exit,0.0
2026-01-29,12:00 - 12:59,2177,cubao,exit,0.0
2026-01-29,13:00 - 13:59,2133,cubao,exit,0.0
2026-01-29,14:00 - 14:59,2541,cubao,exit,0.0
2026-01-29,15:00 - 15:59,3054,cubao,exit,0.0
2026-01-29,16:00 - 16:59,4720,cubao,exit,0.0
2026-01-29,17:00 - 17:59,6445,cubao,exit,0.0
2026-01-29,18:00 - 18:59,7548,cubao,exit,0.0
2026-01-29,19:00 - 19:59,5778,cubao,exit,0.0
2026-01-29,20:00 - 20:59,4081,cubao,exit,0.0
2026-01-29,21:00 - 21:59,3023,cubao,exit,0.0
2026-01-29,22:00 - 22:59,1485,cubao,exit,0.0
2026-01-29,23:00 - 23:59,418,cubao,exit,0.0
2026-01-29,00:00 - 00:59,0,cubao,exit,0.0
2026-01-29,01:00 - 01:59,0,cubao,exit,0.0
2026-01-29,02:00 - 02:59,0,cubao,exit,0.0
2026-01-30,03:00 - 03:59,0,cubao,exit,0.0
2026-01-30,04:00 - 04:59,55,cubao,exit,0.0
2026-01-30,05:00 - 05:59,1078,cubao,exit,0.0
2026-01-30,06:00 - 06:59,2750,cubao,exit,0.0
2026-01-30,07:00 - 07:59,3214,cubao,exit,0.0
2026-01-30,08:00 - 08:59,2744,cubao,exit,0.0
2026-01-30,09:00 - 09:59,2444,cubao,exit,0.0
2026-01-30,10:00 - 10:59,1886,cubao,exit,0.0
2026-01-30,11:00 - 11:59,2073,cubao,exit,0.0
2026-01-30,12:00 - 12:59,2194,cubao,exit,0.0
2026-01-30,13:00 - 13:59,2805,cubao,exit,0.0
2026-01-30,14:00 - 14:59,2462,cubao,exit,0.0
2026-01-30,15:00 - 15:59,3857,cubao,exit,0.0
2026-01-30,16:00 - 16:59,4954,cubao,exit,0.0
2026-01-30,17:00 - 17:59,6687,cubao,exit,0.0
2026-01-30,18:00 - 18:59,7675,cubao,exit,0.0
2026-01-30,19:00 - 19:59,6502,cubao,exit,0.0
2026-01-30,20:00 - 20:59,4377,cubao,exit,0.0
2026-01-30,21:00 - 21:59,3155,cubao,exit,0.0
2026-01-30,22:00 - 22:59,2065,cubao,exit,0.0
2026-01-30,23:00 - 23:59,472,cubao,exit,0.0
2026-01-30,00:00 - 00:59,0,cubao,exit,0.0
2026-01-30,01:00 - 01:59,0,cubao,exit,0.0
2026-01-30,02:00 - 02:59,0,cubao,exit,0.0
2026-01-31,03:00 - 03:59,0,cubao,exit,0.0
2026-01-31,04:00 - 04:59,42,cubao,exit,0.0
2026-01-31,05:00 - 05:59,982,cubao,exit,0.0
2026-01-31,06:00 - 06:59,2255,cubao,exit,0.0
2026-01-31,07:00 - 07:59,2469,cubao,exit,0.0
2026-01-31,08:00 - 08:59,2474,cubao,exit,0.0
2026-01-31,09:00 - 09:59,2314,cubao,exit,0.0
2026-01-31,10:00 - 10:59,2076,cubao,exit,0.0
2026-01-31,11:00 - 11:59,2246,cubao,exit,0.0
2026-01-31,12:00 - 12:59,2732,cubao,exit,0.0
2026-01-31,13:00 - 13:59,2921,cubao,exit,0.0
2026-01-31,14:00 - 14:59,2992,cubao,exit,0.0
2026-01-31,15:00 - 15:59,3405,cubao,exit,0.0
2026-01-31,16:00 - 16:59,4400,cubao,exit,0.0
2026-01-31,17:00 - 17:59,4987,cubao,exit,0.0
2026-01-31,18:00 - 18:59,4400,cubao,exit,0.0
2026-01-31,19:00 - 19:59,3872,cubao,exit,0.0
2026-01-31,20:00 - 20:59,2979,cubao,exit,0.0
2026-01-31,21:00 - 21:59,2362,cubao,exit,0.0
2026-01-31,22:00 - 22:59,1034,cubao,exit,0.0
2026-01-31,23:00 - 23:59,0,cubao,exit,0.0
2026-01-31,00:00 - 00:59,0,cubao,exit,0.0
2026-01-31,01:00 - 01:59,0,cubao,exit,0.0
2026-01-31,02:00 - 02:59,0,cubao,exit,0.0
2026-01-01,03:00 - 03:59,0,santolan,entry,0.0
2026-01-01,04:00 - 04:59,0,santolan,entry,0.0
2026-01-01,05:00 - 05:59,0,santolan,entry,0.0
2026-01-01,06:00 - 06:59,42,santolan,entry,0.7
2026-01-01,07:00 - 07:59,74,santolan,entry,1.2333333333333334
2026-01-01,08:00 - 08:59,36,santolan,entry,0.6
2026-01-01,09:00 - 09:59,36,santolan,entry,0.6
2026-01-01,10:00 - 10:59,40,santolan,entry,0.6666666666666666
2026-01-01,11:00 - 11:59,58,santolan,entry,0.9666666666666667
2026-01-01,12:00 - 12:59,66,santolan,entry,1.1
2026-01-01,13:00 - 13:59,92,santolan,entry,1.5333333333333334
2026-01-01,14:00 - 14:59,117,santolan,entry,1.95
2026-01-01,15:00 - 15:59,141,santolan,entry,2.35
2026-01-01,16:00 - 16:59,124,santolan,entry,2.066666666666667
2026-01-01,17:00 - 17:59,128,santolan,entry,2.1333333333333333
2026-01-01,18:00 - 18:59,125,santolan,entry,2.0833333333333335
2026-01-01,19:00 - 19:59,168,santolan,entry,2.8
2026-01-01,20:00 - 20:59,121,santolan,entry,2.0166666666666666
2026-01-01,21:00 - 21:59,251,santolan,entry,4.183333333333334
2026-01-01,22:00 - 22:59,259,santolan,entry,4.316666666666666
2026-01-01,23:00 - 23:59,22,santolan,entry,0.36666666666666664
2026-01-01,00:00 - 00:59,0,santolan,entry,0.0
2026-01-01,01:00 - 01:59,0,santolan,entry,0.0
2026-01-01,02:00 - 02:59,0,santolan,entry,0.0
2026-01-02,03:00 - 03:59,0,santolan,entry,0.0
2026-01-02,04:00 - 04:59,12,santolan,entry,0.2
2026-01-02,05:00 - 05:59,58,santolan,entry,0.9666666666666667
2026-01-02,06:00 - 06:59,113,santolan,entry,1.8833333333333333
2026-01-02,07:00 - 07:59,150,santolan,entry,2.5
2026-01-02,08:00 - 08:59,129,santolan,entry,2.15
2026-01-02,09:00 - 09:59,154,santolan,entry,2.566666666666667
2026-01-02,10:00 - 10:59,155,santolan,entry,2.5833333333333335
2026-01-02,11:00 - 11:59,167,santolan,entry,2.783333333333333
2026-01-02,12:00 - 12:59,161,santolan,entry,2.683333333333333
2026-01-02,13:00 - 13:59,199,santolan,entry,3.316666666666667
2026-01-02,14:00 - 14:59,235,santolan,entry,3.9166666666666665
2026-01-02,15:00 - 15:59,298,santolan,entry,4.966666666666667
2026-01-02,16:00 - 16:59,369,santolan,entry,6.15
2026-01-02,17:00 - 17:59,704,santolan,entry,11.733333333333333
2026-01-02,18:00 - 18:59,596,santolan,entry,9.933333333333334
2026-01-02,19:00 - 19:59,394,santolan,entry,6.566666666666666
2026-01-02,20:00 - 20:59,374,santolan,entry,6.233333333333333
2026-01-02,21:00 - 21:59,349,santolan,entry,5.816666666666666
2026-01-02,22:00 - 22:59,303,santolan,entry,5.05
2026-01-02,23:00 - 23:59,24,santolan,entry,0.4
2026-01-02,00:00 - 00:59,0,santolan,entry,0.0
2026-01-02,01:00 - 01:59,0,santolan,entry,0.0
2026-01-02,02:00 - 02:59,0,santolan,entry,0.0
2026-01-03,03:00 - 03:59,0,santolan,entry,0.0
2026-01-03,04:00 - 04:59,12,santolan,entry,0.2
2026-01-03,05:00 - 05:59,72,santolan,entry,1.2
2026-01-03,06:00 - 06:59,80,santolan,entry,1.3333333333333333
2026-01-03,07:00 - 07:59,125,santolan,entry,2.0833333333333335
2026-01-03,08:00 - 08:59,119,santolan,entry,1.9833333333333334
2026-01-03,09:00 - 09:59,144,santolan,entry,2.4
2026-01-03,10:00 - 10:59,119,santolan,entry,1.9833333333333334
2026-01-03,11:00 - 11:59,184,santolan,entry,3.066666666666667
2026-01-03,12:00 - 12:59,216,santolan,entry,3.6
2026-01-03,13:00 - 13:59,231,santolan,entry,3.85
2026-01-03,14:00 - 14:59,267,santolan,entry,4.45
2026-01-03,15:00 - 15:59,321,santolan,entry,5.35
2026-01-03,16:00 - 16:59,449,santolan,entry,7.483333333333333
2026-01-03,17:00 - 17:59,568,santolan,entry,9.466666666666667
2026-01-03,18:00 - 18:59,395,santolan,entry,6.583333333333333
2026-01-03,19:00 - 19:59,354,santolan,entry,5.9
2026-01-03,20:00 - 20:59,359,santolan,entry,5.983333333333333
2026-01-03,21:00 - 21:59,373,santolan,entry,6.216666666666667
2026-01-03,22:00 - 22:59,137,santolan,entry,2.283333333333333
2026-01-03,23:00 - 23:59,0,santolan,entry,0.0
2026-01-03,00:00 - 00:59,0,santolan,entry,0.0
2026-01-03,01:00 - 01:59,0,santolan,entry,0.0
2026-01-03,03:00 - 03:59,0,santolan,entry,0.0
2026-01-04,03:00 - 03:59,0,santolan,entry,0.0
2026-01-04,04:00 - 04:59,6,santolan,entry,0.1
2026-01-04,05:00 - 05:59,57,santolan,entry,0.95
2026-01-04,06:00 - 06:59,67,santolan,entry,1.1166666666666667
2026-01-04,07:00 - 07:59,77,santolan,entry,1.2833333333333334
2026-01-04,08:00 - 08:59,89,santolan,entry,1.4833333333333334
2026-01-04,09:00 - 09:59,101,santolan,entry,1.6833333333333333
2026-01-04,10:00 - 10:59,117,santolan,entry,1.95
2026-01-04,11:00 - 11:59,108,santolan,entry,1.8
2026-01-04,12:00 - 12:59,184,santolan,entry,3.066666666666667
2026-01-04,13:00 - 13:59,196,santolan,entry,3.2666666666666666
2026-01-04,14:00 - 14:59,176,santolan,entry,2.933333333333333
2026-01-04,15:00 - 15:59,284,santolan,entry,4.733333333333333
2026-01-04,16:00 - 16:59,284,santolan,entry,4.733333333333333
2026-01-04,17:00 - 17:59,315,santolan,entry,5.25
2026-01-04,18:00 - 18:59,386,santolan,entry,6.433333333333334
2026-01-04,19:00 - 19:59,280,santolan,entry,4.666666666666667
2026-01-04,20:00 - 20:59,330,santolan,entry,5.5
2026-01-04,21:00 - 21:59,298,santolan,entry,4.966666666666667
2026-01-04,22:00 - 22:59,149,santolan,entry,2.4833333333333334
2026-01-04,23:00 - 23:59,0,santolan,entry,0.0
2026-01-04,00:00 - 00:59,0,santolan,entry,0.0
2026-01-04,01:00 - 01:59,0,santolan,entry,0.0
2026-01-04,02:00 - 02:59,0,santolan,entry,0.0
2026-01-05,03:00 - 03:59,0,santolan,entry,0.0
2026-01-05,04:00 - 04:59,15,santolan,entry,0.25
2026-01-05,05:00 - 05:59,120,santolan,entry,2.0
2026-01-05,06:00 - 06:59,235,santolan,entry,3.9166666666666665
2026-01-05,07:00 - 07:59,280,santolan,entry,4.666666666666667
2026-01-05,08:00 - 08:59,250,santolan,entry,4.166666666666667
2026-01-05,09:00 - 09:59,252,santolan,entry,4.2
2026-01-05,10:00 - 10:59,276,santolan,entry,4.6
2026-01-05,11:00 - 11:59,384,santolan,entry,6.4
2026-01-05,12:00 - 12:59,364,santolan,entry,6.066666666666666
2026-01-05,13:00 - 13:59,310,santolan,entry,5.166666666666667
2026-01-05,14:00 - 14:59,491,santolan,entry,8.183333333333334
2026-01-05,15:00 - 15:59,561,santolan,entry,9.35
2026-01-05,16:00 - 16:59,823,santolan,entry,13.716666666666667
2026-01-05,17:00 - 17:59,1336,santolan,entry,22.266666666666666
2026-01-05,18:00 - 18:59,1104,santolan,entry,18.4
2026-01-05,19:00 - 19:59,702,santolan,entry,11.7
2026-01-05,20:00 - 20:59,482,santolan,entry,8.033333333333333
2026-01-05,21:00 - 21:59,420,santolan,entry,7.0
2026-01-05,22:00 - 22:59,142,santolan,entry,2.3666666666666667
2026-01-05,23:00 - 23:59,13,santolan,entry,0.21666666666666667
2026-01-05,00:00 - 00:59,0,santolan,entry,0.0
2026-01-05,01:00 - 01:59,0,santolan,entry,0.0
2026-01-05,03:00 - 03:59,0,santolan,entry,0.0
2026-01-06,03:00 - 03:59,0,santolan,entry,0.0
2026-01-06,04:00 - 04:59,27,santolan,entry,0.45
2026-01-06,05:00 - 05:59,121,santolan,entry,2.0166666666666666
2026-01-06,06:00 - 06:59,228,santolan,entry,3.8
2026-01-06,07:00 - 07:59,335,santolan,entry,5.583333333333333
2026-01-06,08:00 - 08:59,302,santolan,entry,5.033333333333333
2026-01-06,09:00 - 09:59,303,santolan,entry,5.05
2026-01-06,10:00 - 10:59,281,santolan,entry,4.683333333333334
2026-01-06,11:00 - 11:59,356,santolan,entry,5.933333333333334
2026-01-06,12:00 - 12:59,367,santolan,entry,6.116666666666666
2026-01-06,13:00 - 13:59,340,santolan,entry,5.666666666666667
2026-01-06,14:00 - 14:59,372,santolan,entry,6.2
2026-01-06,15:00 - 15:59,501,santolan,entry,8.35
2026-01-06,16:00 - 16:59,800,santolan,entry,13.333333333333334
2026-01-06,17:00 - 17:59,1459,santolan,entry,24.316666666666666
2026-01-06,18:00 - 18:59,1073,santolan,entry,17.883333333333333
2026-01-06,19:00 - 19:59,615,santolan,entry,10.25
2026-01-06,20:00 - 20:59,485,santolan,entry,8.083333333333334
2026-01-06,21:00 - 21:59,484,santolan,entry,8.066666666666666
2026-01-06,22:00 - 22:59,125,santolan,entry,2.0833333333333335
2026-01-06,23:00 - 23:59,12,santolan,entry,0.2
2026-01-06,00:00 - 00:59,0,santolan,entry,0.0
2026-01-06,01:00 - 01:59,0,santolan,entry,0.0
2026-01-06,02:00 - 02:59,0,santolan,entry,0.0
2026-01-07,03:00 - 03:59,0,santolan,entry,0.0
2026-01-07,04:00 - 04:59,25,santolan,entry,0.4166666666666667
2026-01-07,05:00 - 05:59,125,santolan,entry,2.0833333333333335
2026-01-07,06:00 - 06:59,264,santolan,entry,4.4
2026-01-07,07:00 - 07:59,336,santolan,entry,5.6
2026-01-07,08:00 - 08:59,262,santolan,entry,4.366666666666666
2026-01-07,09:00 - 09:59,272,santolan,entry,4.533333333333333
2026-01-07,10:00 - 10:59,282,santolan,entry,4.7
2026-01-07,11:00 - 11:59,301,santolan,entry,5.016666666666667
2026-01-07,12:00 - 12:59,295,santolan,entry,4.916666666666667
2026-01-07,13:00 - 13:59,336,santolan,entry,5.6
2026-01-07,14:00 - 14:59,390,santolan,entry,6.5
2026-01-07,15:00 - 15:59,552,santolan,entry,9.2
2026-01-07,16:00 - 16:59,790,santolan,entry,13.166666666666666
2026-01-07,17:00 - 17:59,1411,santolan,entry,23.516666666666666
2026-01-07,18:00 - 18:59,1119,santolan,entry,18.65
2026-01-07,19:00 - 19:59,632,santolan,entry,10.533333333333333
2026-01-07,20:00 - 20:59,499,santolan,entry,8.316666666666666
2026-01-07,21:00 - 21:59,481,santolan,entry,8.016666666666667
2026-01-07,22:00 - 22:59,149,santolan,entry,2.4833333333333334
2026-01-07,23:00 - 23:59,9,santolan,entry,0.15
2026-01-07,00:00 - 00:59,0,santolan,entry,0.0
2026-01-07,01:00 - 01:59,0,santolan,entry,0.0
2026-01-07,02:00 - 02:59,0,santolan,entry,0.0
2026-01-08,03:00 - 03:59,0,santolan,entry,0.0
2026-01-08,04:00 - 04:59,18,santolan,entry,0.3
2026-01-08,05:00 - 05:59,128,santolan,entry,2.1333333333333333
2026-01-08,06:00 - 06:59,247,santolan,entry,4.116666666666666
2026-01-08,07:00 - 07:59,332,santolan,entry,5.533333333333333
2026-01-08,08:00 - 08:59,233,santolan,entry,3.8833333333333333
2026-01-08,09:00 - 09:59,250,santolan,entry,4.166666666666667
2026-01-08,10:00 - 10:59,286,santolan,entry,4.766666666666667
2026-01-08,11:00 - 11:59,309,santolan,entry,5.15
2026-01-08,12:00 - 12:59,316,santolan,entry,5.266666666666667
2026-01-08,13:00 - 13:59,320,santolan,entry,5.333333333333333
2026-01-08,14:00 - 14:59,359,santolan,entry,5.983333333333333
2026-01-08,15:00 - 15:59,499,santolan,entry,8.316666666666666
2026-01-08,16:00 - 16:59,861,santolan,entry,14.35
2026-01-08,17:00 - 17:59,1393,santolan,entry,23.216666666666665
2026-01-08,18:00 - 18:59,1079,santolan,entry,17.983333333333334
2026-01-08,19:00 - 19:59,658,santolan,entry,10.966666666666667
2026-01-08,20:00 - 20:59,516,santolan,entry,8.6
2026-01-08,21:00 - 21:59,454,santolan,entry,7.566666666666666
2026-01-08,22:00 - 22:59,169,santolan,entry,2.816666666666667
2026-01-08,23:00 - 23:59,5,santolan,entry,0.08333333333333333
2026-01-08,00:00 - 00:59,6,santolan,entry,0.1
2026-01-08,01:00 - 01:59,0,santolan,entry,0.0
2026-01-08,02:00 - 02:59,0,santolan,entry,0.0
2026-01-09,03:00 - 03:59,0,santolan,entry,0.0
2026-01-09,04:00 - 04:59,18,santolan,entry,0.3
2026-01-09,05:00 - 05:59,134,santolan,entry,2.2333333333333334
2026-01-09,06:00 - 06:59,216,santolan,entry,3.6
2026-01-09,07:00 - 07:59,311,santolan,entry,5.183333333333334
2026-01-09,08:00 - 08:59,257,santolan,entry,4.283333333333333
2026-01-09,09:00 - 09:59,259,santolan,entry,4.316666666666666
2026-01-09,10:00 - 10:59,236,santolan,entry,3.933333333333333
2026-01-09,11:00 - 11:59,311,santolan,entry,5.183333333333334
2026-01-09,12:00 - 12:59,310,santolan,entry,5.166666666666667
2026-01-09,13:00 - 13:59,315,santolan,entry,5.25
2026-01-09,14:00 - 14:59,427,santolan,entry,7.116666666666666
2026-01-09,15:00 - 15:59,559,santolan,entry,9.316666666666666
2026-01-09,16:00 - 16:59,867,santolan,entry,14.45
2026-01-09,17:00 - 17:59,1439,santolan,entry,23.983333333333334
2026-01-09,18:00 - 18:59,976,santolan,entry,16.266666666666666
2026-01-09,19:00 - 19:59,689,santolan,entry,11.483333333333333
2026-01-09,20:00 - 20:59,467,santolan,entry,7.783333333333333
2026-01-09,21:00 - 21:59,390,santolan,entry,6.5
2026-01-09,22:00 - 22:59,320,santolan,entry,5.333333333333333
2026-01-09,23:00 - 23:59,22,santolan,entry,0.36666666666666664
2026-01-09,00:00 - 00:59,0,santolan,entry,0.0
2026-01-09,01:00 - 01:59,0,santolan,entry,0.0
2026-01-09,02:00 - 02:59,0,santolan,entry,0.0
2026-01-10,03:00 - 03:59,0,santolan,entry,0.0
2026-01-10,04:00 - 04:59,8,santolan,entry,0.13333333333333333
2026-01-10,05:00 - 05:59,94,santolan,entry,1.5666666666666667
2026-01-10,06:00 - 06:59,134,santolan,entry,2.2333333333333334
2026-01-10,07:00 - 07:59,172,santolan,entry,2.8666666666666667
2026-01-10,08:00 - 08:59,170,santolan,entry,2.8333333333333335
2026-01-10,09:00 - 09:59,205,santolan,entry,3.4166666666666665
2026-01-10,10:00 - 10:59,224,santolan,entry,3.7333333333333334
2026-01-10,11:00 - 11:59,261,santolan,entry,4.35
2026-01-10,12:00 - 12:59,350,santolan,entry,5.833333333333333
2026-01-10,13:00 - 13:59,288,santolan,entry,4.8
2026-01-10,14:00 - 14:59,290,santolan,entry,4.833333333333333
2026-01-10,15:00 - 15:59,447,santolan,entry,7.45
2026-01-10,16:00 - 16:59,641,santolan,entry,10.683333333333334
2026-01-10,17:00 - 17:59,641,santolan,entry,10.683333333333334
2026-01-10,18:00 - 18:59,563,santolan,entry,9.383333333333333
2026-01-10,19:00 - 19:59,503,santolan,entry,8.383333333333333
2026-01-10,20:00 - 20:59,415,santolan,entry,6.916666666666667
2026-01-10,21:00 - 21:59,317,santolan,entry,5.283333333333333
2026-01-10,22:00 - 22:59,124,santolan,entry,2.066666666666667
2026-01-10,23:00 - 23:59,0,santolan,entry,0.0
2026-01-10,00:00 - 00:59,0,santolan,entry,0.0
2026-01-10,01:00 - 01:59,0,santolan,entry,0.0
2026-01-10,02:00 - 02:59,0,santolan,entry,0.0
2026-01-11,03:00 - 03:59,0,santolan,entry,0.0
2026-01-11,04:00 - 04:59,5,santolan,entry,0.08333333333333333
2026-01-11,05:00 - 05:59,46,santolan,entry,0.7666666666666667
2026-01-11,06:00 - 06:59,92,santolan,entry,1.5333333333333334
2026-01-11,07:00 - 07:59,115,santolan,entry,1.9166666666666667
2026-01-11,08:00 - 08:59,89,santolan,entry,1.4833333333333334
2026-01-11,09:00 - 09:59,131,santolan,entry,2.183333333333333
2026-01-11,10:00 - 10:59,124,santolan,entry,2.066666666666667
2026-01-11,11:00 - 11:59,139,santolan,entry,2.316666666666667
2026-01-11,12:00 - 12:59,233,santolan,entry,3.8833333333333333
2026-01-11,13:00 - 13:59,242,santolan,entry,4.033333333333333
2026-01-11,14:00 - 14:59,235,santolan,entry,3.9166666666666665
2026-01-11,15:00 - 15:59,287,santolan,entry,4.783333333333333
2026-01-11,16:00 - 16:59,367,santolan,entry,6.116666666666666
2026-01-11,17:00 - 17:59,333,santolan,entry,5.55
2026-01-11,18:00 - 18:59,347,santolan,entry,5.783333333333333
2026-01-11,19:00 - 19:59,398,santolan,entry,6.633333333333334
2026-01-11,20:00 - 20:59,362,santolan,entry,6.033333333333333
2026-01-11,21:00 - 21:59,311,santolan,entry,5.183333333333334
2026-01-11,22:00 - 22:59,129,santolan,entry,2.15
2026-01-11,23:00 - 23:59,0,santolan,entry,0.0
2026-01-11,00:00 - 00:59,0,santolan,entry,0.0
2026-01-11,01:00 - 01:59,0,santolan,entry,0.0
2026-01-11,02:00 - 02:59,0,santolan,entry,0.0
2026-01-12,03:00 - 03:59,0,santolan,entry,0.0
2026-01-12,04:00 - 04:59,17,santolan,entry,0.2833333333333333
2026-01-12,05:00 - 05:59,121,santolan,entry,2.0166666666666666
2026-01-12,06:00 - 06:59,234,santolan,entry,3.9
2026-01-12,07:00 - 07:59,285,santolan,entry,4.75
2026-01-12,08:00 - 08:59,257,santolan,entry,4.283333333333333
2026-01-12,09:00 - 09:59,321,santolan,entry,5.35
2026-01-12,10:00 - 10:59,397,santolan,entry,6.616666666666666
2026-01-12,11:00 - 11:59,417,santolan,entry,6.95
2026-01-12,12:00 - 12:59,355,santolan,entry,5.916666666666667
2026-01-12,13:00 - 13:59,436,santolan,entry,7.266666666666667
2026-01-12,14:00 - 14:59,465,santolan,entry,7.75
2026-01-12,15:00 - 15:59,707,santolan,entry,11.783333333333333
2026-01-12,16:00 - 16:59,850,santolan,entry,14.166666666666666
2026-01-12,17:00 - 17:59,1391,santolan,entry,23.183333333333334
2026-01-12,18:00 - 18:59,1119,santolan,entry,18.65
2026-01-12,19:00 - 19:59,649,santolan,entry,10.816666666666666
2026-01-12,20:00 - 20:59,486,santolan,entry,8.1
2026-01-12,21:00 - 21:59,410,santolan,entry,6.833333333333333
2026-01-12,22:00 - 22:59,145,santolan,entry,2.4166666666666665
2026-01-12,23:00 - 23:59,7,santolan,entry,0.11666666666666667
2026-01-12,00:00 - 00:59,0,santolan,entry,0.0
2026-01-12,01:00 - 01:59,0,santolan,entry,0.0
2026-01-12,02:00 - 02:59,0,santolan,entry,0.0
2026-01-13,03:00 - 03:59,0,santolan,entry,0.0
2026-01-13,04:00 - 04:59,25,santolan,entry,0.4166666666666667
2026-01-13,05:00 - 05:59,135,santolan,entry,2.25
2026-01-13,06:00 - 06:59,246,santolan,entry,4.1
2026-01-13,07:00 - 07:59,369,santolan,entry,6.15
2026-01-13,08:00 - 08:59,277,santolan,entry,4.616666666666666
2026-01-13,09:00 - 09:59,235,santolan,entry,3.9166666666666665
2026-01-13,10:00 - 10:59,305,santolan,entry,5.083333333333333
2026-01-13,11:00 - 11:59,337,santolan,entry,5.616666666666666
2026-01-13,12:00 - 12:59,351,santolan,entry,5.85
2026-01-13,13:00 - 13:59,350,santolan,entry,5.833333333333333
2026-01-13,14:00 - 14:59,418,santolan,entry,6.966666666666667
2026-01-13,15:00 - 15:59,623,santolan,entry,10.383333333333333
2026-01-13,16:00 - 16:59,816,santolan,entry,13.6
2026-01-13,17:00 - 17:59,1405,santolan,entry,23.416666666666668
2026-01-13,18:00 - 18:59,1098,santolan,entry,18.3
2026-01-13,19:00 - 19:59,623,santolan,entry,10.383333333333333
2026-01-13,20:00 - 20:59,554,santolan,entry,9.233333333333333
2026-01-13,21:00 - 21:59,477,santolan,entry,7.95
2026-01-13,22:00 - 22:59,140,santolan,entry,2.3333333333333335
2026-01-13,23:00 - 23:59,5,santolan,entry,0.08333333333333333
2026-01-13,00:00 - 00:59,0,santolan,entry,0.0
2026-01-13,01:00 - 01:59,0,santolan,entry,0.0
2026-01-13,02:00 - 02:59,0,santolan,entry,0.0
2026-01-14,03:00 - 03:59,0,santolan,entry,0.0
2026-01-14,04:00 - 04:59,26,santolan,entry,0.43333333333333335
2026-01-14,05:00 - 05:59,147,santolan,entry,2.45
2026-01-14,06:00 - 06:59,220,santolan,entry,3.6666666666666665
2026-01-14,07:00 - 07:59,361,santolan,entry,6.016666666666667
2026-01-14,08:00 - 08:59,274,santolan,entry,4.566666666666666
2026-01-14,09:00 - 09:59,287,santolan,entry,4.783333333333333
2026-01-14,10:00 - 10:59,273,santolan,entry,4.55
2026-01-14,11:00 - 11:59,341,santolan,entry,5.683333333333334
2026-01-14,12:00 - 12:59,369,santolan,entry,6.15
2026-01-14,13:00 - 13:59,308,santolan,entry,5.133333333333334
2026-01-14,14:00 - 14:59,390,santolan,entry,6.5
2026-01-14,15:00 - 15:59,543,santolan,entry,9.05
2026-01-14,16:00 - 16:59,824,santolan,entry,13.733333333333333
2026-01-14,17:00 - 17:59,1512,santolan,entry,25.2
2026-01-14,18:00 - 18:59,1084,santolan,entry,18.066666666666666
2026-01-14,19:00 - 19:59,656,santolan,entry,10.933333333333334
2026-01-14,20:00 - 20:59,556,santolan,entry,9.266666666666667
2026-01-14,21:00 - 21:59,485,santolan,entry,8.083333333333334
2026-01-14,22:00 - 22:59,150,santolan,entry,2.5
2026-01-14,23:00 - 23:59,7,santolan,entry,0.11666666666666667
2026-01-14,00:00 - 00:59,0,santolan,entry,0.0
2026-01-14,01:00 - 01:59,0,santolan,entry,0.0
2026-01-14,02:00 - 02:59,0,santolan,entry,0.0
2026-01-15,03:00 - 03:59,0,santolan,entry,0.0
2026-01-15,04:00 - 04:59,22,santolan,entry,0.36666666666666664
2026-01-15,05:00 - 05:59,143,santolan,entry,2.3833333333333333
2026-01-15,06:00 - 06:59,257,santolan,entry,4.283333333333333
2026-01-15,07:00 - 07:59,356,santolan,entry,5.933333333333334
2026-01-15,08:00 - 08:59,241,santolan,entry,4.016666666666667
2026-01-15,09:00 - 09:59,249,santolan,entry,4.15
2026-01-15,10:00 - 10:59,257,santolan,entry,4.283333333333333
2026-01-15,11:00 - 11:59,264,santolan,entry,4.4
2026-01-15,12:00 - 12:59,335,santolan,entry,5.583333333333333
2026-01-15,13:00 - 13:59,357,santolan,entry,5.95
2026-01-15,14:00 - 14:59,424,santolan,entry,7.066666666666666
2026-01-15,15:00 - 15:59,549,santolan,entry,9.15
2026-01-15,16:00 - 16:59,824,santolan,entry,13.733333333333333
2026-01-15,17:00 - 17:59,1391,santolan,entry,23.183333333333334
2026-01-15,18:00 - 18:59,1102,santolan,entry,18.366666666666667
2026-01-15,19:00 - 19:59,692,santolan,entry,11.533333333333333
2026-01-15,20:00 - 20:59,526,santolan,entry,8.766666666666667
2026-01-15,21:00 - 21:59,462,santolan,entry,7.7
2026-01-15,22:00 - 22:59,160,santolan,entry,2.6666666666666665
2026-01-15,23:00 - 23:59,6,santolan,entry,0.1
2026-01-15,00:00 - 00:59,4,santolan,entry,0.06666666666666667
2026-01-15,01:00 - 01:59,0,santolan,entry,0.0
2026-01-15,02:00 - 02:59,0,santolan,entry,0.0
2026-01-16,03:00 - 03:59,0,santolan,entry,0.0
2026-01-16,04:00 - 04:59,24,santolan,entry,0.4
2026-01-16,05:00 - 05:59,116,santolan,entry,1.9333333333333333
2026-01-16,06:00 - 06:59,235,santolan,entry,3.9166666666666665
2026-01-16,07:00 - 07:59,330,santolan,entry,5.5
2026-01-16,08:00 - 08:59,268,santolan,entry,4.466666666666667
2026-01-16,09:00 - 09:59,233,santolan,entry,3.8833333333333333
2026-01-16,10:00 - 10:59,259,santolan,entry,4.316666666666666
2026-01-16,11:00 - 11:59,311,santolan,entry,5.183333333333334
2026-01-16,12:00 - 12:59,349,santolan,entry,5.816666666666666
2026-01-16,13:00 - 13:59,393,santolan,entry,6.55
2026-01-16,14:00 - 14:59,393,santolan,entry,6.55
2026-01-16,15:00 - 15:59,644,santolan,entry,10.733333333333333
2026-01-16,16:00 - 16:59,950,santolan,entry,15.833333333333334
2026-01-16,17:00 - 17:59,1393,santolan,entry,23.216666666666665
2026-01-16,18:00 - 18:59,1051,santolan,entry,17.516666666666666
2026-01-16,19:00 - 19:59,734,santolan,entry,12.233333333333333
2026-01-16,20:00 - 20:59,504,santolan,entry,8.4
2026-01-16,21:00 - 21:59,365,santolan,entry,6.083333333333333
2026-01-16,22:00 - 22:59,298,santolan,entry,4.966666666666667
2026-01-16,23:00 - 23:59,19,santolan,entry,0.31666666666666665
2026-01-16,00:00 - 00:59,0,santolan,entry,0.0
2026-01-16,01:00 - 01:59,0,santolan,entry,0.0
2026-01-16,02:00 - 02:59,0,santolan,entry,0.0
2026-01-17,03:00 - 03:59,0,santolan,entry,0.0
2026-01-17,04:00 - 04:59,17,santolan,entry,0.2833333333333333
2026-01-17,05:00 - 05:59,77,santolan,entry,1.2833333333333334
2026-01-17,06:00 - 06:59,176,santolan,entry,2.933333333333333
2026-01-17,07:00 - 07:59,180,santolan,entry,3.0
2026-01-17,08:00 - 08:59,156,santolan,entry,2.6
2026-01-17,09:00 - 09:59,185,santolan,entry,3.0833333333333335
2026-01-17,10:00 - 10:59,186,santolan,entry,3.1
2026-01-17,11:00 - 11:59,250,santolan,entry,4.166666666666667
2026-01-17,12:00 - 12:59,298,santolan,entry,4.966666666666667
2026-01-17,13:00 - 13:59,259,santolan,entry,4.316666666666666
2026-01-17,14:00 - 14:59,316,santolan,entry,5.266666666666667
2026-01-17,15:00 - 15:59,490,santolan,entry,8.166666666666666
2026-01-17,16:00 - 16:59,687,santolan,entry,11.45
2026-01-17,17:00 - 17:59,708,santolan,entry,11.8
2026-01-17,18:00 - 18:59,548,santolan,entry,9.133333333333333
2026-01-17,19:00 - 19:59,483,santolan,entry,8.05
2026-01-17,20:00 - 20:59,386,santolan,entry,6.433333333333334
2026-01-17,21:00 - 21:59,336,santolan,entry,5.6
2026-01-17,22:00 - 22:59,151,santolan,entry,2.5166666666666666
2026-01-17,23:00 - 23:59,0,santolan,entry,0.0
2026-01-17,00:00 - 00:59,0,santolan,entry,0.0
2026-01-17,01:00 - 01:59,0,santolan,entry,0.0
2026-01-17,02:00 - 02:59,0,santolan,entry,0.0
2026-01-18,03:00 - 03:59,0,santolan,entry,0.0
2026-01-18,04:00 - 04:59,10,santolan,entry,0.16666666666666666
2026-01-18,05:00 - 05:59,58,santolan,entry,0.9666666666666667
2026-01-18,06:00 - 06:59,78,santolan,entry,1.3
2026-01-18,07:00 - 07:59,121,santolan,entry,2.0166666666666666
2026-01-18,08:00 - 08:59,136,santolan,entry,2.2666666666666666
2026-01-18,09:00 - 09:59,118,santolan,entry,1.9666666666666666
2026-01-18,10:00 - 10:59,122,santolan,entry,2.033333333333333
2026-01-18,11:00 - 11:59,176,santolan,entry,2.933333333333333
2026-01-18,12:00 - 12:59,185,santolan,entry,3.0833333333333335
2026-01-18,13:00 - 13:59,200,santolan,entry,3.3333333333333335
2026-01-18,14:00 - 14:59,295,santolan,entry,4.916666666666667
2026-01-18,15:00 - 15:59,312,santolan,entry,5.2
2026-01-18,16:00 - 16:59,317,santolan,entry,5.283333333333333
2026-01-18,17:00 - 17:59,398,santolan,entry,6.633333333333334
2026-01-18,18:00 - 18:59,363,santolan,entry,6.05
2026-01-18,19:00 - 19:59,363,santolan,entry,6.05
2026-01-18,20:00 - 20:59,343,santolan,entry,5.716666666666667
2026-01-18,21:00 - 21:59,276,santolan,entry,4.6
2026-01-18,22:00 - 22:59,136,santolan,entry,2.2666666666666666
2026-01-18,23:00 - 23:59,0,santolan,entry,0.0
2026-01-18,00:00 - 00:59,0,santolan,entry,0.0
2026-01-18,01:00 - 01:59,0,santolan,entry,0.0
2026-01-18,02:00 - 02:59,0,santolan,entry,0.0
2026-01-19,03:00 - 03:59,0,santolan,entry,0.0
2026-01-19,04:00 - 04:59,22,santolan,entry,0.36666666666666664
2026-01-19,05:00 - 05:59,141,santolan,entry,2.35
2026-01-19,06:00 - 06:59,261,santolan,entry,4.35
2026-01-19,07:00 - 07:59,279,santolan,entry,4.65
2026-01-19,08:00 - 08:59,246,santolan,entry,4.1
2026-01-19,09:00 - 09:59,262,santolan,entry,4.366666666666666
2026-01-19,10:00 - 10:59,269,santolan,entry,4.483333333333333
2026-01-19,11:00 - 11:59,396,santolan,entry,6.6
2026-01-19,12:00 - 12:59,340,santolan,entry,5.666666666666667
2026-01-19,13:00 - 13:59,325,santolan,entry,5.416666666666667
2026-01-19,14:00 - 14:59,410,santolan,entry,6.833333333333333
2026-01-19,15:00 - 15:59,546,santolan,entry,9.1
2026-01-19,16:00 - 16:59,849,santolan,entry,14.15
2026-01-19,17:00 - 17:59,1323,santolan,entry,22.05
2026-01-19,18:00 - 18:59,1083,santolan,entry,18.05
2026-01-19,19:00 - 19:59,678,santolan,entry,11.3
2026-01-19,20:00 - 20:59,475,santolan,entry,7.916666666666667
2026-01-19,21:00 - 21:59,439,santolan,entry,7.316666666666666
2026-01-19,22:00 - 22:59,145,santolan,entry,2.4166666666666665
2026-01-19,23:00 - 23:59,9,santolan,entry,0.15
2026-01-19,00:00 - 00:59,0,santolan,entry,0.0
2026-01-19,01:00 - 01:59,0,santolan,entry,0.0
2026-01-19,02:00 - 02:59,0,santolan,entry,0.0
2026-01-20,03:00 - 03:59,0,santolan,entry,0.0
2026-01-20,04:00 - 04:59,19,santolan,entry,0.31666666666666665
2026-01-20,05:00 - 05:59,152,santolan,entry,2.533333333333333
2026-01-20,06:00 - 06:59,240,santolan,entry,4.0
2026-01-20,07:00 - 07:59,340,santolan,entry,5.666666666666667
2026-01-20,08:00 - 08:59,264,santolan,entry,4.4
2026-01-20,09:00 - 09:59,214,santolan,entry,3.566666666666667
2026-01-20,10:00 - 10:59,306,santolan,entry,5.1
2026-01-20,11:00 - 11:59,338,santolan,entry,5.633333333333334
2026-01-20,12:00 - 12:59,352,santolan,entry,5.866666666666666
2026-01-20,13:00 - 13:59,332,santolan,entry,5.533333333333333
2026-01-20,14:00 - 14:59,410,santolan,entry,6.833333333333333
2026-01-20,15:00 - 15:59,516,santolan,entry,8.6
2026-01-20,16:00 - 16:59,913,santolan,entry,15.216666666666667
2026-01-20,17:00 - 17:59,1367,santolan,entry,22.783333333333335
2026-01-20,18:00 - 18:59,1021,santolan,entry,17.016666666666666
2026-01-20,19:00 - 19:59,685,santolan,entry,11.416666666666666
2026-01-20,20:00 - 20:59,510,santolan,entry,8.5
2026-01-20,21:00 - 21:59,460,santolan,entry,7.666666666666667
2026-01-20,22:00 - 22:59,139,santolan,entry,2.316666666666667
2026-01-20,23:00 - 23:59,12,santolan,entry,0.2
2026-01-20,00:00 - 00:59,0,santolan,entry,0.0
2026-01-20,01:00 - 01:59,0,santolan,entry,0.0
2026-01-20,02:00 - 02:59,0,santolan,entry,0.0
2026-01-21,03:00 - 03:59,0,santolan,entry,0.0
2026-01-21,04:00 - 04:59,23,santolan,entry,0.38333333333333336
2026-01-21,05:00 - 05:59,147,santolan,entry,2.45
2026-01-21,06:00 - 06:59,255,santolan,entry,4.25
2026-01-21,07:00 - 07:59,350,santolan,entry,5.833333333333333
2026-01-21,08:00 - 08:59,287,santolan,entry,4.783333333333333
2026-01-21,09:00 - 09:59,287,santolan,entry,4.783333333333333
2026-01-21,10:00 - 10:59,241,santolan,entry,4.016666666666667
2026-01-21,11:00 - 11:59,310,santolan,entry,5.166666666666667
2026-01-21,12:00 - 12:59,329,santolan,entry,5.483333333333333
2026-01-21,13:00 - 13:59,331,santolan,entry,5.516666666666667
2026-01-21,14:00 - 14:59,406,santolan,entry,6.766666666666667
2026-01-21,15:00 - 15:59,564,santolan,entry,9.4
2026-01-21,16:00 - 16:59,832,santolan,entry,13.866666666666667
2026-01-21,17:00 - 17:59,1423,santolan,entry,23.716666666666665
2026-01-21,18:00 - 18:59,1033,santolan,entry,17.216666666666665
2026-01-21,19:00 - 19:59,663,santolan,entry,11.05
2026-01-21,20:00 - 20:59,482,santolan,entry,8.033333333333333
2026-01-21,21:00 - 21:59,484,santolan,entry,8.066666666666666
2026-01-21,22:00 - 22:59,134,santolan,entry,2.2333333333333334
2026-01-21,23:00 - 23:59,19,santolan,entry,0.31666666666666665
2026-01-21,00:00 - 00:59,0,santolan,entry,0.0
2026-01-21,01:00 - 01:59,0,santolan,entry,0.0
2026-01-21,02:00 - 02:59,0,santolan,entry,0.0
2026-01-22,03:00 - 03:59,0,santolan,entry,0.0
2026-01-22,04:00 - 04:59,30,santolan,entry,0.5
2026-01-22,05:00 - 05:59,128,santolan,entry,2.1333333333333333
2026-01-22,06:00 - 06:59,299,santolan,entry,4.983333333333333
2026-01-22,07:00 - 07:59,330,santolan,entry,5.5
2026-01-22,08:00 - 08:59,243,santolan,entry,4.05
2026-01-22,09:00 - 09:59,297,santolan,entry,4.95
2026-01-22,10:00 - 10:59,257,santolan,entry,4.283333333333333
2026-01-22,11:00 - 11:59,302,santolan,entry,5.033333333333333
2026-01-22,12:00 - 12:59,317,santolan,entry,5.283333333333333
2026-01-22,13:00 - 13:59,316,santolan,entry,5.266666666666667
2026-01-22,14:00 - 14:59,345,santolan,entry,5.75
2026-01-22,15:00 - 15:59,498,santolan,entry,8.3
2026-01-22,16:00 - 16:59,853,santolan,entry,14.216666666666667
2026-01-22,17:00 - 17:59,1406,santolan,entry,23.433333333333334
2026-01-22,18:00 - 18:59,1109,santolan,entry,18.483333333333334
2026-01-22,19:00 - 19:59,678,santolan,entry,11.3
2026-01-22,20:00 - 20:59,523,santolan,entry,8.716666666666667
2026-01-22,21:00 - 21:59,433,santolan,entry,7.216666666666667
2026-01-22,22:00 - 22:59,144,santolan,entry,2.4
2026-01-22,23:00 - 23:59,15,santolan,entry,0.25
2026-01-22,00:00 - 00:59,0,santolan,entry,0.0
2026-01-22,01:00 - 01:59,0,santolan,entry,0.0
2026-01-22,02:00 - 02:59,0,santolan,entry,0.0
2026-01-23,03:00 - 03:59,0,santolan,entry,0.0
2026-01-23,04:00 - 04:59,23,santolan,entry,0.38333333333333336
2026-01-23,05:00 - 05:59,135,santolan,entry,2.25
2026-01-23,06:00 - 06:59,242,santolan,entry,4.033333333333333
2026-01-23,07:00 - 07:59,308,santolan,entry,5.133333333333334
2026-01-23,08:00 - 08:59,246,santolan,entry,4.1
2026-01-23,09:00 - 09:59,230,santolan,entry,3.8333333333333335
2026-01-23,10:00 - 10:59,257,santolan,entry,4.283333333333333
2026-01-23,11:00 - 11:59,308,santolan,entry,5.133333333333334
2026-01-23,12:00 - 12:59,339,santolan,entry,5.65
2026-01-23,13:00 - 13:59,362,santolan,entry,6.033333333333333
2026-01-23,14:00 - 14:59,430,santolan,entry,7.166666666666667
2026-01-23,15:00 - 15:59,566,santolan,entry,9.433333333333334
2026-01-23,16:00 - 16:59,924,santolan,entry,15.4
2026-01-23,17:00 - 17:59,1372,santolan,entry,22.866666666666667
2026-01-23,18:00 - 18:59,1023,santolan,entry,17.05
2026-01-23,19:00 - 19:59,683,santolan,entry,11.383333333333333
2026-01-23,20:00 - 20:59,466,santolan,entry,7.766666666666667
2026-01-23,21:00 - 21:59,414,santolan,entry,6.9
2026-01-23,22:00 - 22:59,269,santolan,entry,4.483333333333333
2026-01-23,23:00 - 23:59,28,santolan,entry,0.4666666666666667
2026-01-23,00:00 - 00:59,0,santolan,entry,0.0
2026-01-23,01:00 - 01:59,0,santolan,entry,0.0
2026-01-23,02:00 - 02:59,0,santolan,entry,0.0
2026-01-24,03:00 - 03:59,0,santolan,entry,0.0
2026-01-24,04:00 - 04:59,20,santolan,entry,0.3333333333333333
2026-01-24,05:00 - 05:59,97,santolan,entry,1.6166666666666667
2026-01-24,06:00 - 06:59,165,santolan,entry,2.75
2026-01-24,07:00 - 07:59,170,santolan,entry,2.8333333333333335
2026-01-24,08:00 - 08:59,153,santolan,entry,2.55
2026-01-24,09:00 - 09:59,207,santolan,entry,3.45
2026-01-24,10:00 - 10:59,214,santolan,entry,3.566666666666667
2026-01-24,11:00 - 11:59,271,santolan,entry,4.516666666666667
2026-01-24,12:00 - 12:59,342,santolan,entry,5.7
2026-01-24,13:00 - 13:59,302,santolan,entry,5.033333333333333
2026-01-24,14:00 - 14:59,310,santolan,entry,5.166666666666667
2026-01-24,15:00 - 15:59,492,santolan,entry,8.2
2026-01-24,16:00 - 16:59,576,santolan,entry,9.6
2026-01-24,17:00 - 17:59,667,santolan,entry,11.116666666666667
2026-01-24,18:00 - 18:59,509,santolan,entry,8.483333333333333
2026-01-24,19:00 - 19:59,463,santolan,entry,7.716666666666667
2026-01-24,20:00 - 20:59,369,santolan,entry,6.15
2026-01-24,21:00 - 21:59,339,santolan,entry,5.65
2026-01-24,22:00 - 22:59,140,santolan,entry,2.3333333333333335
2026-01-24,23:00 - 23:59,0,santolan,entry,0.0
2026-01-24,00:00 - 00:59,0,santolan,entry,0.0
2026-01-24,01:00 - 01:59,0,santolan,entry,0.0
2026-01-24,02:00 - 02:59,0,santolan,entry,0.0
2026-01-25,03:00 - 03:59,0,santolan,entry,0.0
2026-01-25,04:00 - 04:59,6,santolan,entry,0.1
2026-01-25,05:00 - 05:59,51,santolan,entry,0.85
2026-01-25,06:00 - 06:59,91,santolan,entry,1.5166666666666666
2026-01-25,07:00 - 07:59,109,santolan,entry,1.8166666666666667
2026-01-25,08:00 - 08:59,102,santolan,entry,1.7
2026-01-25,09:00 - 09:59,138,santolan,entry,2.3
2026-01-25,10:00 - 10:59,158,santolan,entry,2.6333333333333333
2026-01-25,11:00 - 11:59,176,santolan,entry,2.933333333333333
2026-01-25,12:00 - 12:59,209,santolan,entry,3.4833333333333334
2026-01-25,13:00 - 13:59,209,santolan,entry,3.4833333333333334
2026-01-25,14:00 - 14:59,252,santolan,entry,4.2
2026-01-25,15:00 - 15:59,318,santolan,entry,5.3
2026-01-25,16:00 - 16:59,277,santolan,entry,4.616666666666666
2026-01-25,17:00 - 17:59,352,santolan,entry,5.866666666666666
2026-01-25,18:00 - 18:59,388,santolan,entry,6.466666666666667
2026-01-25,19:00 - 19:59,369,santolan,entry,6.15
2026-01-25,20:00 - 20:59,351,santolan,entry,5.85
2026-01-25,21:00 - 21:59,270,santolan,entry,4.5
2026-01-25,22:00 - 22:59,144,santolan,entry,2.4
2026-01-25,23:00 - 23:59,0,santolan,entry,0.0
2026-01-25,00:00 - 00:59,0,santolan,entry,0.0
2026-01-25,01:00 - 01:59,0,santolan,entry,0.0
2026-01-25,02:00 - 02:59,0,santolan,entry,0.0
2026-01-26,03:00 - 03:59,0,santolan,entry,0.0
2026-01-26,04:00 - 04:59,30,santolan,entry,0.5
2026-01-26,05:00 - 05:59,120,santolan,entry,2.0
2026-01-26,06:00 - 06:59,250,santolan,entry,4.166666666666667
2026-01-26,07:00 - 07:59,322,santolan,entry,5.366666666666666
2026-01-26,08:00 - 08:59,278,santolan,entry,4.633333333333334
2026-01-26,09:00 - 09:59,317,santolan,entry,5.283333333333333
2026-01-26,10:00 - 10:59,330,santolan,entry,5.5
2026-01-26,11:00 - 11:59,355,santolan,entry,5.916666666666667
2026-01-26,12:00 - 12:59,364,santolan,entry,6.066666666666666
2026-01-26,13:00 - 13:59,426,santolan,entry,7.1
2026-01-26,14:00 - 14:59,480,santolan,entry,8.0
2026-01-26,15:00 - 15:59,577,santolan,entry,9.616666666666667
2026-01-26,16:00 - 16:59,852,santolan,entry,14.2
2026-01-26,17:00 - 17:59,1331,santolan,entry,22.183333333333334
2026-01-26,18:00 - 18:59,1051,santolan,entry,17.516666666666666
2026-01-26,19:00 - 19:59,635,santolan,entry,10.583333333333334
2026-01-26,20:00 - 20:59,460,santolan,entry,7.666666666666667
2026-01-26,21:00 - 21:59,412,santolan,entry,6.866666666666666
2026-01-26,22:00 - 22:59,125,santolan,entry,2.0833333333333335
2026-01-26,23:00 - 23:59,10,santolan,entry,0.16666666666666666
2026-01-26,00:00 - 00:59,0,santolan,entry,0.0
2026-01-26,01:00 - 01:59,0,santolan,entry,0.0
2026-01-26,02:00 - 02:59,0,santolan,entry,0.0
2026-01-27,03:00 - 03:59,0,santolan,entry,0.0
2026-01-27,04:00 - 04:59,30,santolan,entry,0.5
2026-01-27,05:00 - 05:59,152,santolan,entry,2.533333333333333
2026-01-27,06:00 - 06:59,279,santolan,entry,4.65
2026-01-27,07:00 - 07:59,333,santolan,entry,5.55
2026-01-27,08:00 - 08:59,318,santolan,entry,5.3
2026-01-27,09:00 - 09:59,288,santolan,entry,4.8
2026-01-27,10:00 - 10:59,308,santolan,entry,5.133333333333334
2026-01-27,11:00 - 11:59,357,santolan,entry,5.95
2026-01-27,12:00 - 12:59,326,santolan,entry,5.433333333333334
2026-01-27,13:00 - 13:59,394,santolan,entry,6.566666666666666
2026-01-27,14:00 - 14:59,380,santolan,entry,6.333333333333333
2026-01-27,15:00 - 15:59,607,santolan,entry,10.116666666666667
2026-01-27,16:00 - 16:59,803,santolan,entry,13.383333333333333
2026-01-27,17:00 - 17:59,1463,santolan,entry,24.383333333333333
2026-01-27,18:00 - 18:59,1081,santolan,entry,18.016666666666666
2026-01-27,19:00 - 19:59,638,santolan,entry,10.633333333333333
2026-01-27,20:00 - 20:59,500,santolan,entry,8.333333333333334
2026-01-27,21:00 - 21:59,439,santolan,entry,7.316666666666666
2026-01-27,22:00 - 22:59,147,santolan,entry,2.45
2026-01-27,23:00 - 23:59,15,santolan,entry,0.25
2026-01-27,00:00 - 00:59,0,santolan,entry,0.0
2026-01-27,01:00 - 01:59,0,santolan,entry,0.0
2026-01-27,02:00 - 02:59,0,santolan,entry,0.0
2026-01-28,03:00 - 03:59,0,santolan,entry,0.0
2026-01-28,04:00 - 04:59,30,santolan,entry,0.5
2026-01-28,05:00 - 05:59,143,santolan,entry,2.3833333333333333
2026-01-28,06:00 - 06:59,264,santolan,entry,4.4
2026-01-28,07:00 - 07:59,363,santolan,entry,6.05
2026-01-28,08:00 - 08:59,300,santolan,entry,5.0
2026-01-28,09:00 - 09:59,363,santolan,entry,6.05
2026-01-28,10:00 - 10:59,352,santolan,entry,5.866666666666666
2026-01-28,11:00 - 11:59,362,santolan,entry,6.033333333333333
2026-01-28,12:00 - 12:59,351,santolan,entry,5.85
2026-01-28,13:00 - 13:59,339,santolan,entry,5.65
2026-01-28,14:00 - 14:59,487,santolan,entry,8.116666666666667
2026-01-28,15:00 - 15:59,645,santolan,entry,10.75
2026-01-28,16:00 - 16:59,919,santolan,entry,15.316666666666666
2026-01-28,17:00 - 17:59,1453,santolan,entry,24.216666666666665
2026-01-28,18:00 - 18:59,1046,santolan,entry,17.433333333333334
2026-01-28,19:00 - 19:59,693,santolan,entry,11.55
2026-01-28,20:00 - 20:59,485,santolan,entry,8.083333333333334
2026-01-28,21:00 - 21:59,423,santolan,entry,7.05
2026-01-28,22:00 - 22:59,153,santolan,entry,2.55
2026-01-28,23:00 - 23:59,13,santolan,entry,0.21666666666666667
2026-01-28,00:00 - 00:59,0,santolan,entry,0.0
2026-01-28,01:00 - 01:59,0,santolan,entry,0.0
2026-01-28,02:00 - 02:59,0,santolan,entry,0.0
2026-01-29,03:00 - 03:59,0,santolan,entry,0.0
2026-01-29,04:00 - 04:59,22,santolan,entry,0.36666666666666664
2026-01-29,05:00 - 05:59,145,santolan,entry,2.4166666666666665
2026-01-29,06:00 - 06:59,265,santolan,entry,4.416666666666667
2026-01-29,07:00 - 07:59,350,santolan,entry,5.833333333333333
2026-01-29,08:00 - 08:59,264,santolan,entry,4.4
2026-01-29,09:00 - 09:59,285,santolan,entry,4.75
2026-01-29,10:00 - 10:59,287,santolan,entry,4.783333333333333
2026-01-29,11:00 - 11:59,329,santolan,entry,5.483333333333333
2026-01-29,12:00 - 12:59,307,santolan,entry,5.116666666666666
2026-01-29,13:00 - 13:59,307,santolan,entry,5.116666666666666
2026-01-29,14:00 - 14:59,394,santolan,entry,6.566666666666666
2026-01-29,15:00 - 15:59,525,santolan,entry,8.75
2026-01-29,16:00 - 16:59,845,santolan,entry,14.083333333333334
2026-01-29,17:00 - 17:59,1337,santolan,entry,22.283333333333335
2026-01-29,18:00 - 18:59,1072,santolan,entry,17.866666666666667
2026-01-29,19:00 - 19:59,668,santolan,entry,11.133333333333333
2026-01-29,20:00 - 20:59,553,santolan,entry,9.216666666666667
2026-01-29,21:00 - 21:59,452,santolan,entry,7.533333333333333
2026-01-29,22:00 - 22:59,151,santolan,entry,2.5166666666666666
2026-01-29,23:00 - 23:59,11,santolan,entry,0.18333333333333332
2026-01-29,00:00 - 00:59,0,santolan,entry,0.0
2026-01-29,01:00 - 01:59,0,santolan,entry,0.0
2026-01-29,02:00 - 02:59,0,santolan,entry,0.0
2026-01-30,03:00 - 03:59,0,santolan,entry,0.0
2026-01-30,04:00 - 04:59,24,santolan,entry,0.4
2026-01-30,05:00 - 05:59,126,santolan,entry,2.1
2026-01-30,06:00 - 06:59,264,santolan,entry,4.4
2026-01-30,07:00 - 07:59,351,santolan,entry,5.85
2026-01-30,08:00 - 08:59,259,santolan,entry,4.316666666666666
2026-01-30,09:00 - 09:59,283,santolan,entry,4.716666666666667
2026-01-30,10:00 - 10:59,278,santolan,entry,4.633333333333334
2026-01-30,11:00 - 11:59,371,santolan,entry,6.183333333333334
2026-01-30,12:00 - 12:59,333,santolan,entry,5.55
2026-01-30,13:00 - 13:59,314,santolan,entry,5.233333333333333
2026-01-30,14:00 - 14:59,430,santolan,entry,7.166666666666667
2026-01-30,15:00 - 15:59,593,santolan,entry,9.883333333333333
2026-01-30,16:00 - 16:59,898,santolan,entry,14.966666666666667
2026-01-30,17:00 - 17:59,1384,santolan,entry,23.066666666666666
2026-01-30,18:00 - 18:59,974,santolan,entry,16.233333333333334
2026-01-30,19:00 - 19:59,655,santolan,entry,10.916666666666666
2026-01-30,20:00 - 20:59,485,santolan,entry,8.083333333333334
2026-01-30,21:00 - 21:59,391,santolan,entry,6.516666666666667
2026-01-30,22:00 - 22:59,292,santolan,entry,4.866666666666666
2026-01-30,23:00 - 23:59,22,santolan,entry,0.36666666666666664
2026-01-30,00:00 - 00:59,0,santolan,entry,0.0
2026-01-30,01:00 - 01:59,0,santolan,entry,0.0
2026-01-30,02:00 - 02:59,0,santolan,entry,0.0
2026-01-31,03:00 - 03:59,0,santolan,entry,0.0
2026-01-31,04:00 - 04:59,21,santolan,entry,0.35
2026-01-31,05:00 - 05:59,106,santolan,entry,1.7666666666666666
2026-01-31,06:00 - 06:59,149,santolan,entry,2.4833333333333334
2026-01-31,07:00 - 07:59,207,santolan,entry,3.45
2026-01-31,08:00 - 08:59,180,santolan,entry,3.0
2026-01-31,09:00 - 09:59,213,santolan,entry,3.55
2026-01-31,10:00 - 10:59,203,santolan,entry,3.3833333333333333
2026-01-31,11:00 - 11:59,264,santolan,entry,4.4
2026-01-31,12:00 - 12:59,318,santolan,entry,5.3
2026-01-31,13:00 - 13:59,321,santolan,entry,5.35
2026-01-31,14:00 - 14:59,336,santolan,entry,5.6
2026-01-31,15:00 - 15:59,506,santolan,entry,8.433333333333334
2026-01-31,16:00 - 16:59,603,santolan,entry,10.05
2026-01-31,17:00 - 17:59,731,santolan,entry,12.183333333333334
2026-01-31,18:00 - 18:59,563,santolan,entry,9.383333333333333
2026-01-31,19:00 - 19:59,515,santolan,entry,8.583333333333334
2026-01-31,20:00 - 20:59,402,santolan,entry,6.7
2026-01-31,21:00 - 21:59,298,santolan,entry,4.966666666666667
2026-01-31,22:00 - 22:59,142,santolan,entry,2.3666666666666667
2026-01-31,23:00 - 23:59,0,santolan,entry,0.0
2026-01-31,00:00 - 00:59,0,santolan,entry,0.0
2026-01-31,01:00 - 01:59,0,santolan,entry,0.0
2026-01-31,02:00 - 02:59,0,santolan,entry,0.0
2026-01-01,03:00 - 03:59,0,santolan,exit,0.0
2026-01-01,04:00 - 04:59,0,santolan,exit,0.0
2026-01-01,05:00 - 05:59,0,santolan,exit,0.0
2026-01-01,06:00 - 06:59,55,santolan,exit,0.0
2026-01-01,07:00 - 07:59,100,santolan,exit,0.0
2026-01-01,08:00 - 08:59,83,santolan,exit,0.0
2026-01-01,09:00 - 09:59,129,santolan,exit,0.0
2026-01-01,10:00 - 10:59,186,santolan,exit,0.0
2026-01-01,11:00 - 11:59,330,santolan,exit,0.0
2026-01-01,12:00 - 12:59,263,santolan,exit,0.0
2026-01-01,13:00 - 13:59,179,santolan,exit,0.0
2026-01-01,14:00 - 14:59,128,santolan,exit,0.0
2026-01-01,15:00 - 15:59,108,santolan,exit,0.0
2026-01-01,16:00 - 16:59,165,santolan,exit,0.0
2026-01-01,17:00 - 17:59,158,santolan,exit,0.0
2026-01-01,18:00 - 18:59,75,santolan,exit,0.0
2026-01-01,19:00 - 19:59,105,santolan,exit,0.0
2026-01-01,20:00 - 20:59,67,santolan,exit,0.0
2026-01-01,21:00 - 21:59,75,santolan,exit,0.0
2026-01-01,22:00 - 22:59,46,santolan,exit,0.0
2026-01-01,23:00 - 23:59,8,santolan,exit,0.0
2026-01-01,00:00 - 00:59,0,santolan,exit,0.0
2026-01-01,01:00 - 01:59,0,santolan,exit,0.0
2026-01-01,02:00 - 02:59,0,santolan,exit,0.0
2026-01-02,03:00 - 03:59,0,santolan,exit,0.0
2026-01-02,04:00 - 04:59,25,santolan,exit,0.0
2026-01-02,05:00 - 05:59,210,santolan,exit,0.0
2026-01-02,06:00 - 06:59,439,santolan,exit,0.0
2026-01-02,07:00 - 07:59,587,santolan,exit,0.0
2026-01-02,08:00 - 08:59,478,santolan,exit,0.0
2026-01-02,09:00 - 09:59,442,santolan,exit,0.0
2026-01-02,10:00 - 10:59,587,santolan,exit,0.0
2026-01-02,11:00 - 11:59,405,santolan,exit,0.0
2026-01-02,12:00 - 12:59,390,santolan,exit,0.0
2026-01-02,13:00 - 13:59,317,santolan,exit,0.0
2026-01-02,14:00 - 14:59,301,santolan,exit,0.0
2026-01-02,15:00 - 15:59,239,santolan,exit,0.0
2026-01-02,16:00 - 16:59,234,santolan,exit,0.0
2026-01-02,17:00 - 17:59,212,santolan,exit,0.0
2026-01-02,18:00 - 18:59,198,santolan,exit,0.0
2026-01-02,19:00 - 19:59,158,santolan,exit,0.0
2026-01-02,20:00 - 20:59,116,santolan,exit,0.0
2026-01-02,21:00 - 21:59,103,santolan,exit,0.0
2026-01-02,22:00 - 22:59,36,santolan,exit,0.0
2026-01-02,23:00 - 23:59,14,santolan,exit,0.0
2026-01-02,00:00 - 00:59,0,santolan,exit,0.0
2026-01-02,01:00 - 01:59,0,santolan,exit,0.0
2026-01-02,02:00 - 02:59,0,santolan,exit,0.0
2026-01-03,03:00 - 03:59,0,santolan,exit,0.0
2026-01-03,04:00 - 04:59,27,santolan,exit,0.0
2026-01-03,05:00 - 05:59,162,santolan,exit,0.0
2026-01-03,06:00 - 06:59,247,santolan,exit,0.0
2026-01-03,07:00 - 07:59,393,santolan,exit,0.0
2026-01-03,08:00 - 08:59,413,santolan,exit,0.0
2026-01-03,09:00 - 09:59,440,santolan,exit,0.0
2026-01-03,10:00 - 10:59,624,santolan,exit,0.0
2026-01-03,11:00 - 11:59,442,santolan,exit,0.0
2026-01-03,12:00 - 12:59,418,santolan,exit,0.0
2026-01-03,13:00 - 13:59,318,santolan,exit,0.0
2026-01-03,14:00 - 14:59,268,santolan,exit,0.0
2026-01-03,15:00 - 15:59,243,santolan,exit,0.0
2026-01-03,16:00 - 16:59,283,santolan,exit,0.0
2026-01-03,17:00 - 17:59,265,santolan,exit,0.0
2026-01-03,18:00 - 18:59,198,santolan,exit,0.0
2026-01-03,19:00 - 19:59,135,santolan,exit,0.0
2026-01-03,20:00 - 20:59,104,santolan,exit,0.0
2026-01-03,21:00 - 21:59,93,santolan,exit,0.0
2026-01-03,22:00 - 22:59,28,santolan,exit,0.0
2026-01-03,23:00 - 23:59,0,santolan,exit,0.0
2026-01-03,00:00 - 00:59,0,santolan,exit,0.0
2026-01-03,01:00 - 01:59,0,santolan,exit,0.0
2026-01-03,03:00 - 03:59,0,santolan,exit,0.0
2026-01-04,03:00 - 03:59,0,santolan,exit,0.0
2026-01-04,04:00 - 04:59,22,santolan,exit,0.0
2026-01-04,05:00 - 05:59,134,santolan,exit,0.0
2026-01-04,06:00 - 06:59,121,santolan,exit,0.0
2026-01-04,07:00 - 07:59,175,santolan,exit,0.0
2026-01-04,08:00 - 08:59,275,santolan,exit,0.0
2026-01-04,09:00 - 09:59,363,santolan,exit,0.0
2026-01-04,10:00 - 10:59,566,santolan,exit,0.0
2026-01-04,11:00 - 11:59,396,santolan,exit,0.0
2026-01-04,12:00 - 12:59,416,santolan,exit,0.0
2026-01-04,13:00 - 13:59,307,santolan,exit,0.0
2026-01-04,14:00 - 14:59,298,santolan,exit,0.0
2026-01-04,15:00 - 15:59,239,santolan,exit,0.0
2026-01-04,16:00 - 16:59,243,santolan,exit,0.0
2026-01-04,17:00 - 17:59,249,santolan,exit,0.0
2026-01-04,18:00 - 18:59,175,santolan,exit,0.0
2026-01-04,19:00 - 19:59,169,santolan,exit,0.0
2026-01-04,20:00 - 20:59,133,santolan,exit,0.0
2026-01-04,21:00 - 21:59,96,santolan,exit,0.0
2026-01-04,22:00 - 22:59,23,santolan,exit,0.0
2026-01-04,23:00 - 23:59,0,santolan,exit,0.0
2026-01-04,00:00 - 00:59,0,santolan,exit,0.0
2026-01-04,01:00 - 01:59,0,santolan,exit,0.0
2026-01-04,02:00 - 02:59,0,santolan,exit,0.0
2026-01-05,03:00 - 03:59,0,santolan,exit,0.0
2026-01-05,04:00 - 04:59,35,santolan,exit,0.0
2026-01-05,05:00 - 05:59,244,santolan,exit,0.0
2026-01-05,06:00 - 06:59,808,santolan,exit,0.0
2026-01-05,07:00 - 07:59,1346,santolan,exit,0.0
2026-01-05,08:00 - 08:59,1323,santolan,exit,0.0
2026-01-05,09:00 - 09:59,1067,santolan,exit,0.0
2026-01-05,10:00 - 10:59,722,santolan,exit,0.0
2026-01-05,11:00 - 11:59,549,santolan,exit,0.0
2026-01-05,12:00 - 12:59,561,santolan,exit,0.0
2026-01-05,13:00 - 13:59,367,santolan,exit,0.0
2026-01-05,14:00 - 14:59,389,santolan,exit,0.0
2026-01-05,15:00 - 15:59,334,santolan,exit,0.0
2026-01-05,16:00 - 16:59,325,santolan,exit,0.0
2026-01-05,17:00 - 17:59,367,santolan,exit,0.0
2026-01-05,18:00 - 18:59,326,santolan,exit,0.0
2026-01-05,19:00 - 19:59,251,santolan,exit,0.0
2026-01-05,20:00 - 20:59,169,santolan,exit,0.0
2026-01-05,21:00 - 21:59,123,santolan,exit,0.0
2026-01-05,22:00 - 22:59,47,santolan,exit,0.0
2026-01-05,23:00 - 23:59,8,santolan,exit,0.0
2026-01-05,00:00 - 00:59,0,santolan,exit,0.0
2026-01-05,01:00 - 01:59,0,santolan,exit,0.0
2026-01-05,03:00 - 03:59,0,santolan,exit,0.0
2026-01-06,03:00 - 03:59,0,santolan,exit,0.0
2026-01-06,04:00 - 04:59,33,santolan,exit,0.0
2026-01-06,05:00 - 05:59,280,santolan,exit,0.0
2026-01-06,06:00 - 06:59,752,santolan,exit,0.0
2026-01-06,07:00 - 07:59,1460,santolan,exit,0.0
2026-01-06,08:00 - 08:59,1194,santolan,exit,0.0
2026-01-06,09:00 - 09:59,963,santolan,exit,0.0
2026-01-06,10:00 - 10:59,747,santolan,exit,0.0
2026-01-06,11:00 - 11:59,554,santolan,exit,0.0
2026-01-06,12:00 - 12:59,458,santolan,exit,0.0
2026-01-06,13:00 - 13:59,461,santolan,exit,0.0
2026-01-06,14:00 - 14:59,324,santolan,exit,0.0
2026-01-06,15:00 - 15:59,308,santolan,exit,0.0
2026-01-06,16:00 - 16:59,325,santolan,exit,0.0
2026-01-06,17:00 - 17:59,375,santolan,exit,0.0
2026-01-06,18:00 - 18:59,355,santolan,exit,0.0
2026-01-06,19:00 - 19:59,250,santolan,exit,0.0
2026-01-06,20:00 - 20:59,164,santolan,exit,0.0
2026-01-06,21:00 - 21:59,131,santolan,exit,0.0
2026-01-06,22:00 - 22:59,45,santolan,exit,0.0
2026-01-06,23:00 - 23:59,7,santolan,exit,0.0
2026-01-06,00:00 - 00:59,0,santolan,exit,0.0
2026-01-06,01:00 - 01:59,0,santolan,exit,0.0
2026-01-06,02:00 - 02:59,0,santolan,exit,0.0
2026-01-07,03:00 - 03:59,0,santolan,exit,0.0
2026-01-07,04:00 - 04:59,27,santolan,exit,0.0
2026-01-07,05:00 - 05:59,305,santolan,exit,0.0
2026-01-07,06:00 - 06:59,748,santolan,exit,0.0
2026-01-07,07:00 - 07:59,1374,santolan,exit,0.0
2026-01-07,08:00 - 08:59,1180,santolan,exit,0.0
2026-01-07,09:00 - 09:59,984,santolan,exit,0.0
2026-01-07,10:00 - 10:59,622,santolan,exit,0.0
2026-01-07,11:00 - 11:59,607,santolan,exit,0.0
2026-01-07,12:00 - 12:59,457,santolan,exit,0.0
2026-01-07,13:00 - 13:59,354,santolan,exit,0.0
2026-01-07,14:00 - 14:59,356,santolan,exit,0.0
2026-01-07,15:00 - 15:59,364,santolan,exit,0.0
2026-01-07,16:00 - 16:59,324,santolan,exit,0.0
2026-01-07,17:00 - 17:59,381,santolan,exit,0.0
2026-01-07,18:00 - 18:59,373,santolan,exit,0.0
2026-01-07,19:00 - 19:59,240,santolan,exit,0.0
2026-01-07,20:00 - 20:59,171,santolan,exit,0.0
2026-01-07,21:00 - 21:59,139,santolan,exit,0.0
2026-01-07,22:00 - 22:59,43,santolan,exit,0.0
2026-01-07,23:00 - 23:59,6,santolan,exit,0.0
2026-01-07,00:00 - 00:59,0,santolan,exit,0.0
2026-01-07,01:00 - 01:59,0,santolan,exit,0.0
2026-01-07,02:00 - 02:59,0,santolan,exit,0.0
2026-01-08,03:00 - 03:59,0,santolan,exit,0.0
2026-01-08,04:00 - 04:59,19,santolan,exit,0.0
2026-01-08,05:00 - 05:59,304,santolan,exit,0.0
2026-01-08,06:00 - 06:59,747,santolan,exit,0.0
2026-01-08,07:00 - 07:59,1349,santolan,exit,0.0
2026-01-08,08:00 - 08:59,1155,santolan,exit,0.0
2026-01-08,09:00 - 09:59,1051,santolan,exit,0.0
2026-01-08,10:00 - 10:59,651,santolan,exit,0.0
2026-01-08,11:00 - 11:59,570,santolan,exit,0.0
2026-01-08,12:00 - 12:59,461,santolan,exit,0.0
2026-01-08,13:00 - 13:59,321,santolan,exit,0.0
2026-01-08,14:00 - 14:59,357,santolan,exit,0.0
2026-01-08,15:00 - 15:59,287,santolan,exit,0.0
2026-01-08,16:00 - 16:59,291,santolan,exit,0.0
2026-01-08,17:00 - 17:59,371,santolan,exit,0.0
2026-01-08,18:00 - 18:59,351,santolan,exit,0.0
2026-01-08,19:00 - 19:59,233,santolan,exit,0.0
2026-01-08,20:00 - 20:59,160,santolan,exit,0.0
2026-01-08,21:00 - 21:59,127,santolan,exit,0.0
2026-01-08,22:00 - 22:59,55,santolan,exit,0.0
2026-01-08,23:00 - 23:59,6,santolan,exit,0.0
2026-01-08,00:00 - 00:59,6,santolan,exit,0.0
2026-01-08,01:00 - 01:59,0,santolan,exit,0.0
2026-01-08,02:00 - 02:59,0,santolan,exit,0.0
2026-01-09,03:00 - 03:59,0,santolan,exit,0.0
2026-01-09,04:00 - 04:59,22,santolan,exit,0.0
2026-01-09,05:00 - 05:59,290,santolan,exit,0.0
2026-01-09,06:00 - 06:59,746,santolan,exit,0.0
2026-01-09,07:00 - 07:59,1293,santolan,exit,0.0
2026-01-09,08:00 - 08:59,1161,santolan,exit,0.0
2026-01-09,09:00 - 09:59,961,santolan,exit,0.0
2026-01-09,10:00 - 10:59,623,santolan,exit,0.0
2026-01-09,11:00 - 11:59,596,santolan,exit,0.0
2026-01-09,12:00 - 12:59,508,santolan,exit,0.0
2026-01-09,13:00 - 13:59,438,santolan,exit,0.0
2026-01-09,14:00 - 14:59,389,santolan,exit,0.0
2026-01-09,15:00 - 15:59,319,santolan,exit,0.0
2026-01-09,16:00 - 16:59,337,santolan,exit,0.0
2026-01-09,17:00 - 17:59,396,santolan,exit,0.0
2026-01-09,18:00 - 18:59,301,santolan,exit,0.0
2026-01-09,19:00 - 19:59,207,santolan,exit,0.0
2026-01-09,20:00 - 20:59,161,santolan,exit,0.0
2026-01-09,21:00 - 21:59,123,santolan,exit,0.0
2026-01-09,22:00 - 22:59,57,santolan,exit,0.0
2026-01-09,23:00 - 23:59,16,santolan,exit,0.0
2026-01-09,00:00 - 00:59,0,santolan,exit,0.0
2026-01-09,01:00 - 01:59,0,santolan,exit,0.0
2026-01-09,02:00 - 02:59,0,santolan,exit,0.0
2026-01-10,03:00 - 03:59,0,santolan,exit,0.0
2026-01-10,04:00 - 04:59,14,santolan,exit,0.0
2026-01-10,05:00 - 05:59,192,santolan,exit,0.0
2026-01-10,06:00 - 06:59,381,santolan,exit,0.0
2026-01-10,07:00 - 07:59,640,santolan,exit,0.0
2026-01-10,08:00 - 08:59,646,santolan,exit,0.0
2026-01-10,09:00 - 09:59,726,santolan,exit,0.0
2026-01-10,10:00 - 10:59,544,santolan,exit,0.0
2026-01-10,11:00 - 11:59,458,santolan,exit,0.0
2026-01-10,12:00 - 12:59,493,santolan,exit,0.0
2026-01-10,13:00 - 13:59,357,santolan,exit,0.0
2026-01-10,14:00 - 14:59,343,santolan,exit,0.0
2026-01-10,15:00 - 15:59,301,santolan,exit,0.0
2026-01-10,16:00 - 16:59,254,santolan,exit,0.0
2026-01-10,17:00 - 17:59,261,santolan,exit,0.0
2026-01-10,18:00 - 18:59,229,santolan,exit,0.0
2026-01-10,19:00 - 19:59,175,santolan,exit,0.0
2026-01-10,20:00 - 20:59,107,santolan,exit,0.0
2026-01-10,21:00 - 21:59,107,santolan,exit,0.0
2026-01-10,22:00 - 22:59,32,santolan,exit,0.0
2026-01-10,23:00 - 23:59,0,santolan,exit,0.0
2026-01-10,00:00 - 00:59,0,santolan,exit,0.0
2026-01-10,01:00 - 01:59,0,santolan,exit,0.0
2026-01-10,02:00 - 02:59,0,santolan,exit,0.0
2026-01-11,03:00 - 03:59,0,santolan,exit,0.0
2026-01-11,04:00 - 04:59,14,santolan,exit,0.0
2026-01-11,05:00 - 05:59,120,santolan,exit,0.0
2026-01-11,06:00 - 06:59,162,santolan,exit,0.0
2026-01-11,07:00 - 07:59,229,santolan,exit,0.0
2026-01-11,08:00 - 08:59,288,santolan,exit,0.0
2026-01-11,09:00 - 09:59,544,santolan,exit,0.0
2026-01-11,10:00 - 10:59,415,santolan,exit,0.0
2026-01-11,11:00 - 11:59,427,santolan,exit,0.0
2026-01-11,12:00 - 12:59,399,santolan,exit,0.0
2026-01-11,13:00 - 13:59,332,santolan,exit,0.0
2026-01-11,14:00 - 14:59,276,santolan,exit,0.0
2026-01-11,15:00 - 15:59,283,santolan,exit,0.0
2026-01-11,16:00 - 16:59,225,santolan,exit,0.0
2026-01-11,17:00 - 17:59,292,santolan,exit,0.0
2026-01-11,18:00 - 18:59,198,santolan,exit,0.0
2026-01-11,19:00 - 19:59,174,santolan,exit,0.0
2026-01-11,20:00 - 20:59,126,santolan,exit,0.0
2026-01-11,21:00 - 21:59,104,santolan,exit,0.0
2026-01-11,22:00 - 22:59,22,santolan,exit,0.0
2026-01-11,23:00 - 23:59,0,santolan,exit,0.0
2026-01-11,00:00 - 00:59,0,santolan,exit,0.0
2026-01-11,01:00 - 01:59,0,santolan,exit,0.0
2026-01-11,02:00 - 02:59,0,santolan,exit,0.0
2026-01-12,03:00 - 03:59,0,santolan,exit,0.0
2026-01-12,04:00 - 04:59,35,santolan,exit,0.0
2026-01-12,05:00 - 05:59,364,santolan,exit,0.0
2026-01-12,06:00 - 06:59,789,santolan,exit,0.0
2026-01-12,07:00 - 07:59,1261,santolan,exit,0.0
2026-01-12,08:00 - 08:59,1337,santolan,exit,0.0
2026-01-12,09:00 - 09:59,1108,santolan,exit,0.0
2026-01-12,10:00 - 10:59,805,santolan,exit,0.0
2026-01-12,11:00 - 11:59,634,santolan,exit,0.0
2026-01-12,12:00 - 12:59,490,santolan,exit,0.0
2026-01-12,13:00 - 13:59,438,santolan,exit,0.0
2026-01-12,14:00 - 14:59,416,santolan,exit,0.0
2026-01-12,15:00 - 15:59,392,santolan,exit,0.0
2026-01-12,16:00 - 16:59,328,santolan,exit,0.0
2026-01-12,17:00 - 17:59,397,santolan,exit,0.0
2026-01-12,18:00 - 18:59,353,santolan,exit,0.0
2026-01-12,19:00 - 19:59,266,santolan,exit,0.0
2026-01-12,20:00 - 20:59,156,santolan,exit,0.0
2026-01-12,21:00 - 21:59,111,santolan,exit,0.0
2026-01-12,22:00 - 22:59,38,santolan,exit,0.0
2026-01-12,23:00 - 23:59,5,santolan,exit,0.0
2026-01-12,00:00 - 00:59,0,santolan,exit,0.0
2026-01-12,01:00 - 01:59,0,santolan,exit,0.0
2026-01-12,02:00 - 02:59,0,santolan,exit,0.0
2026-01-13,03:00 - 03:59,0,santolan,exit,0.0
2026-01-13,04:00 - 04:59,26,santolan,exit,0.0
2026-01-13,05:00 - 05:59,328,santolan,exit,0.0
2026-01-13,06:00 - 06:59,798,santolan,exit,0.0
2026-01-13,07:00 - 07:59,1333,santolan,exit,0.0
2026-01-13,08:00 - 08:59,1263,santolan,exit,0.0
2026-01-13,09:00 - 09:59,1059,santolan,exit,0.0
2026-01-13,10:00 - 10:59,726,santolan,exit,0.0
2026-01-13,11:00 - 11:59,590,santolan,exit,0.0
2026-01-13,12:00 - 12:59,468,santolan,exit,0.0
2026-01-13,13:00 - 13:59,380,santolan,exit,0.0
2026-01-13,14:00 - 14:59,364,santolan,exit,0.0
2026-01-13,15:00 - 15:59,320,santolan,exit,0.0
2026-01-13,16:00 - 16:59,327,santolan,exit,0.0
2026-01-13,17:00 - 17:59,384,santolan,exit,0.0
2026-01-13,18:00 - 18:59,383,santolan,exit,0.0
2026-01-13,19:00 - 19:59,239,santolan,exit,0.0
2026-01-13,20:00 - 20:59,164,santolan,exit,0.0
2026-01-13,21:00 - 21:59,137,santolan,exit,0.0
2026-01-13,22:00 - 22:59,47,santolan,exit,0.0
2026-01-13,23:00 - 23:59,9,santolan,exit,0.0
2026-01-13,00:00 - 00:59,0,santolan,exit,0.0
2026-01-13,01:00 - 01:59,0,santolan,exit,0.0
2026-01-13,02:00 - 02:59,0,santolan,exit,0.0
2026-01-14,03:00 - 03:59,0,santolan,exit,0.0
2026-01-14,04:00 - 04:59,38,santolan,exit,0.0
2026-01-14,05:00 - 05:59,323,santolan,exit,0.0
2026-01-14,06:00 - 06:59,797,santolan,exit,0.0
2026-01-14,07:00 - 07:59,1405,santolan,exit,0.0
2026-01-14,08:00 - 08:59,1225,santolan,exit,0.0
2026-01-14,09:00 - 09:59,1023,santolan,exit,0.0
2026-01-14,10:00 - 10:59,661,santolan,exit,0.0
2026-01-14,11:00 - 11:59,589,santolan,exit,0.0
2026-01-14,12:00 - 12:59,478,santolan,exit,0.0
2026-01-14,13:00 - 13:59,375,santolan,exit,0.0
2026-01-14,14:00 - 14:59,332,santolan,exit,0.0
2026-01-14,15:00 - 15:59,326,santolan,exit,0.0
2026-01-14,16:00 - 16:59,311,santolan,exit,0.0
2026-01-14,17:00 - 17:59,362,santolan,exit,0.0
2026-01-14,18:00 - 18:59,378,santolan,exit,0.0
2026-01-14,19:00 - 19:59,256,santolan,exit,0.0
2026-01-14,20:00 - 20:59,174,santolan,exit,0.0
2026-01-14,21:00 - 21:59,150,santolan,exit,0.0
2026-01-14,22:00 - 22:59,39,santolan,exit,0.0
2026-01-14,23:00 - 23:59,7,santolan,exit,0.0
2026-01-14,00:00 - 00:59,0,santolan,exit,0.0
2026-01-14,01:00 - 01:59,0,santolan,exit,0.0
2026-01-14,02:00 - 02:59,0,santolan,exit,0.0
2026-01-15,03:00 - 03:59,0,santolan,exit,0.0
2026-01-15,04:00 - 04:59,30,santolan,exit,0.0
2026-01-15,05:00 - 05:59,291,santolan,exit,0.0
2026-01-15,06:00 - 06:59,772,santolan,exit,0.0
2026-01-15,07:00 - 07:59,1341,santolan,exit,0.0
2026-01-15,08:00 - 08:59,1169,santolan,exit,0.0
2026-01-15,09:00 - 09:59,1000,santolan,exit,0.0
2026-01-15,10:00 - 10:59,628,santolan,exit,0.0
2026-01-15,11:00 - 11:59,574,santolan,exit,0.0
2026-01-15,12:00 - 12:59,448,santolan,exit,0.0
2026-01-15,13:00 - 13:59,338,santolan,exit,0.0
2026-01-15,14:00 - 14:59,376,santolan,exit,0.0
2026-01-15,15:00 - 15:59,328,santolan,exit,0.0
2026-01-15,16:00 - 16:59,314,santolan,exit,0.0
2026-01-15,17:00 - 17:59,386,santolan,exit,0.0
2026-01-15,18:00 - 18:59,407,santolan,exit,0.0
2026-01-15,19:00 - 19:59,237,santolan,exit,0.0
2026-01-15,20:00 - 20:59,196,santolan,exit,0.0
2026-01-15,21:00 - 21:59,118,santolan,exit,0.0
2026-01-15,22:00 - 22:59,44,santolan,exit,0.0
2026-01-15,23:00 - 23:59,15,santolan,exit,0.0
2026-01-15,00:00 - 00:59,4,santolan,exit,0.0
2026-01-15,01:00 - 01:59,0,santolan,exit,0.0
2026-01-15,02:00 - 02:59,0,santolan,exit,0.0
2026-01-16,03:00 - 03:59,0,santolan,exit,0.0
2026-01-16,04:00 - 04:59,25,santolan,exit,0.0
2026-01-16,05:00 - 05:59,301,santolan,exit,0.0
2026-01-16,06:00 - 06:59,791,santolan,exit,0.0
2026-01-16,07:00 - 07:59,1286,santolan,exit,0.0
2026-01-16,08:00 - 08:59,1173,santolan,exit,0.0
2026-01-16,09:00 - 09:59,948,santolan,exit,0.0
2026-01-16,10:00 - 10:59,694,santolan,exit,0.0
2026-01-16,11:00 - 11:59,557,santolan,exit,0.0
2026-01-16,12:00 - 12:59,474,santolan,exit,0.0
2026-01-16,13:00 - 13:59,459,santolan,exit,0.0
2026-01-16,14:00 - 14:59,392,santolan,exit,0.0
2026-01-16,15:00 - 15:59,395,santolan,exit,0.0
2026-01-16,16:00 - 16:59,377,santolan,exit,0.0
2026-01-16,17:00 - 17:59,349,santolan,exit,0.0
2026-01-16,18:00 - 18:59,339,santolan,exit,0.0
2026-01-16,19:00 - 19:59,271,santolan,exit,0.0
2026-01-16,20:00 - 20:59,193,santolan,exit,0.0
2026-01-16,21:00 - 21:59,164,santolan,exit,0.0
2026-01-16,22:00 - 22:59,70,santolan,exit,0.0
2026-01-16,23:00 - 23:59,11,santolan,exit,0.0
2026-01-16,00:00 - 00:59,0,santolan,exit,0.0
2026-01-16,01:00 - 01:59,0,santolan,exit,0.0
2026-01-16,02:00 - 02:59,0,santolan,exit,0.0
2026-01-17,03:00 - 03:59,0,santolan,exit,0.0
2026-01-17,04:00 - 04:59,22,santolan,exit,0.0
2026-01-17,05:00 - 05:59,223,santolan,exit,0.0
2026-01-17,06:00 - 06:59,395,santolan,exit,0.0
2026-01-17,07:00 - 07:59,619,santolan,exit,0.0
2026-01-17,08:00 - 08:59,611,santolan,exit,0.0
2026-01-17,09:00 - 09:59,683,santolan,exit,0.0
2026-01-17,10:00 - 10:59,525,santolan,exit,0.0
2026-01-17,11:00 - 11:59,427,santolan,exit,0.0
2026-01-17,12:00 - 12:59,419,santolan,exit,0.0
2026-01-17,13:00 - 13:59,356,santolan,exit,0.0
2026-01-17,14:00 - 14:59,317,santolan,exit,0.0
2026-01-17,15:00 - 15:59,311,santolan,exit,0.0
2026-01-17,16:00 - 16:59,298,santolan,exit,0.0
2026-01-17,17:00 - 17:59,285,santolan,exit,0.0
2026-01-17,18:00 - 18:59,259,santolan,exit,0.0
2026-01-17,19:00 - 19:59,200,santolan,exit,0.0
2026-01-17,20:00 - 20:59,136,santolan,exit,0.0
2026-01-17,21:00 - 21:59,83,santolan,exit,0.0
2026-01-17,22:00 - 22:59,29,santolan,exit,0.0
2026-01-17,23:00 - 23:59,0,santolan,exit,0.0
2026-01-17,00:00 - 00:59,0,santolan,exit,0.0
2026-01-17,01:00 - 01:59,0,santolan,exit,0.0
2026-01-17,02:00 - 02:59,0,santolan,exit,0.0
2026-01-18,03:00 - 03:59,0,santolan,exit,0.0
2026-01-18,04:00 - 04:59,17,santolan,exit,0.0
2026-01-18,05:00 - 05:59,134,santolan,exit,0.0
2026-01-18,06:00 - 06:59,168,santolan,exit,0.0
2026-01-18,07:00 - 07:59,236,santolan,exit,0.0
2026-01-18,08:00 - 08:59,343,santolan,exit,0.0
2026-01-18,09:00 - 09:59,512,santolan,exit,0.0
2026-01-18,10:00 - 10:59,420,santolan,exit,0.0
2026-01-18,11:00 - 11:59,399,santolan,exit,0.0
2026-01-18,12:00 - 12:59,406,santolan,exit,0.0
2026-01-18,13:00 - 13:59,321,santolan,exit,0.0
2026-01-18,14:00 - 14:59,293,santolan,exit,0.0
2026-01-18,15:00 - 15:59,227,santolan,exit,0.0
2026-01-18,16:00 - 16:59,257,santolan,exit,0.0
2026-01-18,17:00 - 17:59,239,santolan,exit,0.0
2026-01-18,18:00 - 18:59,206,santolan,exit,0.0
2026-01-18,19:00 - 19:59,179,santolan,exit,0.0
2026-01-18,20:00 - 20:59,126,santolan,exit,0.0
2026-01-18,21:00 - 21:59,118,santolan,exit,0.0
2026-01-18,22:00 - 22:59,27,santolan,exit,0.0
2026-01-18,23:00 - 23:59,0,santolan,exit,0.0
2026-01-18,00:00 - 00:59,0,santolan,exit,0.0
2026-01-18,01:00 - 01:59,0,santolan,exit,0.0
2026-01-18,02:00 - 02:59,0,santolan,exit,0.0
2026-01-19,03:00 - 03:59,0,santolan,exit,0.0
2026-01-19,04:00 - 04:59,38,santolan,exit,0.0
2026-01-19,05:00 - 05:59,436,santolan,exit,0.0
2026-01-19,06:00 - 06:59,852,santolan,exit,0.0
2026-01-19,07:00 - 07:59,1283,santolan,exit,0.0
2026-01-19,08:00 - 08:59,1190,santolan,exit,0.0
2026-01-19,09:00 - 09:59,1154,santolan,exit,0.0
2026-01-19,10:00 - 10:59,695,santolan,exit,0.0
2026-01-19,11:00 - 11:59,558,santolan,exit,0.0
2026-01-19,12:00 - 12:59,478,santolan,exit,0.0
2026-01-19,13:00 - 13:59,355,santolan,exit,0.0
2026-01-19,14:00 - 14:59,343,santolan,exit,0.0
2026-01-19,15:00 - 15:59,357,santolan,exit,0.0
2026-01-19,16:00 - 16:59,300,santolan,exit,0.0
2026-01-19,17:00 - 17:59,356,santolan,exit,0.0
2026-01-19,18:00 - 18:59,403,santolan,exit,0.0
2026-01-19,19:00 - 19:59,294,santolan,exit,0.0
2026-01-19,20:00 - 20:59,181,santolan,exit,0.0
2026-01-19,21:00 - 21:59,118,santolan,exit,0.0
2026-01-19,22:00 - 22:59,47,santolan,exit,0.0
2026-01-19,23:00 - 23:59,5,santolan,exit,0.0
2026-01-19,00:00 - 00:59,0,santolan,exit,0.0
2026-01-19,01:00 - 01:59,0,santolan,exit,0.0
2026-01-19,02:00 - 02:59,0,santolan,exit,0.0
2026-01-20,03:00 - 03:59,0,santolan,exit,0.0
2026-01-20,04:00 - 04:59,30,santolan,exit,0.0
2026-01-20,05:00 - 05:59,343,santolan,exit,0.0
2026-01-20,06:00 - 06:59,680,santolan,exit,0.0
2026-01-20,07:00 - 07:59,1302,santolan,exit,0.0
2026-01-20,08:00 - 08:59,1255,santolan,exit,0.0
2026-01-20,09:00 - 09:59,982,santolan,exit,0.0
2026-01-20,10:00 - 10:59,754,santolan,exit,0.0
2026-01-20,11:00 - 11:59,589,santolan,exit,0.0
2026-01-20,12:00 - 12:59,440,santolan,exit,0.0
2026-01-20,13:00 - 13:59,376,santolan,exit,0.0
2026-01-20,14:00 - 14:59,285,santolan,exit,0.0
2026-01-20,15:00 - 15:59,355,santolan,exit,0.0
2026-01-20,16:00 - 16:59,333,santolan,exit,0.0
2026-01-20,17:00 - 17:59,408,santolan,exit,0.0
2026-01-20,18:00 - 18:59,360,santolan,exit,0.0
2026-01-20,19:00 - 19:59,271,santolan,exit,0.0
2026-01-20,20:00 - 20:59,198,santolan,exit,0.0
2026-01-20,21:00 - 21:59,145,santolan,exit,0.0
2026-01-20,22:00 - 22:59,54,santolan,exit,0.0
2026-01-20,23:00 - 23:59,7,santolan,exit,0.0
2026-01-20,00:00 - 00:59,0,santolan,exit,0.0
2026-01-20,01:00 - 01:59,0,santolan,exit,0.0
2026-01-20,02:00 - 02:59,0,santolan,exit,0.0
2026-01-21,03:00 - 03:59,0,santolan,exit,0.0
2026-01-21,04:00 - 04:59,30,santolan,exit,0.0
2026-01-21,05:00 - 05:59,317,santolan,exit,0.0
2026-01-21,06:00 - 06:59,764,santolan,exit,0.0
2026-01-21,07:00 - 07:59,1392,santolan,exit,0.0
2026-01-21,08:00 - 08:59,1213,santolan,exit,0.0
2026-01-21,09:00 - 09:59,964,santolan,exit,0.0
2026-01-21,10:00 - 10:59,682,santolan,exit,0.0
2026-01-21,11:00 - 11:59,539,santolan,exit,0.0
2026-01-21,12:00 - 12:59,484,santolan,exit,0.0
2026-01-21,13:00 - 13:59,399,santolan,exit,0.0
2026-01-21,14:00 - 14:59,320,santolan,exit,0.0
2026-01-21,15:00 - 15:59,301,santolan,exit,0.0
2026-01-21,16:00 - 16:59,315,santolan,exit,0.0
2026-01-21,17:00 - 17:59,381,santolan,exit,0.0
2026-01-21,18:00 - 18:59,362,santolan,exit,0.0
2026-01-21,19:00 - 19:59,243,santolan,exit,0.0
2026-01-21,20:00 - 20:59,205,santolan,exit,0.0
2026-01-21,21:00 - 21:59,150,santolan,exit,0.0
2026-01-21,22:00 - 22:59,54,santolan,exit,0.0
2026-01-21,23:00 - 23:59,4,santolan,exit,0.0
2026-01-21,00:00 - 00:59,0,santolan,exit,0.0
2026-01-21,01:00 - 01:59,0,santolan,exit,0.0
2026-01-21,02:00 - 02:59,0,santolan,exit,0.0
2026-01-22,03:00 - 03:59,0,santolan,exit,0.0
2026-01-22,04:00 - 04:59,22,santolan,exit,0.0
2026-01-22,05:00 - 05:59,313,santolan,exit,0.0
2026-01-22,06:00 - 06:59,742,santolan,exit,0.0
2026-01-22,07:00 - 07:59,1395,santolan,exit,0.0
2026-01-22,08:00 - 08:59,1124,santolan,exit,0.0
2026-01-22,09:00 - 09:59,979,santolan,exit,0.0
2026-01-22,10:00 - 10:59,702,santolan,exit,0.0
2026-01-22,11:00 - 11:59,473,santolan,exit,0.0
2026-01-22,12:00 - 12:59,452,santolan,exit,0.0
2026-01-22,13:00 - 13:59,413,santolan,exit,0.0
2026-01-22,14:00 - 14:59,304,santolan,exit,0.0
2026-01-22,15:00 - 15:59,314,santolan,exit,0.0
2026-01-22,16:00 - 16:59,283,santolan,exit,0.0
2026-01-22,17:00 - 17:59,323,santolan,exit,0.0
2026-01-22,18:00 - 18:59,333,santolan,exit,0.0
2026-01-22,19:00 - 19:59,321,santolan,exit,0.0
2026-01-22,20:00 - 20:59,211,santolan,exit,0.0
2026-01-22,21:00 - 21:59,133,santolan,exit,0.0
2026-01-22,22:00 - 22:59,43,santolan,exit,0.0
2026-01-22,23:00 - 23:59,7,santolan,exit,0.0
2026-01-22,00:00 - 00:59,0,santolan,exit,0.0
2026-01-22,01:00 - 01:59,0,santolan,exit,0.0
2026-01-22,02:00 - 02:59,0,santolan,exit,0.0
2026-01-23,03:00 - 03:59,0,santolan,exit,0.0
2026-01-23,04:00 - 04:59,27,santolan,exit,0.0
2026-01-23,05:00 - 05:59,329,santolan,exit,0.0
2026-01-23,06:00 - 06:59,722,santolan,exit,0.0
2026-01-23,07:00 - 07:59,1272,santolan,exit,0.0
2026-01-23,08:00 - 08:59,1127,santolan,exit,0.0
2026-01-23,09:00 - 09:59,961,santolan,exit,0.0
2026-01-23,10:00 - 10:59,665,santolan,exit,0.0
2026-01-23,11:00 - 11:59,529,santolan,exit,0.0
2026-01-23,12:00 - 12:59,536,santolan,exit,0.0
2026-01-23,13:00 - 13:59,438,santolan,exit,0.0
2026-01-23,14:00 - 14:59,361,santolan,exit,0.0
2026-01-23,15:00 - 15:59,323,santolan,exit,0.0
2026-01-23,16:00 - 16:59,358,santolan,exit,0.0
2026-01-23,17:00 - 17:59,385,santolan,exit,0.0
2026-01-23,18:00 - 18:59,369,santolan,exit,0.0
2026-01-23,19:00 - 19:59,313,santolan,exit,0.0
2026-01-23,20:00 - 20:59,178,santolan,exit,0.0
2026-01-23,21:00 - 21:59,141,santolan,exit,0.0
2026-01-23,22:00 - 22:59,76,santolan,exit,0.0
2026-01-23,23:00 - 23:59,9,santolan,exit,0.0
2026-01-23,00:00 - 00:59,0,santolan,exit,0.0
2026-01-23,01:00 - 01:59,0,santolan,exit,0.0
2026-01-23,02:00 - 02:59,0,santolan,exit,0.0
2026-01-24,03:00 - 03:59,0,santolan,exit,0.0
2026-01-24,04:00 - 04:59,18,santolan,exit,0.0
2026-01-24,05:00 - 05:59,209,santolan,exit,0.0
2026-01-24,06:00 - 06:59,355,santolan,exit,0.0
2026-01-24,07:00 - 07:59,654,santolan,exit,0.0
2026-01-24,08:00 - 08:59,690,santolan,exit,0.0
2026-01-24,09:00 - 09:59,651,santolan,exit,0.0
2026-01-24,10:00 - 10:59,475,santolan,exit,0.0
2026-01-24,11:00 - 11:59,487,santolan,exit,0.0
2026-01-24,12:00 - 12:59,453,santolan,exit,0.0
2026-01-24,13:00 - 13:59,370,santolan,exit,0.0
2026-01-24,14:00 - 14:59,278,santolan,exit,0.0
2026-01-24,15:00 - 15:59,278,santolan,exit,0.0
2026-01-24,16:00 - 16:59,295,santolan,exit,0.0
2026-01-24,17:00 - 17:59,305,santolan,exit,0.0
2026-01-24,18:00 - 18:59,230,santolan,exit,0.0
2026-01-24,19:00 - 19:59,190,santolan,exit,0.0
2026-01-24,20:00 - 20:59,131,santolan,exit,0.0
2026-01-24,21:00 - 21:59,103,santolan,exit,0.0
2026-01-24,22:00 - 22:59,40,santolan,exit,0.0
2026-01-24,23:00 - 23:59,0,santolan,exit,0.0
2026-01-24,00:00 - 00:59,0,santolan,exit,0.0
2026-01-24,01:00 - 01:59,0,santolan,exit,0.0
2026-01-24,02:00 - 02:59,0,santolan,exit,0.0
2026-01-25,03:00 - 03:59,0,santolan,exit,0.0
2026-01-25,04:00 - 04:59,12,santolan,exit,0.0
2026-01-25,05:00 - 05:59,129,santolan,exit,0.0
2026-01-25,06:00 - 06:59,166,santolan,exit,0.0
2026-01-25,07:00 - 07:59,238,santolan,exit,0.0
2026-01-25,08:00 - 08:59,390,santolan,exit,0.0
2026-01-25,09:00 - 09:59,549,santolan,exit,0.0
2026-01-25,10:00 - 10:59,428,santolan,exit,0.0
2026-01-25,11:00 - 11:59,400,santolan,exit,0.0
2026-01-25,12:00 - 12:59,388,santolan,exit,0.0
2026-01-25,13:00 - 13:59,321,santolan,exit,0.0
2026-01-25,14:00 - 14:59,288,santolan,exit,0.0
2026-01-25,15:00 - 15:59,262,santolan,exit,0.0
2026-01-25,16:00 - 16:59,230,santolan,exit,0.0
2026-01-25,17:00 - 17:59,248,santolan,exit,0.0
2026-01-25,18:00 - 18:59,188,santolan,exit,0.0
2026-01-25,19:00 - 19:59,175,santolan,exit,0.0
2026-01-25,20:00 - 20:59,133,santolan,exit,0.0
2026-01-25,21:00 - 21:59,122,santolan,exit,0.0
2026-01-25,22:00 - 22:59,32,santolan,exit,0.0
2026-01-25,23:00 - 23:59,0,santolan,exit,0.0
2026-01-25,00:00 - 00:59,0,santolan,exit,0.0
2026-01-25,01:00 - 01:59,0,santolan,exit,0.0
2026-01-25,02:00 - 02:59,0,santolan,exit,0.0
2026-01-26,03:00 - 03:59,0,santolan,exit,0.0
2026-01-26,04:00 - 04:59,27,santolan,exit,0.0
2026-01-26,05:00 - 05:59,413,santolan,exit,0.0
2026-01-26,06:00 - 06:59,876,santolan,exit,0.0
2026-01-26,07:00 - 07:59,1447,santolan,exit,0.0
2026-01-26,08:00 - 08:59,1236,santolan,exit,0.0
2026-01-26,09:00 - 09:59,1080,santolan,exit,0.0
2026-01-26,10:00 - 10:59,715,santolan,exit,0.0
2026-01-26,11:00 - 11:59,633,santolan,exit,0.0
2026-01-26,12:00 - 12:59,520,santolan,exit,0.0
2026-01-26,13:00 - 13:59,447,santolan,exit,0.0
2026-01-26,14:00 - 14:59,336,santolan,exit,0.0
2026-01-26,15:00 - 15:59,296,santolan,exit,0.0
2026-01-26,16:00 - 16:59,323,santolan,exit,0.0
2026-01-26,17:00 - 17:59,401,santolan,exit,0.0
2026-01-26,18:00 - 18:59,363,santolan,exit,0.0
2026-01-26,19:00 - 19:59,257,santolan,exit,0.0
2026-01-26,20:00 - 20:59,167,santolan,exit,0.0
2026-01-26,21:00 - 21:59,123,santolan,exit,0.0
2026-01-26,22:00 - 22:59,46,santolan,exit,0.0
2026-01-26,23:00 - 23:59,5,santolan,exit,0.0
2026-01-26,00:00 - 00:59,0,santolan,exit,0.0
2026-01-26,01:00 - 01:59,0,santolan,exit,0.0
2026-01-26,02:00 - 02:59,0,santolan,exit,0.0
2026-01-27,03:00 - 03:59,0,santolan,exit,0.0
2026-01-27,04:00 - 04:59,36,santolan,exit,0.0
2026-01-27,05:00 - 05:59,321,santolan,exit,0.0
2026-01-27,06:00 - 06:59,755,santolan,exit,0.0
2026-01-27,07:00 - 07:59,1437,santolan,exit,0.0
2026-01-27,08:00 - 08:59,1217,santolan,exit,0.0
2026-01-27,09:00 - 09:59,1076,santolan,exit,0.0
2026-01-27,10:00 - 10:59,754,santolan,exit,0.0
2026-01-27,11:00 - 11:59,613,santolan,exit,0.0
2026-01-27,12:00 - 12:59,469,santolan,exit,0.0
2026-01-27,13:00 - 13:59,383,santolan,exit,0.0
2026-01-27,14:00 - 14:59,389,santolan,exit,0.0
2026-01-27,15:00 - 15:59,278,santolan,exit,0.0
2026-01-27,16:00 - 16:59,324,santolan,exit,0.0
2026-01-27,17:00 - 17:59,343,santolan,exit,0.0
2026-01-27,18:00 - 18:59,364,santolan,exit,0.0
2026-01-27,19:00 - 19:59,272,santolan,exit,0.0
2026-01-27,20:00 - 20:59,190,santolan,exit,0.0
2026-01-27,21:00 - 21:59,139,santolan,exit,0.0
2026-01-27,22:00 - 22:59,45,santolan,exit,0.0
2026-01-27,23:00 - 23:59,5,santolan,exit,0.0
2026-01-27,00:00 - 00:59,0,santolan,exit,0.0
2026-01-27,01:00 - 01:59,0,santolan,exit,0.0
2026-01-27,02:00 - 02:59,0,santolan,exit,0.0
2026-01-28,03:00 - 03:59,0,santolan,exit,0.0
2026-01-28,04:00 - 04:59,29,santolan,exit,0.0
2026-01-28,05:00 - 05:59,341,santolan,exit,0.0
2026-01-28,06:00 - 06:59,842,santolan,exit,0.0
2026-01-28,07:00 - 07:59,1559,santolan,exit,0.0
2026-01-28,08:00 - 08:59,1237,santolan,exit,0.0
2026-01-28,09:00 - 09:59,1033,santolan,exit,0.0
2026-01-28,10:00 - 10:59,698,santolan,exit,0.0
2026-01-28,11:00 - 11:59,613,santolan,exit,0.0
2026-01-28,12:00 - 12:59,502,santolan,exit,0.0
2026-01-28,13:00 - 13:59,439,santolan,exit,0.0
2026-01-28,14:00 - 14:59,392,santolan,exit,0.0
2026-01-28,15:00 - 15:59,324,santolan,exit,0.0
2026-01-28,16:00 - 16:59,329,santolan,exit,0.0
2026-01-28,17:00 - 17:59,375,santolan,exit,0.0
2026-01-28,18:00 - 18:59,326,santolan,exit,0.0
2026-01-28,19:00 - 19:59,247,santolan,exit,0.0
2026-01-28,20:00 - 20:59,184,santolan,exit,0.0
2026-01-28,21:00 - 21:59,144,santolan,exit,0.0
2026-01-28,22:00 - 22:59,54,santolan,exit,0.0
2026-01-28,23:00 - 23:59,9,santolan,exit,0.0
2026-01-28,00:00 - 00:59,0,santolan,exit,0.0
2026-01-28,01:00 - 01:59,0,santolan,exit,0.0
2026-01-28,02:00 - 02:59,0,santolan,exit,0.0
2026-01-29,03:00 - 03:59,0,santolan,exit,0.0
2026-01-29,04:00 - 04:59,29,santolan,exit,0.0
2026-01-29,05:00 - 05:59,339,santolan,exit,0.0
2026-01-29,06:00 - 06:59,763,santolan,exit,0.0
2026-01-29,07:00 - 07:59,1336,santolan,exit,0.0
2026-01-29,08:00 - 08:59,1238,santolan,exit,0.0
2026-01-29,09:00 - 09:59,945,santolan,exit,0.0
2026-01-29,10:00 - 10:59,698,santolan,exit,0.0
2026-01-29,11:00 - 11:59,588,santolan,exit,0.0
2026-01-29,12:00 - 12:59,410,santolan,exit,0.0
2026-01-29,13:00 - 13:59,401,santolan,exit,0.0
2026-01-29,14:00 - 14:59,318,santolan,exit,0.0
2026-01-29,15:00 - 15:59,294,santolan,exit,0.0
2026-01-29,16:00 - 16:59,275,santolan,exit,0.0
2026-01-29,17:00 - 17:59,358,santolan,exit,0.0
2026-01-29,18:00 - 18:59,320,santolan,exit,0.0
2026-01-29,19:00 - 19:59,256,santolan,exit,0.0
2026-01-29,20:00 - 20:59,219,santolan,exit,0.0
2026-01-29,21:00 - 21:59,143,santolan,exit,0.0
2026-01-29,22:00 - 22:59,66,santolan,exit,0.0
2026-01-29,23:00 - 23:59,6,santolan,exit,0.0
2026-01-29,00:00 - 00:59,0,santolan,exit,0.0
2026-01-29,01:00 - 01:59,0,santolan,exit,0.0
2026-01-29,02:00 - 02:59,0,santolan,exit,0.0
2026-01-30,03:00 - 03:59,0,santolan,exit,0.0
2026-01-30,04:00 - 04:59,30,santolan,exit,0.0
2026-01-30,05:00 - 05:59,343,santolan,exit,0.0
2026-01-30,06:00 - 06:59,765,santolan,exit,0.0
2026-01-30,07:00 - 07:59,1402,santolan,exit,0.0
2026-01-30,08:00 - 08:59,1140,santolan,exit,0.0
2026-01-30,09:00 - 09:59,993,santolan,exit,0.0
2026-01-30,10:00 - 10:59,653,santolan,exit,0.0
2026-01-30,11:00 - 11:59,534,santolan,exit,0.0
2026-01-30,12:00 - 12:59,531,santolan,exit,0.0
2026-01-30,13:00 - 13:59,460,santolan,exit,0.0
2026-01-30,14:00 - 14:59,317,santolan,exit,0.0
2026-01-30,15:00 - 15:59,317,santolan,exit,0.0
2026-01-30,16:00 - 16:59,347,santolan,exit,0.0
2026-01-30,17:00 - 17:59,356,santolan,exit,0.0
2026-01-30,18:00 - 18:59,352,santolan,exit,0.0
2026-01-30,19:00 - 19:59,299,santolan,exit,0.0
2026-01-30,20:00 - 20:59,165,santolan,exit,0.0
2026-01-30,21:00 - 21:59,161,santolan,exit,0.0
2026-01-30,22:00 - 22:59,66,santolan,exit,0.0
2026-01-30,23:00 - 23:59,14,santolan,exit,0.0
2026-01-30,00:00 - 00:59,0,santolan,exit,0.0
2026-01-30,01:00 - 01:59,0,santolan,exit,0.0
2026-01-30,02:00 - 02:59,0,santolan,exit,0.0
2026-01-31,03:00 - 03:59,0,santolan,exit,0.0
2026-01-31,04:00 - 04:59,15,santolan,exit,0.0
2026-01-31,05:00 - 05:59,226,santolan,exit,0.0
2026-01-31,06:00 - 06:59,423,santolan,exit,0.0
2026-01-31,07:00 - 07:59,644,santolan,exit,0.0
2026-01-31,08:00 - 08:59,619,santolan,exit,0.0
2026-01-31,09:00 - 09:59,669,santolan,exit,0.0
2026-01-31,10:00 - 10:59,533,santolan,exit,0.0
2026-01-31,11:00 - 11:59,476,santolan,exit,0.0
2026-01-31,12:00 - 12:59,503,santolan,exit,0.0
2026-01-31,13:00 - 13:59,404,santolan,exit,0.0
2026-01-31,14:00 - 14:59,340,santolan,exit,0.0
2026-01-31,15:00 - 15:59,341,santolan,exit,0.0
2026-01-31,16:00 - 16:59,260,santolan,exit,0.0
2026-01-31,17:00 - 17:59,306,santolan,exit,0.0
2026-01-31,18:00 - 18:59,245,santolan,exit,0.0
2026-01-31,19:00 - 19:59,183,santolan,exit,0.0
2026-01-31,20:00 - 20:59,154,santolan,exit,0.0
2026-01-31,21:00 - 21:59,94,santolan,exit,0.0
2026-01-31,22:00 - 22:59,41,santolan,exit,0.0
2026-01-31,23:00 - 23:59,0,santolan,exit,0.0
2026-01-31,00:00 - 00:59,0,santolan,exit,0.0
2026-01-31,01:00 - 01:59,0,santolan,exit,0.0
2026-01-31,02:00 - 02:59,0,santolan,exit,0.0
2026-01-01,03:00 - 03:59,0,ortigas,entry,0.0
2026-01-01,04:00 - 04:59,0,ortigas,entry,0.0
2026-01-01,05:00 - 05:59,0,ortigas,entry,0.0
2026-01-01,06:00 - 06:59,369,ortigas,entry,6.15
2026-01-01,07:00 - 07:59,496,ortigas,entry,8.266666666666667
2026-01-01,08:00 - 08:59,265,ortigas,entry,4.416666666666667
2026-01-01,09:00 - 09:59,246,ortigas,entry,4.1
2026-01-01,10:00 - 10:59,217,ortigas,entry,3.6166666666666667
2026-01-01,11:00 - 11:59,222,ortigas,entry,3.7
2026-01-01,12:00 - 12:59,205,ortigas,entry,3.4166666666666665
2026-01-01,13:00 - 13:59,265,ortigas,entry,4.416666666666667
2026-01-01,14:00 - 14:59,351,ortigas,entry,5.85
2026-01-01,15:00 - 15:59,532,ortigas,entry,8.866666666666667
2026-01-01,16:00 - 16:59,527,ortigas,entry,8.783333333333333
2026-01-01,17:00 - 17:59,523,ortigas,entry,8.716666666666667
2026-01-01,18:00 - 18:59,583,ortigas,entry,9.716666666666667
2026-01-01,19:00 - 19:59,529,ortigas,entry,8.816666666666666
2026-01-01,20:00 - 20:59,585,ortigas,entry,9.75
2026-01-01,21:00 - 21:59,614,ortigas,entry,10.233333333333333
2026-01-01,22:00 - 22:59,904,ortigas,entry,15.066666666666666
2026-01-01,23:00 - 23:59,110,ortigas,entry,1.8333333333333333
2026-01-01,00:00 - 00:59,0,ortigas,entry,0.0
2026-01-01,01:00 - 01:59,0,ortigas,entry,0.0
2026-01-01,02:00 - 02:59,0,ortigas,entry,0.0
2026-01-02,03:00 - 03:59,0,ortigas,entry,0.0
2026-01-02,04:00 - 04:59,50,ortigas,entry,0.8333333333333334
2026-01-02,05:00 - 05:59,213,ortigas,entry,3.55
2026-01-02,06:00 - 06:59,468,ortigas,entry,7.8
2026-01-02,07:00 - 07:59,537,ortigas,entry,8.95
2026-01-02,08:00 - 08:59,342,ortigas,entry,5.7
2026-01-02,09:00 - 09:59,312,ortigas,entry,5.2
2026-01-02,10:00 - 10:59,322,ortigas,entry,5.366666666666666
2026-01-02,11:00 - 11:59,324,ortigas,entry,5.4
2026-01-02,12:00 - 12:59,370,ortigas,entry,6.166666666666667
2026-01-02,13:00 - 13:59,398,ortigas,entry,6.633333333333334
2026-01-02,14:00 - 14:59,634,ortigas,entry,10.566666666666666
2026-01-02,15:00 - 15:59,1139,ortigas,entry,18.983333333333334
2026-01-02,16:00 - 16:59,1429,ortigas,entry,23.816666666666666
2026-01-02,17:00 - 17:59,2392,ortigas,entry,39.86666666666667
2026-01-02,18:00 - 18:59,2540,ortigas,entry,42.333333333333336
2026-01-02,19:00 - 19:59,1644,ortigas,entry,27.4
2026-01-02,20:00 - 20:59,1032,ortigas,entry,17.2
2026-01-02,21:00 - 21:59,848,ortigas,entry,14.133333333333333
2026-01-02,22:00 - 22:59,1062,ortigas,entry,17.7
2026-01-02,23:00 - 23:59,152,ortigas,entry,2.533333333333333
2026-01-02,00:00 - 00:59,0,ortigas,entry,0.0
2026-01-02,01:00 - 01:59,0,ortigas,entry,0.0
2026-01-02,02:00 - 02:59,0,ortigas,entry,0.0
2026-01-03,03:00 - 03:59,0,ortigas,entry,0.0
2026-01-03,04:00 - 04:59,38,ortigas,entry,0.6333333333333333
2026-01-03,05:00 - 05:59,236,ortigas,entry,3.933333333333333
2026-01-03,06:00 - 06:59,746,ortigas,entry,12.433333333333334
2026-01-03,07:00 - 07:59,785,ortigas,entry,13.083333333333334
2026-01-03,08:00 - 08:59,456,ortigas,entry,7.6
2026-01-03,09:00 - 09:59,476,ortigas,entry,7.933333333333334
2026-01-03,10:00 - 10:59,351,ortigas,entry,5.85
2026-01-03,11:00 - 11:59,367,ortigas,entry,6.116666666666666
2026-01-03,12:00 - 12:59,449,ortigas,entry,7.483333333333333
2026-01-03,13:00 - 13:59,454,ortigas,entry,7.566666666666666
2026-01-03,14:00 - 14:59,612,ortigas,entry,10.2
2026-01-03,15:00 - 15:59,925,ortigas,entry,15.416666666666666
2026-01-03,16:00 - 16:59,1338,ortigas,entry,22.3
2026-01-03,17:00 - 17:59,1281,ortigas,entry,21.35
2026-01-03,18:00 - 18:59,1279,ortigas,entry,21.316666666666666
2026-01-03,19:00 - 19:59,1064,ortigas,entry,17.733333333333334
2026-01-03,20:00 - 20:59,826,ortigas,entry,13.766666666666667
2026-01-03,21:00 - 21:59,750,ortigas,entry,12.5
2026-01-03,22:00 - 22:59,537,ortigas,entry,8.95
2026-01-03,23:00 - 23:59,0,ortigas,entry,0.0
2026-01-03,00:00 - 00:59,0,ortigas,entry,0.0
2026-01-03,01:00 - 01:59,0,ortigas,entry,0.0
2026-01-03,03:00 - 03:59,0,ortigas,entry,0.0
2026-01-04,03:00 - 03:59,0,ortigas,entry,0.0
2026-01-04,04:00 - 04:59,37,ortigas,entry,0.6166666666666667
2026-01-04,05:00 - 05:59,134,ortigas,entry,2.2333333333333334
2026-01-04,06:00 - 06:59,339,ortigas,entry,5.65
2026-01-04,07:00 - 07:59,424,ortigas,entry,7.066666666666666
2026-01-04,08:00 - 08:59,271,ortigas,entry,4.516666666666667
2026-01-04,09:00 - 09:59,265,ortigas,entry,4.416666666666667
2026-01-04,10:00 - 10:59,275,ortigas,entry,4.583333333333333
2026-01-04,11:00 - 11:59,304,ortigas,entry,5.066666666666666
2026-01-04,12:00 - 12:59,404,ortigas,entry,6.733333333333333
2026-01-04,13:00 - 13:59,439,ortigas,entry,7.316666666666666
2026-01-04,14:00 - 14:59,624,ortigas,entry,10.4
2026-01-04,15:00 - 15:59,802,ortigas,entry,13.366666666666667
2026-01-04,16:00 - 16:59,807,ortigas,entry,13.45
2026-01-04,17:00 - 17:59,926,ortigas,entry,15.433333333333334
2026-01-04,18:00 - 18:59,1113,ortigas,entry,18.55
2026-01-04,19:00 - 19:59,929,ortigas,entry,15.483333333333333
2026-01-04,20:00 - 20:59,767,ortigas,entry,12.783333333333333
2026-01-04,21:00 - 21:59,700,ortigas,entry,11.666666666666666
2026-01-04,22:00 - 22:59,430,ortigas,entry,7.166666666666667
2026-01-04,23:00 - 23:59,0,ortigas,entry,0.0
2026-01-04,00:00 - 00:59,0,ortigas,entry,0.0
2026-01-04,01:00 - 01:59,0,ortigas,entry,0.0
2026-01-04,02:00 - 02:59,0,ortigas,entry,0.0
2026-01-05,03:00 - 03:59,0,ortigas,entry,0.0
2026-01-05,04:00 - 04:59,85,ortigas,entry,1.4166666666666667
2026-01-05,05:00 - 05:59,355,ortigas,entry,5.916666666666667
2026-01-05,06:00 - 06:59,667,ortigas,entry,11.116666666666667
2026-01-05,07:00 - 07:59,757,ortigas,entry,12.616666666666667
2026-01-05,08:00 - 08:59,526,ortigas,entry,8.766666666666667
2026-01-05,09:00 - 09:59,589,ortigas,entry,9.816666666666666
2026-01-05,10:00 - 10:59,638,ortigas,entry,10.633333333333333
2026-01-05,11:00 - 11:59,736,ortigas,entry,12.266666666666667
2026-01-05,12:00 - 12:59,810,ortigas,entry,13.5
2026-01-05,13:00 - 13:59,839,ortigas,entry,13.983333333333333
2026-01-05,14:00 - 14:59,1148,ortigas,entry,19.133333333333333
2026-01-05,15:00 - 15:59,2024,ortigas,entry,33.733333333333334
2026-01-05,16:00 - 16:59,2786,ortigas,entry,46.43333333333333
2026-01-05,17:00 - 17:59,4371,ortigas,entry,72.85
2026-01-05,18:00 - 18:59,4450,ortigas,entry,74.16666666666667
2026-01-05,19:00 - 19:59,2808,ortigas,entry,46.8
2026-01-05,20:00 - 20:59,1658,ortigas,entry,27.633333333333333
2026-01-05,21:00 - 21:59,1061,ortigas,entry,17.683333333333334
2026-01-05,22:00 - 22:59,1072,ortigas,entry,17.866666666666667
2026-01-05,23:00 - 23:59,132,ortigas,entry,2.2
2026-01-05,00:00 - 00:59,0,ortigas,entry,0.0
2026-01-05,01:00 - 01:59,0,ortigas,entry,0.0
2026-01-05,03:00 - 03:59,0,ortigas,entry,0.0
2026-01-06,03:00 - 03:59,0,ortigas,entry,0.0
2026-01-06,04:00 - 04:59,76,ortigas,entry,1.2666666666666666
2026-01-06,05:00 - 05:59,460,ortigas,entry,7.666666666666667
2026-01-06,06:00 - 06:59,1260,ortigas,entry,21.0
2026-01-06,07:00 - 07:59,1205,ortigas,entry,20.083333333333332
2026-01-06,08:00 - 08:59,963,ortigas,entry,16.05
2026-01-06,09:00 - 09:59,836,ortigas,entry,13.933333333333334
2026-01-06,10:00 - 10:59,737,ortigas,entry,12.283333333333333
2026-01-06,11:00 - 11:59,772,ortigas,entry,12.866666666666667
2026-01-06,12:00 - 12:59,779,ortigas,entry,12.983333333333333
2026-01-06,13:00 - 13:59,785,ortigas,entry,13.083333333333334
2026-01-06,14:00 - 14:59,1249,ortigas,entry,20.816666666666666
2026-01-06,15:00 - 15:59,2040,ortigas,entry,34.0
2026-01-06,16:00 - 16:59,2983,ortigas,entry,49.71666666666667
2026-01-06,17:00 - 17:59,4355,ortigas,entry,72.58333333333333
2026-01-06,18:00 - 18:59,4474,ortigas,entry,74.56666666666666
2026-01-06,19:00 - 19:59,3050,ortigas,entry,50.833333333333336
2026-01-06,20:00 - 20:59,1661,ortigas,entry,27.683333333333334
2026-01-06,21:00 - 21:59,1165,ortigas,entry,19.416666666666668
2026-01-06,22:00 - 22:59,1080,ortigas,entry,18.0
2026-01-06,23:00 - 23:59,174,ortigas,entry,2.9
2026-01-06,00:00 - 00:59,0,ortigas,entry,0.0
2026-01-06,01:00 - 01:59,0,ortigas,entry,0.0
2026-01-06,02:00 - 02:59,0,ortigas,entry,0.0
2026-01-07,03:00 - 03:59,0,ortigas,entry,0.0
2026-01-07,04:00 - 04:59,68,ortigas,entry,1.1333333333333333
2026-01-07,05:00 - 05:59,464,ortigas,entry,7.733333333333333
2026-01-07,06:00 - 06:59,1279,ortigas,entry,21.316666666666666
2026-01-07,07:00 - 07:59,1302,ortigas,entry,21.7
2026-01-07,08:00 - 08:59,930,ortigas,entry,15.5
2026-01-07,09:00 - 09:59,819,ortigas,entry,13.65
2026-01-07,10:00 - 10:59,666,ortigas,entry,11.1
2026-01-07,11:00 - 11:59,759,ortigas,entry,12.65
2026-01-07,12:00 - 12:59,758,ortigas,entry,12.633333333333333
2026-01-07,13:00 - 13:59,885,ortigas,entry,14.75
2026-01-07,14:00 - 14:59,1221,ortigas,entry,20.35
2026-01-07,15:00 - 15:59,2119,ortigas,entry,35.31666666666667
2026-01-07,16:00 - 16:59,2957,ortigas,entry,49.28333333333333
2026-01-07,17:00 - 17:59,4594,ortigas,entry,76.56666666666666
2026-01-07,18:00 - 18:59,4625,ortigas,entry,77.08333333333333
2026-01-07,19:00 - 19:59,3009,ortigas,entry,50.15
2026-01-07,20:00 - 20:59,1679,ortigas,entry,27.983333333333334
2026-01-07,21:00 - 21:59,1262,ortigas,entry,21.033333333333335
2026-01-07,22:00 - 22:59,1040,ortigas,entry,17.333333333333332
2026-01-07,23:00 - 23:59,157,ortigas,entry,2.6166666666666667
2026-01-07,00:00 - 00:59,0,ortigas,entry,0.0
2026-01-07,01:00 - 01:59,0,ortigas,entry,0.0
2026-01-07,02:00 - 02:59,0,ortigas,entry,0.0
2026-01-08,03:00 - 03:59,0,ortigas,entry,0.0
2026-01-08,04:00 - 04:59,78,ortigas,entry,1.3
2026-01-08,05:00 - 05:59,460,ortigas,entry,7.666666666666667
2026-01-08,06:00 - 06:59,1276,ortigas,entry,21.266666666666666
2026-01-08,07:00 - 07:59,1314,ortigas,entry,21.9
2026-01-08,08:00 - 08:59,919,ortigas,entry,15.316666666666666
2026-01-08,09:00 - 09:59,744,ortigas,entry,12.4
2026-01-08,10:00 - 10:59,754,ortigas,entry,12.566666666666666
2026-01-08,11:00 - 11:59,780,ortigas,entry,13.0
2026-01-08,12:00 - 12:59,747,ortigas,entry,12.45
2026-01-08,13:00 - 13:59,785,ortigas,entry,13.083333333333334
2026-01-08,14:00 - 14:59,1150,ortigas,entry,19.166666666666668
2026-01-08,15:00 - 15:59,1967,ortigas,entry,32.78333333333333
2026-01-08,16:00 - 16:59,2913,ortigas,entry,48.55
2026-01-08,17:00 - 17:59,4442,ortigas,entry,74.03333333333333
2026-01-08,18:00 - 18:59,4347,ortigas,entry,72.45
2026-01-08,19:00 - 19:59,2991,ortigas,entry,49.85
2026-01-08,20:00 - 20:59,1740,ortigas,entry,29.0
2026-01-08,21:00 - 21:59,1251,ortigas,entry,20.85
2026-01-08,22:00 - 22:59,1099,ortigas,entry,18.316666666666666
2026-01-08,23:00 - 23:59,167,ortigas,entry,2.783333333333333
2026-01-08,00:00 - 00:59,0,ortigas,entry,0.0
2026-01-08,01:00 - 01:59,0,ortigas,entry,0.0
2026-01-08,02:00 - 02:59,0,ortigas,entry,0.0
2026-01-09,03:00 - 03:59,0,ortigas,entry,0.0
2026-01-09,04:00 - 04:59,83,ortigas,entry,1.3833333333333333
2026-01-09,05:00 - 05:59,401,ortigas,entry,6.683333333333334
2026-01-09,06:00 - 06:59,1254,ortigas,entry,20.9
2026-01-09,07:00 - 07:59,1189,ortigas,entry,19.816666666666666
2026-01-09,08:00 - 08:59,911,ortigas,entry,15.183333333333334
2026-01-09,09:00 - 09:59,711,ortigas,entry,11.85
2026-01-09,10:00 - 10:59,625,ortigas,entry,10.416666666666666
2026-01-09,11:00 - 11:59,808,ortigas,entry,13.466666666666667
2026-01-09,12:00 - 12:59,763,ortigas,entry,12.716666666666667
2026-01-09,13:00 - 13:59,885,ortigas,entry,14.75
2026-01-09,14:00 - 14:59,1178,ortigas,entry,19.633333333333333
2026-01-09,15:00 - 15:59,2187,ortigas,entry,36.45
2026-01-09,16:00 - 16:59,2830,ortigas,entry,47.166666666666664
2026-01-09,17:00 - 17:59,4016,ortigas,entry,66.93333333333334
2026-01-09,18:00 - 18:59,4035,ortigas,entry,67.25
2026-01-09,19:00 - 19:59,2850,ortigas,entry,47.5
2026-01-09,20:00 - 20:59,1814,ortigas,entry,30.233333333333334
2026-01-09,21:00 - 21:59,1439,ortigas,entry,23.983333333333334
2026-01-09,22:00 - 22:59,1225,ortigas,entry,20.416666666666668
2026-01-09,23:00 - 23:59,162,ortigas,entry,2.7
2026-01-09,00:00 - 00:59,0,ortigas,entry,0.0
2026-01-09,01:00 - 01:59,0,ortigas,entry,0.0
2026-01-09,02:00 - 02:59,0,ortigas,entry,0.0
2026-01-10,03:00 - 03:59,0,ortigas,entry,0.0
2026-01-10,04:00 - 04:59,45,ortigas,entry,0.75
2026-01-10,05:00 - 05:59,339,ortigas,entry,5.65
2026-01-10,06:00 - 06:59,983,ortigas,entry,16.383333333333333
2026-01-10,07:00 - 07:59,924,ortigas,entry,15.4
2026-01-10,08:00 - 08:59,636,ortigas,entry,10.6
2026-01-10,09:00 - 09:59,605,ortigas,entry,10.083333333333334
2026-01-10,10:00 - 10:59,476,ortigas,entry,7.933333333333334
2026-01-10,11:00 - 11:59,494,ortigas,entry,8.233333333333333
2026-01-10,12:00 - 12:59,657,ortigas,entry,10.95
2026-01-10,13:00 - 13:59,671,ortigas,entry,11.183333333333334
2026-01-10,14:00 - 14:59,839,ortigas,entry,13.983333333333333
2026-01-10,15:00 - 15:59,1356,ortigas,entry,22.6
2026-01-10,16:00 - 16:59,1838,ortigas,entry,30.633333333333333
2026-01-10,17:00 - 17:59,1795,ortigas,entry,29.916666666666668
2026-01-10,18:00 - 18:59,1755,ortigas,entry,29.25
2026-01-10,19:00 - 19:59,1367,ortigas,entry,22.783333333333335
2026-01-10,20:00 - 20:59,1043,ortigas,entry,17.383333333333333
2026-01-10,21:00 - 21:59,782,ortigas,entry,13.033333333333333
2026-01-10,22:00 - 22:59,521,ortigas,entry,8.683333333333334
2026-01-10,23:00 - 23:59,0,ortigas,entry,0.0
2026-01-10,00:00 - 00:59,0,ortigas,entry,0.0
2026-01-10,01:00 - 01:59,0,ortigas,entry,0.0
2026-01-10,02:00 - 02:59,0,ortigas,entry,0.0
2026-01-11,03:00 - 03:59,0,ortigas,entry,0.0
2026-01-11,04:00 - 04:59,24,ortigas,entry,0.4
2026-01-11,05:00 - 05:59,150,ortigas,entry,2.5
2026-01-11,06:00 - 06:59,360,ortigas,entry,6.0
2026-01-11,07:00 - 07:59,391,ortigas,entry,6.516666666666667
2026-01-11,08:00 - 08:59,302,ortigas,entry,5.033333333333333
2026-01-11,09:00 - 09:59,287,ortigas,entry,4.783333333333333
2026-01-11,10:00 - 10:59,303,ortigas,entry,5.05
2026-01-11,11:00 - 11:59,319,ortigas,entry,5.316666666666666
2026-01-11,12:00 - 12:59,377,ortigas,entry,6.283333333333333
2026-01-11,13:00 - 13:59,436,ortigas,entry,7.266666666666667
2026-01-11,14:00 - 14:59,519,ortigas,entry,8.65
2026-01-11,15:00 - 15:59,938,ortigas,entry,15.633333333333333
2026-01-11,16:00 - 16:59,924,ortigas,entry,15.4
2026-01-11,17:00 - 17:59,933,ortigas,entry,15.55
2026-01-11,18:00 - 18:59,1089,ortigas,entry,18.15
2026-01-11,19:00 - 19:59,1043,ortigas,entry,17.383333333333333
2026-01-11,20:00 - 20:59,845,ortigas,entry,14.083333333333334
2026-01-11,21:00 - 21:59,800,ortigas,entry,13.333333333333334
2026-01-11,22:00 - 22:59,475,ortigas,entry,7.916666666666667
2026-01-11,23:00 - 23:59,0,ortigas,entry,0.0
2026-01-11,00:00 - 00:59,0,ortigas,entry,0.0
2026-01-11,01:00 - 01:59,0,ortigas,entry,0.0
2026-01-11,02:00 - 02:59,0,ortigas,entry,0.0
2026-01-12,03:00 - 03:59,0,ortigas,entry,0.0
2026-01-12,04:00 - 04:59,64,ortigas,entry,1.0666666666666667
2026-01-12,05:00 - 05:59,305,ortigas,entry,5.083333333333333
2026-01-12,06:00 - 06:59,588,ortigas,entry,9.8
2026-01-12,07:00 - 07:59,780,ortigas,entry,13.0
2026-01-12,08:00 - 08:59,623,ortigas,entry,10.383333333333333
2026-01-12,09:00 - 09:59,541,ortigas,entry,9.016666666666667
2026-01-12,10:00 - 10:59,716,ortigas,entry,11.933333333333334
2026-01-12,11:00 - 11:59,747,ortigas,entry,12.45
2026-01-12,12:00 - 12:59,796,ortigas,entry,13.266666666666667
2026-01-12,13:00 - 13:59,792,ortigas,entry,13.2
2026-01-12,14:00 - 14:59,1242,ortigas,entry,20.7
2026-01-12,15:00 - 15:59,2051,ortigas,entry,34.18333333333333
2026-01-12,16:00 - 16:59,2991,ortigas,entry,49.85
2026-01-12,17:00 - 17:59,4149,ortigas,entry,69.15
2026-01-12,18:00 - 18:59,4334,ortigas,entry,72.23333333333333
2026-01-12,19:00 - 19:59,3074,ortigas,entry,51.233333333333334
2026-01-12,20:00 - 20:59,1732,ortigas,entry,28.866666666666667
2026-01-12,21:00 - 21:59,1205,ortigas,entry,20.083333333333332
2026-01-12,22:00 - 22:59,1056,ortigas,entry,17.6
2026-01-12,23:00 - 23:59,139,ortigas,entry,2.316666666666667
2026-01-12,00:00 - 00:59,0,ortigas,entry,0.0
2026-01-12,01:00 - 01:59,0,ortigas,entry,0.0
2026-01-12,02:00 - 02:59,0,ortigas,entry,0.0
2026-01-13,03:00 - 03:59,0,ortigas,entry,0.0
2026-01-13,04:00 - 04:59,89,ortigas,entry,1.4833333333333334
2026-01-13,05:00 - 05:59,474,ortigas,entry,7.9
2026-01-13,06:00 - 06:59,1199,ortigas,entry,19.983333333333334
2026-01-13,07:00 - 07:59,1273,ortigas,entry,21.216666666666665
2026-01-13,08:00 - 08:59,928,ortigas,entry,15.466666666666667
2026-01-13,09:00 - 09:59,841,ortigas,entry,14.016666666666667
2026-01-13,10:00 - 10:59,732,ortigas,entry,12.2
2026-01-13,11:00 - 11:59,855,ortigas,entry,14.25
2026-01-13,12:00 - 12:59,830,ortigas,entry,13.833333333333334
2026-01-13,13:00 - 13:59,836,ortigas,entry,13.933333333333334
2026-01-13,14:00 - 14:59,1276,ortigas,entry,21.266666666666666
2026-01-13,15:00 - 15:59,2136,ortigas,entry,35.6
2026-01-13,16:00 - 16:59,3038,ortigas,entry,50.63333333333333
2026-01-13,17:00 - 17:59,4433,ortigas,entry,73.88333333333334
2026-01-13,18:00 - 18:59,4601,ortigas,entry,76.68333333333334
2026-01-13,19:00 - 19:59,3258,ortigas,entry,54.3
2026-01-13,20:00 - 20:59,1814,ortigas,entry,30.233333333333334
2026-01-13,21:00 - 21:59,1305,ortigas,entry,21.75
2026-01-13,22:00 - 22:59,1107,ortigas,entry,18.45
2026-01-13,23:00 - 23:59,144,ortigas,entry,2.4
2026-01-13,00:00 - 00:59,0,ortigas,entry,0.0
2026-01-13,01:00 - 01:59,0,ortigas,entry,0.0
2026-01-13,02:00 - 02:59,0,ortigas,entry,0.0
2026-01-14,03:00 - 03:59,0,ortigas,entry,0.0
2026-01-14,04:00 - 04:59,66,ortigas,entry,1.1
2026-01-14,05:00 - 05:59,488,ortigas,entry,8.133333333333333
2026-01-14,06:00 - 06:59,1291,ortigas,entry,21.516666666666666
2026-01-14,07:00 - 07:59,1294,ortigas,entry,21.566666666666666
2026-01-14,08:00 - 08:59,919,ortigas,entry,15.316666666666666
2026-01-14,09:00 - 09:59,852,ortigas,entry,14.2
2026-01-14,10:00 - 10:59,746,ortigas,entry,12.433333333333334
2026-01-14,11:00 - 11:59,692,ortigas,entry,11.533333333333333
2026-01-14,12:00 - 12:59,790,ortigas,entry,13.166666666666666
2026-01-14,13:00 - 13:59,794,ortigas,entry,13.233333333333333
2026-01-14,14:00 - 14:59,1248,ortigas,entry,20.8
2026-01-14,15:00 - 15:59,2159,ortigas,entry,35.983333333333334
2026-01-14,16:00 - 16:59,3012,ortigas,entry,50.2
2026-01-14,17:00 - 17:59,4389,ortigas,entry,73.15
2026-01-14,18:00 - 18:59,4436,ortigas,entry,73.93333333333334
2026-01-14,19:00 - 19:59,3354,ortigas,entry,55.9
2026-01-14,20:00 - 20:59,1774,ortigas,entry,29.566666666666666
2026-01-14,21:00 - 21:59,1314,ortigas,entry,21.9
2026-01-14,22:00 - 22:59,1192,ortigas,entry,19.866666666666667
2026-01-14,23:00 - 23:59,135,ortigas,entry,2.25
2026-01-14,00:00 - 00:59,0,ortigas,entry,0.0
2026-01-14,01:00 - 01:59,0,ortigas,entry,0.0
2026-01-14,02:00 - 02:59,0,ortigas,entry,0.0
2026-01-15,03:00 - 03:59,0,ortigas,entry,0.0
2026-01-15,04:00 - 04:59,75,ortigas,entry,1.25
2026-01-15,05:00 - 05:59,508,ortigas,entry,8.466666666666667
2026-01-15,06:00 - 06:59,1284,ortigas,entry,21.4
2026-01-15,07:00 - 07:59,1279,ortigas,entry,21.316666666666666
2026-01-15,08:00 - 08:59,896,ortigas,entry,14.933333333333334
2026-01-15,09:00 - 09:59,790,ortigas,entry,13.166666666666666
2026-01-15,10:00 - 10:59,756,ortigas,entry,12.6
2026-01-15,11:00 - 11:59,731,ortigas,entry,12.183333333333334
2026-01-15,12:00 - 12:59,768,ortigas,entry,12.8
2026-01-15,13:00 - 13:59,814,ortigas,entry,13.566666666666666
2026-01-15,14:00 - 14:59,1176,ortigas,entry,19.6
2026-01-15,15:00 - 15:59,2147,ortigas,entry,35.78333333333333
2026-01-15,16:00 - 16:59,3015,ortigas,entry,50.25
2026-01-15,17:00 - 17:59,4303,ortigas,entry,71.71666666666667
2026-01-15,18:00 - 18:59,4573,ortigas,entry,76.21666666666667
2026-01-15,19:00 - 19:59,3155,ortigas,entry,52.583333333333336
2026-01-15,20:00 - 20:59,1900,ortigas,entry,31.666666666666668
2026-01-15,21:00 - 21:59,1331,ortigas,entry,22.183333333333334
2026-01-15,22:00 - 22:59,1163,ortigas,entry,19.383333333333333
2026-01-15,23:00 - 23:59,154,ortigas,entry,2.566666666666667
2026-01-15,00:00 - 00:59,0,ortigas,entry,0.0
2026-01-15,01:00 - 01:59,0,ortigas,entry,0.0
2026-01-15,02:00 - 02:59,0,ortigas,entry,0.0
2026-01-16,03:00 - 03:59,0,ortigas,entry,0.0
2026-01-16,04:00 - 04:59,66,ortigas,entry,1.1
2026-01-16,05:00 - 05:59,484,ortigas,entry,8.066666666666666
2026-01-16,06:00 - 06:59,1239,ortigas,entry,20.65
2026-01-16,07:00 - 07:59,1290,ortigas,entry,21.5
2026-01-16,08:00 - 08:59,935,ortigas,entry,15.583333333333334
2026-01-16,09:00 - 09:59,832,ortigas,entry,13.866666666666667
2026-01-16,10:00 - 10:59,732,ortigas,entry,12.2
2026-01-16,11:00 - 11:59,770,ortigas,entry,12.833333333333334
2026-01-16,12:00 - 12:59,811,ortigas,entry,13.516666666666667
2026-01-16,13:00 - 13:59,914,ortigas,entry,15.233333333333333
2026-01-16,14:00 - 14:59,1214,ortigas,entry,20.233333333333334
2026-01-16,15:00 - 15:59,2281,ortigas,entry,38.016666666666666
2026-01-16,16:00 - 16:59,3146,ortigas,entry,52.43333333333333
2026-01-16,17:00 - 17:59,4204,ortigas,entry,70.06666666666666
2026-01-16,18:00 - 18:59,3909,ortigas,entry,65.15
2026-01-16,19:00 - 19:59,2977,ortigas,entry,49.61666666666667
2026-01-16,20:00 - 20:59,1850,ortigas,entry,30.833333333333332
2026-01-16,21:00 - 21:59,1391,ortigas,entry,23.183333333333334
2026-01-16,22:00 - 22:59,1240,ortigas,entry,20.666666666666668
2026-01-16,23:00 - 23:59,149,ortigas,entry,2.4833333333333334
2026-01-16,00:00 - 00:59,0,ortigas,entry,0.0
2026-01-16,01:00 - 01:59,0,ortigas,entry,0.0
2026-01-16,02:00 - 02:59,0,ortigas,entry,0.0
2026-01-17,03:00 - 03:59,0,ortigas,entry,0.0
2026-01-17,04:00 - 04:59,71,ortigas,entry,1.1833333333333333
2026-01-17,05:00 - 05:59,376,ortigas,entry,6.266666666666667
2026-01-17,06:00 - 06:59,981,ortigas,entry,16.35
2026-01-17,07:00 - 07:59,891,ortigas,entry,14.85
2026-01-17,08:00 - 08:59,732,ortigas,entry,12.2
2026-01-17,09:00 - 09:59,596,ortigas,entry,9.933333333333334
2026-01-17,10:00 - 10:59,464,ortigas,entry,7.733333333333333
2026-01-17,11:00 - 11:59,582,ortigas,entry,9.7
2026-01-17,12:00 - 12:59,676,ortigas,entry,11.266666666666667
2026-01-17,13:00 - 13:59,714,ortigas,entry,11.9
2026-01-17,14:00 - 14:59,874,ortigas,entry,14.566666666666666
2026-01-17,15:00 - 15:59,1355,ortigas,entry,22.583333333333332
2026-01-17,16:00 - 16:59,1996,ortigas,entry,33.266666666666666
2026-01-17,17:00 - 17:59,1852,ortigas,entry,30.866666666666667
2026-01-17,18:00 - 18:59,1650,ortigas,entry,27.5
2026-01-17,19:00 - 19:59,1328,ortigas,entry,22.133333333333333
2026-01-17,20:00 - 20:59,1058,ortigas,entry,17.633333333333333
2026-01-17,21:00 - 21:59,768,ortigas,entry,12.8
2026-01-17,22:00 - 22:59,490,ortigas,entry,8.166666666666666
2026-01-17,23:00 - 23:59,0,ortigas,entry,0.0
2026-01-17,00:00 - 00:59,0,ortigas,entry,0.0
2026-01-17,01:00 - 01:59,0,ortigas,entry,0.0
2026-01-17,02:00 - 02:59,0,ortigas,entry,0.0
2026-01-18,03:00 - 03:59,0,ortigas,entry,0.0
2026-01-18,04:00 - 04:59,49,ortigas,entry,0.8166666666666667
2026-01-18,05:00 - 05:59,143,ortigas,entry,2.3833333333333333
2026-01-18,06:00 - 06:59,337,ortigas,entry,5.616666666666666
2026-01-18,07:00 - 07:59,404,ortigas,entry,6.733333333333333
2026-01-18,08:00 - 08:59,252,ortigas,entry,4.2
2026-01-18,09:00 - 09:59,311,ortigas,entry,5.183333333333334
2026-01-18,10:00 - 10:59,284,ortigas,entry,4.733333333333333
2026-01-18,11:00 - 11:59,317,ortigas,entry,5.283333333333333
2026-01-18,12:00 - 12:59,388,ortigas,entry,6.466666666666667
2026-01-18,13:00 - 13:59,510,ortigas,entry,8.5
2026-01-18,14:00 - 14:59,637,ortigas,entry,10.616666666666667
2026-01-18,15:00 - 15:59,838,ortigas,entry,13.966666666666667
2026-01-18,16:00 - 16:59,907,ortigas,entry,15.116666666666667
2026-01-18,17:00 - 17:59,919,ortigas,entry,15.316666666666666
2026-01-18,18:00 - 18:59,1101,ortigas,entry,18.35
2026-01-18,19:00 - 19:59,1038,ortigas,entry,17.3
2026-01-18,20:00 - 20:59,826,ortigas,entry,13.766666666666667
2026-01-18,21:00 - 21:59,706,ortigas,entry,11.766666666666667
2026-01-18,22:00 - 22:59,428,ortigas,entry,7.133333333333334
2026-01-18,23:00 - 23:59,0,ortigas,entry,0.0
2026-01-18,00:00 - 00:59,0,ortigas,entry,0.0
2026-01-18,01:00 - 01:59,0,ortigas,entry,0.0
2026-01-18,02:00 - 02:59,0,ortigas,entry,0.0
2026-01-19,03:00 - 03:59,0,ortigas,entry,0.0
2026-01-19,04:00 - 04:59,74,ortigas,entry,1.2333333333333334
2026-01-19,05:00 - 05:59,325,ortigas,entry,5.416666666666667
2026-01-19,06:00 - 06:59,589,ortigas,entry,9.816666666666666
2026-01-19,07:00 - 07:59,770,ortigas,entry,12.833333333333334
2026-01-19,08:00 - 08:59,614,ortigas,entry,10.233333333333333
2026-01-19,09:00 - 09:59,593,ortigas,entry,9.883333333333333
2026-01-19,10:00 - 10:59,739,ortigas,entry,12.316666666666666
2026-01-19,11:00 - 11:59,775,ortigas,entry,12.916666666666666
2026-01-19,12:00 - 12:59,758,ortigas,entry,12.633333333333333
2026-01-19,13:00 - 13:59,837,ortigas,entry,13.95
2026-01-19,14:00 - 14:59,1258,ortigas,entry,20.966666666666665
2026-01-19,15:00 - 15:59,1944,ortigas,entry,32.4
2026-01-19,16:00 - 16:59,2947,ortigas,entry,49.11666666666667
2026-01-19,17:00 - 17:59,4300,ortigas,entry,71.66666666666667
2026-01-19,18:00 - 18:59,4319,ortigas,entry,71.98333333333333
2026-01-19,19:00 - 19:59,3068,ortigas,entry,51.13333333333333
2026-01-19,20:00 - 20:59,1661,ortigas,entry,27.683333333333334
2026-01-19,21:00 - 21:59,1148,ortigas,entry,19.133333333333333
2026-01-19,22:00 - 22:59,1023,ortigas,entry,17.05
2026-01-19,23:00 - 23:59,141,ortigas,entry,2.35
2026-01-19,00:00 - 00:59,0,ortigas,entry,0.0
2026-01-19,01:00 - 01:59,0,ortigas,entry,0.0
2026-01-19,02:00 - 02:59,0,ortigas,entry,0.0
2026-01-20,03:00 - 03:59,0,ortigas,entry,0.0
2026-01-20,04:00 - 04:59,76,ortigas,entry,1.2666666666666666
2026-01-20,05:00 - 05:59,469,ortigas,entry,7.816666666666666
2026-01-20,06:00 - 06:59,1083,ortigas,entry,18.05
2026-01-20,07:00 - 07:59,1142,ortigas,entry,19.033333333333335
2026-01-20,08:00 - 08:59,838,ortigas,entry,13.966666666666667
2026-01-20,09:00 - 09:59,733,ortigas,entry,12.216666666666667
2026-01-20,10:00 - 10:59,746,ortigas,entry,12.433333333333334
2026-01-20,11:00 - 11:59,753,ortigas,entry,12.55
2026-01-20,12:00 - 12:59,843,ortigas,entry,14.05
2026-01-20,13:00 - 13:59,833,ortigas,entry,13.883333333333333
2026-01-20,14:00 - 14:59,1207,ortigas,entry,20.116666666666667
2026-01-20,15:00 - 15:59,2061,ortigas,entry,34.35
2026-01-20,16:00 - 16:59,2945,ortigas,entry,49.083333333333336
2026-01-20,17:00 - 17:59,4447,ortigas,entry,74.11666666666666
2026-01-20,18:00 - 18:59,4519,ortigas,entry,75.31666666666666
2026-01-20,19:00 - 19:59,3299,ortigas,entry,54.983333333333334
2026-01-20,20:00 - 20:59,1855,ortigas,entry,30.916666666666668
2026-01-20,21:00 - 21:59,1235,ortigas,entry,20.583333333333332
2026-01-20,22:00 - 22:59,1080,ortigas,entry,18.0
2026-01-20,23:00 - 23:59,163,ortigas,entry,2.716666666666667
2026-01-20,00:00 - 00:59,0,ortigas,entry,0.0
2026-01-20,01:00 - 01:59,0,ortigas,entry,0.0
2026-01-20,02:00 - 02:59,0,ortigas,entry,0.0
2026-01-21,03:00 - 03:59,0,ortigas,entry,0.0
2026-01-21,04:00 - 04:59,70,ortigas,entry,1.1666666666666667
2026-01-21,05:00 - 05:59,501,ortigas,entry,8.35
2026-01-21,06:00 - 06:59,1282,ortigas,entry,21.366666666666667
2026-01-21,07:00 - 07:59,1230,ortigas,entry,20.5
2026-01-21,08:00 - 08:59,961,ortigas,entry,16.016666666666666
2026-01-21,09:00 - 09:59,840,ortigas,entry,14.0
2026-01-21,10:00 - 10:59,695,ortigas,entry,11.583333333333334
2026-01-21,11:00 - 11:59,728,ortigas,entry,12.133333333333333
2026-01-21,12:00 - 12:59,769,ortigas,entry,12.816666666666666
2026-01-21,13:00 - 13:59,807,ortigas,entry,13.45
2026-01-21,14:00 - 14:59,1164,ortigas,entry,19.4
2026-01-21,15:00 - 15:59,2117,ortigas,entry,35.28333333333333
2026-01-21,16:00 - 16:59,3069,ortigas,entry,51.15
2026-01-21,17:00 - 17:59,4631,ortigas,entry,77.18333333333334
2026-01-21,18:00 - 18:59,4670,ortigas,entry,77.83333333333333
2026-01-21,19:00 - 19:59,3201,ortigas,entry,53.35
2026-01-21,20:00 - 20:59,1865,ortigas,entry,31.083333333333332
2026-01-21,21:00 - 21:59,1201,ortigas,entry,20.016666666666666
2026-01-21,22:00 - 22:59,1067,ortigas,entry,17.783333333333335
2026-01-21,23:00 - 23:59,136,ortigas,entry,2.2666666666666666
2026-01-21,00:00 - 00:59,0,ortigas,entry,0.0
2026-01-21,01:00 - 01:59,0,ortigas,entry,0.0
2026-01-21,02:00 - 02:59,0,ortigas,entry,0.0
2026-01-22,03:00 - 03:59,0,ortigas,entry,0.0
2026-01-22,04:00 - 04:59,65,ortigas,entry,1.0833333333333333
2026-01-22,05:00 - 05:59,505,ortigas,entry,8.416666666666666
2026-01-22,06:00 - 06:59,1287,ortigas,entry,21.45
2026-01-22,07:00 - 07:59,1246,ortigas,entry,20.766666666666666
2026-01-22,08:00 - 08:59,890,ortigas,entry,14.833333333333334
2026-01-22,09:00 - 09:59,807,ortigas,entry,13.45
2026-01-22,10:00 - 10:59,711,ortigas,entry,11.85
2026-01-22,11:00 - 11:59,706,ortigas,entry,11.766666666666667
2026-01-22,12:00 - 12:59,739,ortigas,entry,12.316666666666666
2026-01-22,13:00 - 13:59,813,ortigas,entry,13.55
2026-01-22,14:00 - 14:59,1174,ortigas,entry,19.566666666666666
2026-01-22,15:00 - 15:59,2090,ortigas,entry,34.833333333333336
2026-01-22,16:00 - 16:59,3012,ortigas,entry,50.2
2026-01-22,17:00 - 17:59,4493,ortigas,entry,74.88333333333334
2026-01-22,18:00 - 18:59,3901,ortigas,entry,65.01666666666667
2026-01-22,19:00 - 19:59,3465,ortigas,entry,57.75
2026-01-22,20:00 - 20:59,1845,ortigas,entry,30.75
2026-01-22,21:00 - 21:59,1299,ortigas,entry,21.65
2026-01-22,22:00 - 22:59,1038,ortigas,entry,17.3
2026-01-22,23:00 - 23:59,113,ortigas,entry,1.8833333333333333
2026-01-22,00:00 - 00:59,0,ortigas,entry,0.0
2026-01-22,01:00 - 01:59,0,ortigas,entry,0.0
2026-01-22,02:00 - 02:59,0,ortigas,entry,0.0
2026-01-23,03:00 - 03:59,0,ortigas,entry,0.0
2026-01-23,04:00 - 04:59,61,ortigas,entry,1.0166666666666666
2026-01-23,05:00 - 05:59,489,ortigas,entry,8.15
2026-01-23,06:00 - 06:59,1259,ortigas,entry,20.983333333333334
2026-01-23,07:00 - 07:59,1279,ortigas,entry,21.316666666666666
2026-01-23,08:00 - 08:59,877,ortigas,entry,14.616666666666667
2026-01-23,09:00 - 09:59,797,ortigas,entry,13.283333333333333
2026-01-23,10:00 - 10:59,763,ortigas,entry,12.716666666666667
2026-01-23,11:00 - 11:59,797,ortigas,entry,13.283333333333333
2026-01-23,12:00 - 12:59,848,ortigas,entry,14.133333333333333
2026-01-23,13:00 - 13:59,881,ortigas,entry,14.683333333333334
2026-01-23,14:00 - 14:59,1219,ortigas,entry,20.316666666666666
2026-01-23,15:00 - 15:59,2258,ortigas,entry,37.63333333333333
2026-01-23,16:00 - 16:59,3036,ortigas,entry,50.6
2026-01-23,17:00 - 17:59,4244,ortigas,entry,70.73333333333333
2026-01-23,18:00 - 18:59,4063,ortigas,entry,67.71666666666667
2026-01-23,19:00 - 19:59,3025,ortigas,entry,50.416666666666664
2026-01-23,20:00 - 20:59,1939,ortigas,entry,32.31666666666667
2026-01-23,21:00 - 21:59,1393,ortigas,entry,23.216666666666665
2026-01-23,22:00 - 22:59,1192,ortigas,entry,19.866666666666667
2026-01-23,23:00 - 23:59,150,ortigas,entry,2.5
2026-01-23,00:00 - 00:59,0,ortigas,entry,0.0
2026-01-23,01:00 - 01:59,0,ortigas,entry,0.0
2026-01-23,02:00 - 02:59,0,ortigas,entry,0.0
2026-01-24,03:00 - 03:59,0,ortigas,entry,0.0
2026-01-24,04:00 - 04:59,62,ortigas,entry,1.0333333333333334
2026-01-24,05:00 - 05:59,428,ortigas,entry,7.133333333333334
2026-01-24,06:00 - 06:59,939,ortigas,entry,15.65
2026-01-24,07:00 - 07:59,925,ortigas,entry,15.416666666666666
2026-01-24,08:00 - 08:59,693,ortigas,entry,11.55
2026-01-24,09:00 - 09:59,574,ortigas,entry,9.566666666666666
2026-01-24,10:00 - 10:59,535,ortigas,entry,8.916666666666666
2026-01-24,11:00 - 11:59,549,ortigas,entry,9.15
2026-01-24,12:00 - 12:59,711,ortigas,entry,11.85
2026-01-24,13:00 - 13:59,676,ortigas,entry,11.266666666666667
2026-01-24,14:00 - 14:59,862,ortigas,entry,14.366666666666667
2026-01-24,15:00 - 15:59,1390,ortigas,entry,23.166666666666668
2026-01-24,16:00 - 16:59,1864,ortigas,entry,31.066666666666666
2026-01-24,17:00 - 17:59,1779,ortigas,entry,29.65
2026-01-24,18:00 - 18:59,1748,ortigas,entry,29.133333333333333
2026-01-24,19:00 - 19:59,1305,ortigas,entry,21.75
2026-01-24,20:00 - 20:59,1018,ortigas,entry,16.966666666666665
2026-01-24,21:00 - 21:59,723,ortigas,entry,12.05
2026-01-24,22:00 - 22:59,449,ortigas,entry,7.483333333333333
2026-01-24,23:00 - 23:59,0,ortigas,entry,0.0
2026-01-24,00:00 - 00:59,0,ortigas,entry,0.0
2026-01-24,01:00 - 01:59,0,ortigas,entry,0.0
2026-01-24,02:00 - 02:59,0,ortigas,entry,0.0
2026-01-25,03:00 - 03:59,0,ortigas,entry,0.0
2026-01-25,04:00 - 04:59,35,ortigas,entry,0.5833333333333334
2026-01-25,05:00 - 05:59,164,ortigas,entry,2.7333333333333334
2026-01-25,06:00 - 06:59,379,ortigas,entry,6.316666666666666
2026-01-25,07:00 - 07:59,452,ortigas,entry,7.533333333333333
2026-01-25,08:00 - 08:59,287,ortigas,entry,4.783333333333333
2026-01-25,09:00 - 09:59,319,ortigas,entry,5.316666666666666
2026-01-25,10:00 - 10:59,313,ortigas,entry,5.216666666666667
2026-01-25,11:00 - 11:59,331,ortigas,entry,5.516666666666667
2026-01-25,12:00 - 12:59,387,ortigas,entry,6.45
2026-01-25,13:00 - 13:59,446,ortigas,entry,7.433333333333334
2026-01-25,14:00 - 14:59,586,ortigas,entry,9.766666666666667
2026-01-25,15:00 - 15:59,921,ortigas,entry,15.35
2026-01-25,16:00 - 16:59,868,ortigas,entry,14.466666666666667
2026-01-25,17:00 - 17:59,918,ortigas,entry,15.3
2026-01-25,18:00 - 18:59,1102,ortigas,entry,18.366666666666667
2026-01-25,19:00 - 19:59,921,ortigas,entry,15.35
2026-01-25,20:00 - 20:59,831,ortigas,entry,13.85
2026-01-25,21:00 - 21:59,639,ortigas,entry,10.65
2026-01-25,22:00 - 22:59,432,ortigas,entry,7.2
2026-01-25,23:00 - 23:59,0,ortigas,entry,0.0
2026-01-25,00:00 - 00:59,0,ortigas,entry,0.0
2026-01-25,01:00 - 01:59,0,ortigas,entry,0.0
2026-01-25,02:00 - 02:59,0,ortigas,entry,0.0
2026-01-26,03:00 - 03:59,0,ortigas,entry,0.0
2026-01-26,04:00 - 04:59,69,ortigas,entry,1.15
2026-01-26,05:00 - 05:59,351,ortigas,entry,5.85
2026-01-26,06:00 - 06:59,638,ortigas,entry,10.633333333333333
2026-01-26,07:00 - 07:59,785,ortigas,entry,13.083333333333334
2026-01-26,08:00 - 08:59,598,ortigas,entry,9.966666666666667
2026-01-26,09:00 - 09:59,578,ortigas,entry,9.633333333333333
2026-01-26,10:00 - 10:59,713,ortigas,entry,11.883333333333333
2026-01-26,11:00 - 11:59,705,ortigas,entry,11.75
2026-01-26,12:00 - 12:59,790,ortigas,entry,13.166666666666666
2026-01-26,13:00 - 13:59,845,ortigas,entry,14.083333333333334
2026-01-26,14:00 - 14:59,1130,ortigas,entry,18.833333333333332
2026-01-26,15:00 - 15:59,1853,ortigas,entry,30.883333333333333
2026-01-26,16:00 - 16:59,2806,ortigas,entry,46.766666666666666
2026-01-26,17:00 - 17:59,4325,ortigas,entry,72.08333333333333
2026-01-26,18:00 - 18:59,4241,ortigas,entry,70.68333333333334
2026-01-26,19:00 - 19:59,3002,ortigas,entry,50.03333333333333
2026-01-26,20:00 - 20:59,1693,ortigas,entry,28.216666666666665
2026-01-26,21:00 - 21:59,1061,ortigas,entry,17.683333333333334
2026-01-26,22:00 - 22:59,980,ortigas,entry,16.333333333333332
2026-01-26,23:00 - 23:59,157,ortigas,entry,2.6166666666666667
2026-01-26,00:00 - 00:59,0,ortigas,entry,0.0
2026-01-26,01:00 - 01:59,0,ortigas,entry,0.0
2026-01-26,02:00 - 02:59,0,ortigas,entry,0.0
2026-01-27,03:00 - 03:59,0,ortigas,entry,0.0
2026-01-27,04:00 - 04:59,73,ortigas,entry,1.2166666666666666
2026-01-27,05:00 - 05:59,504,ortigas,entry,8.4
2026-01-27,06:00 - 06:59,1248,ortigas,entry,20.8
2026-01-27,07:00 - 07:59,1223,ortigas,entry,20.383333333333333
2026-01-27,08:00 - 08:59,957,ortigas,entry,15.95
2026-01-27,09:00 - 09:59,837,ortigas,entry,13.95
2026-01-27,10:00 - 10:59,740,ortigas,entry,12.333333333333334
2026-01-27,11:00 - 11:59,784,ortigas,entry,13.066666666666666
2026-01-27,12:00 - 12:59,780,ortigas,entry,13.0
2026-01-27,13:00 - 13:59,795,ortigas,entry,13.25
2026-01-27,14:00 - 14:59,1255,ortigas,entry,20.916666666666668
2026-01-27,15:00 - 15:59,2097,ortigas,entry,34.95
2026-01-27,16:00 - 16:59,2931,ortigas,entry,48.85
2026-01-27,17:00 - 17:59,4544,ortigas,entry,75.73333333333333
2026-01-27,18:00 - 18:59,4655,ortigas,entry,77.58333333333333
2026-01-27,19:00 - 19:59,3251,ortigas,entry,54.18333333333333
2026-01-27,20:00 - 20:59,1911,ortigas,entry,31.85
2026-01-27,21:00 - 21:59,1181,ortigas,entry,19.683333333333334
2026-01-27,22:00 - 22:59,1082,ortigas,entry,18.033333333333335
2026-01-27,23:00 - 23:59,156,ortigas,entry,2.6
2026-01-27,00:00 - 00:59,0,ortigas,entry,0.0
2026-01-27,01:00 - 01:59,0,ortigas,entry,0.0
2026-01-27,02:00 - 02:59,0,ortigas,entry,0.0
2026-01-28,03:00 - 03:59,0,ortigas,entry,0.0
2026-01-28,04:00 - 04:59,73,ortigas,entry,1.2166666666666666
2026-01-28,05:00 - 05:59,483,ortigas,entry,8.05
2026-01-28,06:00 - 06:59,1296,ortigas,entry,21.6
2026-01-28,07:00 - 07:59,1233,ortigas,entry,20.55
2026-01-28,08:00 - 08:59,976,ortigas,entry,16.266666666666666
2026-01-28,09:00 - 09:59,826,ortigas,entry,13.766666666666667
2026-01-28,10:00 - 10:59,728,ortigas,entry,12.133333333333333
2026-01-28,11:00 - 11:59,807,ortigas,entry,13.45
2026-01-28,12:00 - 12:59,752,ortigas,entry,12.533333333333333
2026-01-28,13:00 - 13:59,789,ortigas,entry,13.15
2026-01-28,14:00 - 14:59,1217,ortigas,entry,20.283333333333335
2026-01-28,15:00 - 15:59,2146,ortigas,entry,35.766666666666666
2026-01-28,16:00 - 16:59,3065,ortigas,entry,51.083333333333336
2026-01-28,17:00 - 17:59,4480,ortigas,entry,74.66666666666667
2026-01-28,18:00 - 18:59,4539,ortigas,entry,75.65
2026-01-28,19:00 - 19:59,3160,ortigas,entry,52.666666666666664
2026-01-28,20:00 - 20:59,1952,ortigas,entry,32.53333333333333
2026-01-28,21:00 - 21:59,1304,ortigas,entry,21.733333333333334
2026-01-28,22:00 - 22:59,1098,ortigas,entry,18.3
2026-01-28,23:00 - 23:59,145,ortigas,entry,2.4166666666666665
2026-01-28,00:00 - 00:59,0,ortigas,entry,0.0
2026-01-28,01:00 - 01:59,0,ortigas,entry,0.0
2026-01-28,02:00 - 02:59,0,ortigas,entry,0.0
2026-01-29,03:00 - 03:59,0,ortigas,entry,0.0
2026-01-29,04:00 - 04:59,67,ortigas,entry,1.1166666666666667
2026-01-29,05:00 - 05:59,517,ortigas,entry,8.616666666666667
2026-01-29,06:00 - 06:59,1302,ortigas,entry,21.7
2026-01-29,07:00 - 07:59,1279,ortigas,entry,21.316666666666666
2026-01-29,08:00 - 08:59,919,ortigas,entry,15.316666666666666
2026-01-29,09:00 - 09:59,834,ortigas,entry,13.9
2026-01-29,10:00 - 10:59,722,ortigas,entry,12.033333333333333
2026-01-29,11:00 - 11:59,731,ortigas,entry,12.183333333333334
2026-01-29,12:00 - 12:59,808,ortigas,entry,13.466666666666667
2026-01-29,13:00 - 13:59,816,ortigas,entry,13.6
2026-01-29,14:00 - 14:59,1140,ortigas,entry,19.0
2026-01-29,15:00 - 15:59,2025,ortigas,entry,33.75
2026-01-29,16:00 - 16:59,2922,ortigas,entry,48.7
2026-01-29,17:00 - 17:59,4321,ortigas,entry,72.01666666666667
2026-01-29,18:00 - 18:59,4525,ortigas,entry,75.41666666666667
2026-01-29,19:00 - 19:59,3128,ortigas,entry,52.13333333333333
2026-01-29,20:00 - 20:59,1850,ortigas,entry,30.833333333333332
2026-01-29,21:00 - 21:59,1327,ortigas,entry,22.116666666666667
2026-01-29,22:00 - 22:59,1148,ortigas,entry,19.133333333333333
2026-01-29,23:00 - 23:59,145,ortigas,entry,2.4166666666666665
2026-01-29,00:00 - 00:59,0,ortigas,entry,0.0
2026-01-29,01:00 - 01:59,0,ortigas,entry,0.0
2026-01-29,02:00 - 02:59,0,ortigas,entry,0.0
2026-01-30,03:00 - 03:59,0,ortigas,entry,0.0
2026-01-30,04:00 - 04:59,67,ortigas,entry,1.1166666666666667
2026-01-30,05:00 - 05:59,493,ortigas,entry,8.216666666666667
2026-01-30,06:00 - 06:59,1280,ortigas,entry,21.333333333333332
2026-01-30,07:00 - 07:59,1206,ortigas,entry,20.1
2026-01-30,08:00 - 08:59,882,ortigas,entry,14.7
2026-01-30,09:00 - 09:59,812,ortigas,entry,13.533333333333333
2026-01-30,10:00 - 10:59,694,ortigas,entry,11.566666666666666
2026-01-30,11:00 - 11:59,648,ortigas,entry,10.8
2026-01-30,12:00 - 12:59,866,ortigas,entry,14.433333333333334
2026-01-30,13:00 - 13:59,878,ortigas,entry,14.633333333333333
2026-01-30,14:00 - 14:59,1255,ortigas,entry,20.916666666666668
2026-01-30,15:00 - 15:59,2195,ortigas,entry,36.583333333333336
2026-01-30,16:00 - 16:59,3098,ortigas,entry,51.63333333333333
2026-01-30,17:00 - 17:59,4073,ortigas,entry,67.88333333333334
2026-01-30,18:00 - 18:59,4248,ortigas,entry,70.8
2026-01-30,19:00 - 19:59,3076,ortigas,entry,51.266666666666666
2026-01-30,20:00 - 20:59,1990,ortigas,entry,33.166666666666664
2026-01-30,21:00 - 21:59,1386,ortigas,entry,23.1
2026-01-30,22:00 - 22:59,1305,ortigas,entry,21.75
2026-01-30,23:00 - 23:59,170,ortigas,entry,2.8333333333333335
2026-01-30,00:00 - 00:59,0,ortigas,entry,0.0
2026-01-30,01:00 - 01:59,0,ortigas,entry,0.0
2026-01-30,02:00 - 02:59,0,ortigas,entry,0.0
2026-01-31,03:00 - 03:59,0,ortigas,entry,0.0
2026-01-31,04:00 - 04:59,53,ortigas,entry,0.8833333333333333
2026-01-31,05:00 - 05:59,397,ortigas,entry,6.616666666666666
2026-01-31,06:00 - 06:59,1016,ortigas,entry,16.933333333333334
2026-01-31,07:00 - 07:59,959,ortigas,entry,15.983333333333333
2026-01-31,08:00 - 08:59,690,ortigas,entry,11.5
2026-01-31,09:00 - 09:59,545,ortigas,entry,9.083333333333334
2026-01-31,10:00 - 10:59,557,ortigas,entry,9.283333333333333
2026-01-31,11:00 - 11:59,490,ortigas,entry,8.166666666666666
2026-01-31,12:00 - 12:59,670,ortigas,entry,11.166666666666666
2026-01-31,13:00 - 13:59,653,ortigas,entry,10.883333333333333
2026-01-31,14:00 - 14:59,829,ortigas,entry,13.816666666666666
2026-01-31,15:00 - 15:59,1292,ortigas,entry,21.533333333333335
2026-01-31,16:00 - 16:59,1899,ortigas,entry,31.65
2026-01-31,17:00 - 17:59,1770,ortigas,entry,29.5
2026-01-31,18:00 - 18:59,1701,ortigas,entry,28.35
2026-01-31,19:00 - 19:59,1363,ortigas,entry,22.716666666666665
2026-01-31,20:00 - 20:59,1122,ortigas,entry,18.7
2026-01-31,21:00 - 21:59,865,ortigas,entry,14.416666666666666
2026-01-31,22:00 - 22:59,476,ortigas,entry,7.933333333333334
2026-01-31,23:00 - 23:59,0,ortigas,entry,0.0
2026-01-31,00:00 - 00:59,0,ortigas,entry,0.0
2026-01-31,01:00 - 01:59,0,ortigas,entry,0.0
2026-01-31,02:00 - 02:59,0,ortigas,entry,0.0
2026-01-01,03:00 - 03:59,0,ortigas,exit,0.0
2026-01-01,04:00 - 04:59,0,ortigas,exit,0.0
2026-01-01,05:00 - 05:59,0,ortigas,exit,0.0
2026-01-01,06:00 - 06:59,193,ortigas,exit,0.0
2026-01-01,07:00 - 07:59,388,ortigas,exit,0.0
2026-01-01,08:00 - 08:59,345,ortigas,exit,0.0
2026-01-01,09:00 - 09:59,418,ortigas,exit,0.0
2026-01-01,10:00 - 10:59,511,ortigas,exit,0.0
2026-01-01,11:00 - 11:59,823,ortigas,exit,0.0
2026-01-01,12:00 - 12:59,699,ortigas,exit,0.0
2026-01-01,13:00 - 13:59,637,ortigas,exit,0.0
2026-01-01,14:00 - 14:59,459,ortigas,exit,0.0
2026-01-01,15:00 - 15:59,580,ortigas,exit,0.0
2026-01-01,16:00 - 16:59,577,ortigas,exit,0.0
2026-01-01,17:00 - 17:59,595,ortigas,exit,0.0
2026-01-01,18:00 - 18:59,448,ortigas,exit,0.0
2026-01-01,19:00 - 19:59,403,ortigas,exit,0.0
2026-01-01,20:00 - 20:59,434,ortigas,exit,0.0
2026-01-01,21:00 - 21:59,384,ortigas,exit,0.0
2026-01-01,22:00 - 22:59,191,ortigas,exit,0.0
2026-01-01,23:00 - 23:59,38,ortigas,exit,0.0
2026-01-01,00:00 - 00:59,0,ortigas,exit,0.0
2026-01-01,01:00 - 01:59,0,ortigas,exit,0.0
2026-01-01,02:00 - 02:59,0,ortigas,exit,0.0
2026-01-02,03:00 - 03:59,0,ortigas,exit,0.0
2026-01-02,04:00 - 04:59,122,ortigas,exit,0.0
2026-01-02,05:00 - 05:59,1001,ortigas,exit,0.0
2026-01-02,06:00 - 06:59,1750,ortigas,exit,0.0
2026-01-02,07:00 - 07:59,2454,ortigas,exit,0.0
2026-01-02,08:00 - 08:59,2031,ortigas,exit,0.0
2026-01-02,09:00 - 09:59,1430,ortigas,exit,0.0
2026-01-02,10:00 - 10:59,873,ortigas,exit,0.0
2026-01-02,11:00 - 11:59,1110,ortigas,exit,0.0
2026-01-02,12:00 - 12:59,1124,ortigas,exit,0.0
2026-01-02,13:00 - 13:59,992,ortigas,exit,0.0
2026-01-02,14:00 - 14:59,740,ortigas,exit,0.0
2026-01-02,15:00 - 15:59,716,ortigas,exit,0.0
2026-01-02,16:00 - 16:59,809,ortigas,exit,0.0
2026-01-02,17:00 - 17:59,810,ortigas,exit,0.0
2026-01-02,18:00 - 18:59,743,ortigas,exit,0.0
2026-01-02,19:00 - 19:59,778,ortigas,exit,0.0
2026-01-02,20:00 - 20:59,951,ortigas,exit,0.0
2026-01-02,21:00 - 21:59,608,ortigas,exit,0.0
2026-01-02,22:00 - 22:59,239,ortigas,exit,0.0
2026-01-02,23:00 - 23:59,66,ortigas,exit,0.0
2026-01-02,00:00 - 00:59,0,ortigas,exit,0.0
2026-01-02,01:00 - 01:59,0,ortigas,exit,0.0
2026-01-02,02:00 - 02:59,0,ortigas,exit,0.0
2026-01-03,03:00 - 03:59,0,ortigas,exit,0.0
2026-01-03,04:00 - 04:59,65,ortigas,exit,0.0
2026-01-03,05:00 - 05:59,711,ortigas,exit,0.0
2026-01-03,06:00 - 06:59,932,ortigas,exit,0.0
2026-01-03,07:00 - 07:59,1057,ortigas,exit,0.0
2026-01-03,08:00 - 08:59,1094,ortigas,exit,0.0
2026-01-03,09:00 - 09:59,1164,ortigas,exit,0.0
2026-01-03,10:00 - 10:59,928,ortigas,exit,0.0
2026-01-03,11:00 - 11:59,1050,ortigas,exit,0.0
2026-01-03,12:00 - 12:59,1157,ortigas,exit,0.0
2026-01-03,13:00 - 13:59,946,ortigas,exit,0.0
2026-01-03,14:00 - 14:59,804,ortigas,exit,0.0
2026-01-03,15:00 - 15:59,774,ortigas,exit,0.0
2026-01-03,16:00 - 16:59,738,ortigas,exit,0.0
2026-01-03,17:00 - 17:59,786,ortigas,exit,0.0
2026-01-03,18:00 - 18:59,587,ortigas,exit,0.0
2026-01-03,19:00 - 19:59,525,ortigas,exit,0.0
2026-01-03,20:00 - 20:59,475,ortigas,exit,0.0
2026-01-03,21:00 - 21:59,381,ortigas,exit,0.0
2026-01-03,22:00 - 22:59,114,ortigas,exit,0.0
2026-01-03,23:00 - 23:59,0,ortigas,exit,0.0
2026-01-03,00:00 - 00:59,0,ortigas,exit,0.0
2026-01-03,01:00 - 01:59,0,ortigas,exit,0.0
2026-01-03,03:00 - 03:59,0,ortigas,exit,0.0
2026-01-04,03:00 - 03:59,0,ortigas,exit,0.0
2026-01-04,04:00 - 04:59,50,ortigas,exit,0.0
2026-01-04,05:00 - 05:59,521,ortigas,exit,0.0
2026-01-04,06:00 - 06:59,539,ortigas,exit,0.0
2026-01-04,07:00 - 07:59,657,ortigas,exit,0.0
2026-01-04,08:00 - 08:59,837,ortigas,exit,0.0
2026-01-04,09:00 - 09:59,1082,ortigas,exit,0.0
2026-01-04,10:00 - 10:59,919,ortigas,exit,0.0
2026-01-04,11:00 - 11:59,975,ortigas,exit,0.0
2026-01-04,12:00 - 12:59,1057,ortigas,exit,0.0
2026-01-04,13:00 - 13:59,1105,ortigas,exit,0.0
2026-01-04,14:00 - 14:59,861,ortigas,exit,0.0
2026-01-04,15:00 - 15:59,775,ortigas,exit,0.0
2026-01-04,16:00 - 16:59,771,ortigas,exit,0.0
2026-01-04,17:00 - 17:59,775,ortigas,exit,0.0
2026-01-04,18:00 - 18:59,596,ortigas,exit,0.0
2026-01-04,19:00 - 19:59,577,ortigas,exit,0.0
2026-01-04,20:00 - 20:59,509,ortigas,exit,0.0
2026-01-04,21:00 - 21:59,409,ortigas,exit,0.0
2026-01-04,22:00 - 22:59,90,ortigas,exit,0.0
2026-01-04,23:00 - 23:59,0,ortigas,exit,0.0
2026-01-04,00:00 - 00:59,0,ortigas,exit,0.0
2026-01-04,01:00 - 01:59,0,ortigas,exit,0.0
2026-01-04,02:00 - 02:59,0,ortigas,exit,0.0
2026-01-05,03:00 - 03:59,0,ortigas,exit,0.0
2026-01-05,04:00 - 04:59,227,ortigas,exit,0.0
2026-01-05,05:00 - 05:59,1240,ortigas,exit,0.0
2026-01-05,06:00 - 06:59,2700,ortigas,exit,0.0
2026-01-05,07:00 - 07:59,4653,ortigas,exit,0.0
2026-01-05,08:00 - 08:59,4676,ortigas,exit,0.0
2026-01-05,09:00 - 09:59,2759,ortigas,exit,0.0
2026-01-05,10:00 - 10:59,1681,ortigas,exit,0.0
2026-01-05,11:00 - 11:59,1302,ortigas,exit,0.0
2026-01-05,12:00 - 12:59,1656,ortigas,exit,0.0
2026-01-05,13:00 - 13:59,1246,ortigas,exit,0.0
2026-01-05,14:00 - 14:59,1130,ortigas,exit,0.0
2026-01-05,15:00 - 15:59,1006,ortigas,exit,0.0
2026-01-05,16:00 - 16:59,1140,ortigas,exit,0.0
2026-01-05,17:00 - 17:59,1112,ortigas,exit,0.0
2026-01-05,18:00 - 18:59,1182,ortigas,exit,0.0
2026-01-05,19:00 - 19:59,1025,ortigas,exit,0.0
2026-01-05,20:00 - 20:59,1220,ortigas,exit,0.0
2026-01-05,21:00 - 21:59,802,ortigas,exit,0.0
2026-01-05,22:00 - 22:59,297,ortigas,exit,0.0
2026-01-05,23:00 - 23:59,48,ortigas,exit,0.0
2026-01-05,00:00 - 00:59,0,ortigas,exit,0.0
2026-01-05,01:00 - 01:59,0,ortigas,exit,0.0
2026-01-05,03:00 - 03:59,0,ortigas,exit,0.0
2026-01-06,03:00 - 03:59,0,ortigas,exit,0.0
2026-01-06,04:00 - 04:59,184,ortigas,exit,0.0
2026-01-06,05:00 - 05:59,1654,ortigas,exit,0.0
2026-01-06,06:00 - 06:59,2979,ortigas,exit,0.0
2026-01-06,07:00 - 07:59,4906,ortigas,exit,0.0
2026-01-06,08:00 - 08:59,4772,ortigas,exit,0.0
2026-01-06,09:00 - 09:59,2720,ortigas,exit,0.0
2026-01-06,10:00 - 10:59,1767,ortigas,exit,0.0
2026-01-06,11:00 - 11:59,1402,ortigas,exit,0.0
2026-01-06,12:00 - 12:59,1500,ortigas,exit,0.0
2026-01-06,13:00 - 13:59,1320,ortigas,exit,0.0
2026-01-06,14:00 - 14:59,1081,ortigas,exit,0.0
2026-01-06,15:00 - 15:59,1040,ortigas,exit,0.0
2026-01-06,16:00 - 16:59,946,ortigas,exit,0.0
2026-01-06,17:00 - 17:59,1141,ortigas,exit,0.0
2026-01-06,18:00 - 18:59,1060,ortigas,exit,0.0
2026-01-06,19:00 - 19:59,1078,ortigas,exit,0.0
2026-01-06,20:00 - 20:59,1162,ortigas,exit,0.0
2026-01-06,21:00 - 21:59,874,ortigas,exit,0.0
2026-01-06,22:00 - 22:59,385,ortigas,exit,0.0
2026-01-06,23:00 - 23:59,59,ortigas,exit,0.0
2026-01-06,00:00 - 00:59,0,ortigas,exit,0.0
2026-01-06,01:00 - 01:59,0,ortigas,exit,0.0
2026-01-06,02:00 - 02:59,0,ortigas,exit,0.0
2026-01-07,03:00 - 03:59,0,ortigas,exit,0.0
2026-01-07,04:00 - 04:59,163,ortigas,exit,0.0
2026-01-07,05:00 - 05:59,1650,ortigas,exit,0.0
2026-01-07,06:00 - 06:59,2846,ortigas,exit,0.0
2026-01-07,07:00 - 07:59,4756,ortigas,exit,0.0
2026-01-07,08:00 - 08:59,4898,ortigas,exit,0.0
2026-01-07,09:00 - 09:59,2967,ortigas,exit,0.0
2026-01-07,10:00 - 10:59,1645,ortigas,exit,0.0
2026-01-07,11:00 - 11:59,1508,ortigas,exit,0.0
2026-01-07,12:00 - 12:59,1532,ortigas,exit,0.0
2026-01-07,13:00 - 13:59,1272,ortigas,exit,0.0
2026-01-07,14:00 - 14:59,1050,ortigas,exit,0.0
2026-01-07,15:00 - 15:59,1063,ortigas,exit,0.0
2026-01-07,16:00 - 16:59,1035,ortigas,exit,0.0
2026-01-07,17:00 - 17:59,1173,ortigas,exit,0.0
2026-01-07,18:00 - 18:59,1087,ortigas,exit,0.0
2026-01-07,19:00 - 19:59,941,ortigas,exit,0.0
2026-01-07,20:00 - 20:59,1429,ortigas,exit,0.0
2026-01-07,21:00 - 21:59,882,ortigas,exit,0.0
2026-01-07,22:00 - 22:59,365,ortigas,exit,0.0
2026-01-07,23:00 - 23:59,56,ortigas,exit,0.0
2026-01-07,00:00 - 00:59,0,ortigas,exit,0.0
2026-01-07,01:00 - 01:59,0,ortigas,exit,0.0
2026-01-07,02:00 - 02:59,0,ortigas,exit,0.0
2026-01-08,03:00 - 03:59,0,ortigas,exit,0.0
2026-01-08,04:00 - 04:59,192,ortigas,exit,0.0
2026-01-08,05:00 - 05:59,1616,ortigas,exit,0.0
2026-01-08,06:00 - 06:59,2885,ortigas,exit,0.0
2026-01-08,07:00 - 07:59,4604,ortigas,exit,0.0
2026-01-08,08:00 - 08:59,4570,ortigas,exit,0.0
2026-01-08,09:00 - 09:59,2737,ortigas,exit,0.0
2026-01-08,10:00 - 10:59,1704,ortigas,exit,0.0
2026-01-08,11:00 - 11:59,1451,ortigas,exit,0.0
2026-01-08,12:00 - 12:59,1501,ortigas,exit,0.0
2026-01-08,13:00 - 13:59,1316,ortigas,exit,0.0
2026-01-08,14:00 - 14:59,1023,ortigas,exit,0.0
2026-01-08,15:00 - 15:59,980,ortigas,exit,0.0
2026-01-08,16:00 - 16:59,1009,ortigas,exit,0.0
2026-01-08,17:00 - 17:59,1116,ortigas,exit,0.0
2026-01-08,18:00 - 18:59,1113,ortigas,exit,0.0
2026-01-08,19:00 - 19:59,987,ortigas,exit,0.0
2026-01-08,20:00 - 20:59,1266,ortigas,exit,0.0
2026-01-08,21:00 - 21:59,890,ortigas,exit,0.0
2026-01-08,22:00 - 22:59,331,ortigas,exit,0.0
2026-01-08,23:00 - 23:59,62,ortigas,exit,0.0
2026-01-08,00:00 - 00:59,0,ortigas,exit,0.0
2026-01-08,01:00 - 01:59,0,ortigas,exit,0.0
2026-01-08,02:00 - 02:59,0,ortigas,exit,0.0
2026-01-09,03:00 - 03:59,0,ortigas,exit,0.0
2026-01-09,04:00 - 04:59,156,ortigas,exit,0.0
2026-01-09,05:00 - 05:59,1524,ortigas,exit,0.0
2026-01-09,06:00 - 06:59,2675,ortigas,exit,0.0
2026-01-09,07:00 - 07:59,4468,ortigas,exit,0.0
2026-01-09,08:00 - 08:59,4177,ortigas,exit,0.0
2026-01-09,09:00 - 09:59,2640,ortigas,exit,0.0
2026-01-09,10:00 - 10:59,1706,ortigas,exit,0.0
2026-01-09,11:00 - 11:59,1439,ortigas,exit,0.0
2026-01-09,12:00 - 12:59,1518,ortigas,exit,0.0
2026-01-09,13:00 - 13:59,1286,ortigas,exit,0.0
2026-01-09,14:00 - 14:59,1125,ortigas,exit,0.0
2026-01-09,15:00 - 15:59,1101,ortigas,exit,0.0
2026-01-09,16:00 - 16:59,1099,ortigas,exit,0.0
2026-01-09,17:00 - 17:59,1267,ortigas,exit,0.0
2026-01-09,18:00 - 18:59,1179,ortigas,exit,0.0
2026-01-09,19:00 - 19:59,1009,ortigas,exit,0.0
2026-01-09,20:00 - 20:59,1183,ortigas,exit,0.0
2026-01-09,21:00 - 21:59,885,ortigas,exit,0.0
2026-01-09,22:00 - 22:59,408,ortigas,exit,0.0
2026-01-09,23:00 - 23:59,62,ortigas,exit,0.0
2026-01-09,00:00 - 00:59,0,ortigas,exit,0.0
2026-01-09,01:00 - 01:59,0,ortigas,exit,0.0
2026-01-09,02:00 - 02:59,0,ortigas,exit,0.0
2026-01-10,03:00 - 03:59,0,ortigas,exit,0.0
2026-01-10,04:00 - 04:59,82,ortigas,exit,0.0
2026-01-10,05:00 - 05:59,831,ortigas,exit,0.0
2026-01-10,06:00 - 06:59,1199,ortigas,exit,0.0
2026-01-10,07:00 - 07:59,1521,ortigas,exit,0.0
2026-01-10,08:00 - 08:59,1464,ortigas,exit,0.0
2026-01-10,09:00 - 09:59,1463,ortigas,exit,0.0
2026-01-10,10:00 - 10:59,1058,ortigas,exit,0.0
2026-01-10,11:00 - 11:59,1231,ortigas,exit,0.0
2026-01-10,12:00 - 12:59,1352,ortigas,exit,0.0
2026-01-10,13:00 - 13:59,1130,ortigas,exit,0.0
2026-01-10,14:00 - 14:59,986,ortigas,exit,0.0
2026-01-10,15:00 - 15:59,988,ortigas,exit,0.0
2026-01-10,16:00 - 16:59,918,ortigas,exit,0.0
2026-01-10,17:00 - 17:59,923,ortigas,exit,0.0
2026-01-10,18:00 - 18:59,731,ortigas,exit,0.0
2026-01-10,19:00 - 19:59,603,ortigas,exit,0.0
2026-01-10,20:00 - 20:59,534,ortigas,exit,0.0
2026-01-10,21:00 - 21:59,448,ortigas,exit,0.0
2026-01-10,22:00 - 22:59,104,ortigas,exit,0.0
2026-01-10,23:00 - 23:59,0,ortigas,exit,0.0
2026-01-10,00:00 - 00:59,0,ortigas,exit,0.0
2026-01-10,01:00 - 01:59,0,ortigas,exit,0.0
2026-01-10,02:00 - 02:59,0,ortigas,exit,0.0
2026-01-11,03:00 - 03:59,0,ortigas,exit,0.0
2026-01-11,04:00 - 04:59,55,ortigas,exit,0.0
2026-01-11,05:00 - 05:59,553,ortigas,exit,0.0
2026-01-11,06:00 - 06:59,581,ortigas,exit,0.0
2026-01-11,07:00 - 07:59,696,ortigas,exit,0.0
2026-01-11,08:00 - 08:59,912,ortigas,exit,0.0
2026-01-11,09:00 - 09:59,1153,ortigas,exit,0.0
2026-01-11,10:00 - 10:59,901,ortigas,exit,0.0
2026-01-11,11:00 - 11:59,963,ortigas,exit,0.0
2026-01-11,12:00 - 12:59,1130,ortigas,exit,0.0
2026-01-11,13:00 - 13:59,1038,ortigas,exit,0.0
2026-01-11,14:00 - 14:59,893,ortigas,exit,0.0
2026-01-11,15:00 - 15:59,772,ortigas,exit,0.0
2026-01-11,16:00 - 16:59,768,ortigas,exit,0.0
2026-01-11,17:00 - 17:59,782,ortigas,exit,0.0
2026-01-11,18:00 - 18:59,642,ortigas,exit,0.0
2026-01-11,19:00 - 19:59,519,ortigas,exit,0.0
2026-01-11,20:00 - 20:59,531,ortigas,exit,0.0
2026-01-11,21:00 - 21:59,411,ortigas,exit,0.0
2026-01-11,22:00 - 22:59,96,ortigas,exit,0.0
2026-01-11,23:00 - 23:59,0,ortigas,exit,0.0
2026-01-11,00:00 - 00:59,0,ortigas,exit,0.0
2026-01-11,01:00 - 01:59,0,ortigas,exit,0.0
2026-01-11,02:00 - 02:59,0,ortigas,exit,0.0
2026-01-12,03:00 - 03:59,0,ortigas,exit,0.0
2026-01-12,04:00 - 04:59,232,ortigas,exit,0.0
2026-01-12,05:00 - 05:59,1878,ortigas,exit,0.0
2026-01-12,06:00 - 06:59,2943,ortigas,exit,0.0
2026-01-12,07:00 - 07:59,4592,ortigas,exit,0.0
2026-01-12,08:00 - 08:59,4489,ortigas,exit,0.0
2026-01-12,09:00 - 09:59,3323,ortigas,exit,0.0
2026-01-12,10:00 - 10:59,1901,ortigas,exit,0.0
2026-01-12,11:00 - 11:59,1552,ortigas,exit,0.0
2026-01-12,12:00 - 12:59,1477,ortigas,exit,0.0
2026-01-12,13:00 - 13:59,1374,ortigas,exit,0.0
2026-01-12,14:00 - 14:59,1057,ortigas,exit,0.0
2026-01-12,15:00 - 15:59,1066,ortigas,exit,0.0
2026-01-12,16:00 - 16:59,1037,ortigas,exit,0.0
2026-01-12,17:00 - 17:59,1295,ortigas,exit,0.0
2026-01-12,18:00 - 18:59,1078,ortigas,exit,0.0
2026-01-12,19:00 - 19:59,1088,ortigas,exit,0.0
2026-01-12,20:00 - 20:59,1226,ortigas,exit,0.0
2026-01-12,21:00 - 21:59,854,ortigas,exit,0.0
2026-01-12,22:00 - 22:59,331,ortigas,exit,0.0
2026-01-12,23:00 - 23:59,38,ortigas,exit,0.0
2026-01-12,00:00 - 00:59,0,ortigas,exit,0.0
2026-01-12,01:00 - 01:59,0,ortigas,exit,0.0
2026-01-12,02:00 - 02:59,0,ortigas,exit,0.0
2026-01-13,03:00 - 03:59,0,ortigas,exit,0.0
2026-01-13,04:00 - 04:59,186,ortigas,exit,0.0
2026-01-13,05:00 - 05:59,1785,ortigas,exit,0.0
2026-01-13,06:00 - 06:59,2860,ortigas,exit,0.0
2026-01-13,07:00 - 07:59,4503,ortigas,exit,0.0
2026-01-13,08:00 - 08:59,5435,ortigas,exit,0.0
2026-01-13,09:00 - 09:59,3169,ortigas,exit,0.0
2026-01-13,10:00 - 10:59,1777,ortigas,exit,0.0
2026-01-13,11:00 - 11:59,1564,ortigas,exit,0.0
2026-01-13,12:00 - 12:59,1521,ortigas,exit,0.0
2026-01-13,13:00 - 13:59,1241,ortigas,exit,0.0
2026-01-13,14:00 - 14:59,997,ortigas,exit,0.0
2026-01-13,15:00 - 15:59,974,ortigas,exit,0.0
2026-01-13,16:00 - 16:59,1102,ortigas,exit,0.0
2026-01-13,17:00 - 17:59,1141,ortigas,exit,0.0
2026-01-13,18:00 - 18:59,1003,ortigas,exit,0.0
2026-01-13,19:00 - 19:59,1123,ortigas,exit,0.0
2026-01-13,20:00 - 20:59,1288,ortigas,exit,0.0
2026-01-13,21:00 - 21:59,931,ortigas,exit,0.0
2026-01-13,22:00 - 22:59,344,ortigas,exit,0.0
2026-01-13,23:00 - 23:59,51,ortigas,exit,0.0
2026-01-13,00:00 - 00:59,0,ortigas,exit,0.0
2026-01-13,01:00 - 01:59,0,ortigas,exit,0.0
2026-01-13,02:00 - 02:59,0,ortigas,exit,0.0
2026-01-14,03:00 - 03:59,0,ortigas,exit,0.0
2026-01-14,04:00 - 04:59,156,ortigas,exit,0.0
2026-01-14,05:00 - 05:59,1561,ortigas,exit,0.0
2026-01-14,06:00 - 06:59,3143,ortigas,exit,0.0
2026-01-14,07:00 - 07:59,4816,ortigas,exit,0.0
2026-01-14,08:00 - 08:59,4694,ortigas,exit,0.0
2026-01-14,09:00 - 09:59,3404,ortigas,exit,0.0
2026-01-14,10:00 - 10:59,1691,ortigas,exit,0.0
2026-01-14,11:00 - 11:59,1535,ortigas,exit,0.0
2026-01-14,12:00 - 12:59,1432,ortigas,exit,0.0
2026-01-14,13:00 - 13:59,1386,ortigas,exit,0.0
2026-01-14,14:00 - 14:59,1005,ortigas,exit,0.0
2026-01-14,15:00 - 15:59,1094,ortigas,exit,0.0
2026-01-14,16:00 - 16:59,1059,ortigas,exit,0.0
2026-01-14,17:00 - 17:59,1158,ortigas,exit,0.0
2026-01-14,18:00 - 18:59,1086,ortigas,exit,0.0
2026-01-14,19:00 - 19:59,1140,ortigas,exit,0.0
2026-01-14,20:00 - 20:59,1303,ortigas,exit,0.0
2026-01-14,21:00 - 21:59,908,ortigas,exit,0.0
2026-01-14,22:00 - 22:59,390,ortigas,exit,0.0
2026-01-14,23:00 - 23:59,59,ortigas,exit,0.0
2026-01-14,00:00 - 00:59,0,ortigas,exit,0.0
2026-01-14,01:00 - 01:59,0,ortigas,exit,0.0
2026-01-14,02:00 - 02:59,0,ortigas,exit,0.0
2026-01-15,03:00 - 03:59,0,ortigas,exit,0.0
2026-01-15,04:00 - 04:59,184,ortigas,exit,0.0
2026-01-15,05:00 - 05:59,1587,ortigas,exit,0.0
2026-01-15,06:00 - 06:59,3095,ortigas,exit,0.0
2026-01-15,07:00 - 07:59,4659,ortigas,exit,0.0
2026-01-15,08:00 - 08:59,5162,ortigas,exit,0.0
2026-01-15,09:00 - 09:59,2939,ortigas,exit,0.0
2026-01-15,10:00 - 10:59,1870,ortigas,exit,0.0
2026-01-15,11:00 - 11:59,1435,ortigas,exit,0.0
2026-01-15,12:00 - 12:59,1492,ortigas,exit,0.0
2026-01-15,13:00 - 13:59,1361,ortigas,exit,0.0
2026-01-15,14:00 - 14:59,1109,ortigas,exit,0.0
2026-01-15,15:00 - 15:59,1007,ortigas,exit,0.0
2026-01-15,16:00 - 16:59,1134,ortigas,exit,0.0
2026-01-15,17:00 - 17:59,1216,ortigas,exit,0.0
2026-01-15,18:00 - 18:59,1149,ortigas,exit,0.0
2026-01-15,19:00 - 19:59,1115,ortigas,exit,0.0
2026-01-15,20:00 - 20:59,1172,ortigas,exit,0.0
2026-01-15,21:00 - 21:59,896,ortigas,exit,0.0
2026-01-15,22:00 - 22:59,395,ortigas,exit,0.0
2026-01-15,23:00 - 23:59,61,ortigas,exit,0.0
2026-01-15,00:00 - 00:59,0,ortigas,exit,0.0
2026-01-15,01:00 - 01:59,0,ortigas,exit,0.0
2026-01-15,02:00 - 02:59,0,ortigas,exit,0.0
2026-01-16,03:00 - 03:59,0,ortigas,exit,0.0
2026-01-16,04:00 - 04:59,158,ortigas,exit,0.0
2026-01-16,05:00 - 05:59,1523,ortigas,exit,0.0
2026-01-16,06:00 - 06:59,2766,ortigas,exit,0.0
2026-01-16,07:00 - 07:59,4381,ortigas,exit,0.0
2026-01-16,08:00 - 08:59,4567,ortigas,exit,0.0
2026-01-16,09:00 - 09:59,2791,ortigas,exit,0.0
2026-01-16,10:00 - 10:59,1725,ortigas,exit,0.0
2026-01-16,11:00 - 11:59,1443,ortigas,exit,0.0
2026-01-16,12:00 - 12:59,1569,ortigas,exit,0.0
2026-01-16,13:00 - 13:59,1450,ortigas,exit,0.0
2026-01-16,14:00 - 14:59,1148,ortigas,exit,0.0
2026-01-16,15:00 - 15:59,1080,ortigas,exit,0.0
2026-01-16,16:00 - 16:59,1202,ortigas,exit,0.0
2026-01-16,17:00 - 17:59,1236,ortigas,exit,0.0
2026-01-16,18:00 - 18:59,1242,ortigas,exit,0.0
2026-01-16,19:00 - 19:59,1161,ortigas,exit,0.0
2026-01-16,20:00 - 20:59,1219,ortigas,exit,0.0
2026-01-16,21:00 - 21:59,865,ortigas,exit,0.0
2026-01-16,22:00 - 22:59,375,ortigas,exit,0.0
2026-01-16,23:00 - 23:59,58,ortigas,exit,0.0
2026-01-16,00:00 - 00:59,0,ortigas,exit,0.0
2026-01-16,01:00 - 01:59,0,ortigas,exit,0.0
2026-01-16,02:00 - 02:59,0,ortigas,exit,0.0
2026-01-17,03:00 - 03:59,0,ortigas,exit,0.0
2026-01-17,04:00 - 04:59,83,ortigas,exit,0.0
2026-01-17,05:00 - 05:59,797,ortigas,exit,0.0
2026-01-17,06:00 - 06:59,1232,ortigas,exit,0.0
2026-01-17,07:00 - 07:59,1686,ortigas,exit,0.0
2026-01-17,08:00 - 08:59,1378,ortigas,exit,0.0
2026-01-17,09:00 - 09:59,1482,ortigas,exit,0.0
2026-01-17,10:00 - 10:59,1102,ortigas,exit,0.0
2026-01-17,11:00 - 11:59,1215,ortigas,exit,0.0
2026-01-17,12:00 - 12:59,1336,ortigas,exit,0.0
2026-01-17,13:00 - 13:59,1159,ortigas,exit,0.0
2026-01-17,14:00 - 14:59,899,ortigas,exit,0.0
2026-01-17,15:00 - 15:59,964,ortigas,exit,0.0
2026-01-17,16:00 - 16:59,913,ortigas,exit,0.0
2026-01-17,17:00 - 17:59,1072,ortigas,exit,0.0
2026-01-17,18:00 - 18:59,825,ortigas,exit,0.0
2026-01-17,19:00 - 19:59,588,ortigas,exit,0.0
2026-01-17,20:00 - 20:59,512,ortigas,exit,0.0
2026-01-17,21:00 - 21:59,448,ortigas,exit,0.0
2026-01-17,22:00 - 22:59,113,ortigas,exit,0.0
2026-01-17,23:00 - 23:59,0,ortigas,exit,0.0
2026-01-17,00:00 - 00:59,0,ortigas,exit,0.0
2026-01-17,01:00 - 01:59,0,ortigas,exit,0.0
2026-01-17,02:00 - 02:59,0,ortigas,exit,0.0
2026-01-18,03:00 - 03:59,0,ortigas,exit,0.0
2026-01-18,04:00 - 04:59,45,ortigas,exit,0.0
2026-01-18,05:00 - 05:59,485,ortigas,exit,0.0
2026-01-18,06:00 - 06:59,516,ortigas,exit,0.0
2026-01-18,07:00 - 07:59,700,ortigas,exit,0.0
2026-01-18,08:00 - 08:59,826,ortigas,exit,0.0
2026-01-18,09:00 - 09:59,1167,ortigas,exit,0.0
2026-01-18,10:00 - 10:59,926,ortigas,exit,0.0
2026-01-18,11:00 - 11:59,995,ortigas,exit,0.0
2026-01-18,12:00 - 12:59,1123,ortigas,exit,0.0
2026-01-18,13:00 - 13:59,998,ortigas,exit,0.0
2026-01-18,14:00 - 14:59,885,ortigas,exit,0.0
2026-01-18,15:00 - 15:59,692,ortigas,exit,0.0
2026-01-18,16:00 - 16:59,797,ortigas,exit,0.0
2026-01-18,17:00 - 17:59,829,ortigas,exit,0.0
2026-01-18,18:00 - 18:59,610,ortigas,exit,0.0
2026-01-18,19:00 - 19:59,564,ortigas,exit,0.0
2026-01-18,20:00 - 20:59,522,ortigas,exit,0.0
2026-01-18,21:00 - 21:59,440,ortigas,exit,0.0
2026-01-18,22:00 - 22:59,107,ortigas,exit,0.0
2026-01-18,23:00 - 23:59,0,ortigas,exit,0.0
2026-01-18,00:00 - 00:59,0,ortigas,exit,0.0
2026-01-18,01:00 - 01:59,0,ortigas,exit,0.0
2026-01-18,02:00 - 02:59,0,ortigas,exit,0.0
2026-01-19,03:00 - 03:59,0,ortigas,exit,0.0
2026-01-19,04:00 - 04:59,216,ortigas,exit,0.0
2026-01-19,05:00 - 05:59,1775,ortigas,exit,0.0
2026-01-19,06:00 - 06:59,3045,ortigas,exit,0.0
2026-01-19,07:00 - 07:59,4535,ortigas,exit,0.0
2026-01-19,08:00 - 08:59,4726,ortigas,exit,0.0
2026-01-19,09:00 - 09:59,2975,ortigas,exit,0.0
2026-01-19,10:00 - 10:59,1846,ortigas,exit,0.0
2026-01-19,11:00 - 11:59,1485,ortigas,exit,0.0
2026-01-19,12:00 - 12:59,1479,ortigas,exit,0.0
2026-01-19,13:00 - 13:59,1335,ortigas,exit,0.0
2026-01-19,14:00 - 14:59,1091,ortigas,exit,0.0
2026-01-19,15:00 - 15:59,984,ortigas,exit,0.0
2026-01-19,16:00 - 16:59,1034,ortigas,exit,0.0
2026-01-19,17:00 - 17:59,1220,ortigas,exit,0.0
2026-01-19,18:00 - 18:59,1118,ortigas,exit,0.0
2026-01-19,19:00 - 19:59,1024,ortigas,exit,0.0
2026-01-19,20:00 - 20:59,1121,ortigas,exit,0.0
2026-01-19,21:00 - 21:59,716,ortigas,exit,0.0
2026-01-19,22:00 - 22:59,286,ortigas,exit,0.0
2026-01-19,23:00 - 23:59,37,ortigas,exit,0.0
2026-01-19,00:00 - 00:59,0,ortigas,exit,0.0
2026-01-19,01:00 - 01:59,0,ortigas,exit,0.0
2026-01-19,02:00 - 02:59,0,ortigas,exit,0.0
2026-01-20,03:00 - 03:59,0,ortigas,exit,0.0
2026-01-20,04:00 - 04:59,181,ortigas,exit,0.0
2026-01-20,05:00 - 05:59,1654,ortigas,exit,0.0
2026-01-20,06:00 - 06:59,2610,ortigas,exit,0.0
2026-01-20,07:00 - 07:59,4518,ortigas,exit,0.0
2026-01-20,08:00 - 08:59,5431,ortigas,exit,0.0
2026-01-20,09:00 - 09:59,3311,ortigas,exit,0.0
2026-01-20,10:00 - 10:59,1694,ortigas,exit,0.0
2026-01-20,11:00 - 11:59,1419,ortigas,exit,0.0
2026-01-20,12:00 - 12:59,1455,ortigas,exit,0.0
2026-01-20,13:00 - 13:59,1383,ortigas,exit,0.0
2026-01-20,14:00 - 14:59,1040,ortigas,exit,0.0
2026-01-20,15:00 - 15:59,1049,ortigas,exit,0.0
2026-01-20,16:00 - 16:59,994,ortigas,exit,0.0
2026-01-20,17:00 - 17:59,1224,ortigas,exit,0.0
2026-01-20,18:00 - 18:59,1076,ortigas,exit,0.0
2026-01-20,19:00 - 19:59,1140,ortigas,exit,0.0
2026-01-20,20:00 - 20:59,1236,ortigas,exit,0.0
2026-01-20,21:00 - 21:59,883,ortigas,exit,0.0
2026-01-20,22:00 - 22:59,381,ortigas,exit,0.0
2026-01-20,23:00 - 23:59,57,ortigas,exit,0.0
2026-01-20,00:00 - 00:59,0,ortigas,exit,0.0
2026-01-20,01:00 - 01:59,0,ortigas,exit,0.0
2026-01-20,02:00 - 02:59,0,ortigas,exit,0.0
2026-01-21,03:00 - 03:59,0,ortigas,exit,0.0
2026-01-21,04:00 - 04:59,172,ortigas,exit,0.0
2026-01-21,05:00 - 05:59,1660,ortigas,exit,0.0
2026-01-21,06:00 - 06:59,2992,ortigas,exit,0.0
2026-01-21,07:00 - 07:59,4645,ortigas,exit,0.0
2026-01-21,08:00 - 08:59,4892,ortigas,exit,0.0
2026-01-21,09:00 - 09:59,2981,ortigas,exit,0.0
2026-01-21,10:00 - 10:59,1664,ortigas,exit,0.0
2026-01-21,11:00 - 11:59,1415,ortigas,exit,0.0
2026-01-21,12:00 - 12:59,1422,ortigas,exit,0.0
2026-01-21,13:00 - 13:59,1447,ortigas,exit,0.0
2026-01-21,14:00 - 14:59,1138,ortigas,exit,0.0
2026-01-21,15:00 - 15:59,1003,ortigas,exit,0.0
2026-01-21,16:00 - 16:59,1080,ortigas,exit,0.0
2026-01-21,17:00 - 17:59,1147,ortigas,exit,0.0
2026-01-21,18:00 - 18:59,1124,ortigas,exit,0.0
2026-01-21,19:00 - 19:59,1102,ortigas,exit,0.0
2026-01-21,20:00 - 20:59,1244,ortigas,exit,0.0
2026-01-21,21:00 - 21:59,963,ortigas,exit,0.0
2026-01-21,22:00 - 22:59,397,ortigas,exit,0.0
2026-01-21,23:00 - 23:59,45,ortigas,exit,0.0
2026-01-21,00:00 - 00:59,0,ortigas,exit,0.0
2026-01-21,01:00 - 01:59,0,ortigas,exit,0.0
2026-01-21,02:00 - 02:59,0,ortigas,exit,0.0
2026-01-22,03:00 - 03:59,0,ortigas,exit,0.0
2026-01-22,04:00 - 04:59,166,ortigas,exit,0.0
2026-01-22,05:00 - 05:59,1335,ortigas,exit,0.0
2026-01-22,06:00 - 06:59,2907,ortigas,exit,0.0
2026-01-22,07:00 - 07:59,4523,ortigas,exit,0.0
2026-01-22,08:00 - 08:59,4525,ortigas,exit,0.0
2026-01-22,09:00 - 09:59,3221,ortigas,exit,0.0
2026-01-22,10:00 - 10:59,1637,ortigas,exit,0.0
2026-01-22,11:00 - 11:59,1330,ortigas,exit,0.0
2026-01-22,12:00 - 12:59,1465,ortigas,exit,0.0
2026-01-22,13:00 - 13:59,1245,ortigas,exit,0.0
2026-01-22,14:00 - 14:59,1046,ortigas,exit,0.0
2026-01-22,15:00 - 15:59,977,ortigas,exit,0.0
2026-01-22,16:00 - 16:59,1097,ortigas,exit,0.0
2026-01-22,17:00 - 17:59,1108,ortigas,exit,0.0
2026-01-22,18:00 - 18:59,883,ortigas,exit,0.0
2026-01-22,19:00 - 19:59,1216,ortigas,exit,0.0
2026-01-22,20:00 - 20:59,1344,ortigas,exit,0.0
2026-01-22,21:00 - 21:59,898,ortigas,exit,0.0
2026-01-22,22:00 - 22:59,342,ortigas,exit,0.0
2026-01-22,23:00 - 23:59,56,ortigas,exit,0.0
2026-01-22,00:00 - 00:59,0,ortigas,exit,0.0
2026-01-22,01:00 - 01:59,0,ortigas,exit,0.0
2026-01-22,02:00 - 02:59,0,ortigas,exit,0.0
2026-01-23,03:00 - 03:59,0,ortigas,exit,0.0
2026-01-23,04:00 - 04:59,183,ortigas,exit,0.0
2026-01-23,05:00 - 05:59,1540,ortigas,exit,0.0
2026-01-23,06:00 - 06:59,2669,ortigas,exit,0.0
2026-01-23,07:00 - 07:59,4416,ortigas,exit,0.0
2026-01-23,08:00 - 08:59,4529,ortigas,exit,0.0
2026-01-23,09:00 - 09:59,2667,ortigas,exit,0.0
2026-01-23,10:00 - 10:59,1715,ortigas,exit,0.0
2026-01-23,11:00 - 11:59,1548,ortigas,exit,0.0
2026-01-23,12:00 - 12:59,1519,ortigas,exit,0.0
2026-01-23,13:00 - 13:59,1403,ortigas,exit,0.0
2026-01-23,14:00 - 14:59,1095,ortigas,exit,0.0
2026-01-23,15:00 - 15:59,1091,ortigas,exit,0.0
2026-01-23,16:00 - 16:59,1070,ortigas,exit,0.0
2026-01-23,17:00 - 17:59,1315,ortigas,exit,0.0
2026-01-23,18:00 - 18:59,1186,ortigas,exit,0.0
2026-01-23,19:00 - 19:59,1223,ortigas,exit,0.0
2026-01-23,20:00 - 20:59,1154,ortigas,exit,0.0
2026-01-23,21:00 - 21:59,873,ortigas,exit,0.0
2026-01-23,22:00 - 22:59,393,ortigas,exit,0.0
2026-01-23,23:00 - 23:59,54,ortigas,exit,0.0
2026-01-23,00:00 - 00:59,0,ortigas,exit,0.0
2026-01-23,01:00 - 01:59,0,ortigas,exit,0.0
2026-01-23,02:00 - 02:59,0,ortigas,exit,0.0
2026-01-24,03:00 - 03:59,0,ortigas,exit,0.0
2026-01-24,04:00 - 04:59,76,ortigas,exit,0.0
2026-01-24,05:00 - 05:59,790,ortigas,exit,0.0
2026-01-24,06:00 - 06:59,1331,ortigas,exit,0.0
2026-01-24,07:00 - 07:59,1533,ortigas,exit,0.0
2026-01-24,08:00 - 08:59,1568,ortigas,exit,0.0
2026-01-24,09:00 - 09:59,1394,ortigas,exit,0.0
2026-01-24,10:00 - 10:59,1144,ortigas,exit,0.0
2026-01-24,11:00 - 11:59,1102,ortigas,exit,0.0
2026-01-24,12:00 - 12:59,1367,ortigas,exit,0.0
2026-01-24,13:00 - 13:59,1170,ortigas,exit,0.0
2026-01-24,14:00 - 14:59,876,ortigas,exit,0.0
2026-01-24,15:00 - 15:59,938,ortigas,exit,0.0
2026-01-24,16:00 - 16:59,913,ortigas,exit,0.0
2026-01-24,17:00 - 17:59,1007,ortigas,exit,0.0
2026-01-24,18:00 - 18:59,732,ortigas,exit,0.0
2026-01-24,19:00 - 19:59,637,ortigas,exit,0.0
2026-01-24,20:00 - 20:59,547,ortigas,exit,0.0
2026-01-24,21:00 - 21:59,472,ortigas,exit,0.0
2026-01-24,22:00 - 22:59,116,ortigas,exit,0.0
2026-01-24,23:00 - 23:59,0,ortigas,exit,0.0
2026-01-24,00:00 - 00:59,0,ortigas,exit,0.0
2026-01-24,01:00 - 01:59,0,ortigas,exit,0.0
2026-01-24,02:00 - 02:59,0,ortigas,exit,0.0
2026-01-25,03:00 - 03:59,0,ortigas,exit,0.0
2026-01-25,04:00 - 04:59,43,ortigas,exit,0.0
2026-01-25,05:00 - 05:59,504,ortigas,exit,0.0
2026-01-25,06:00 - 06:59,654,ortigas,exit,0.0
2026-01-25,07:00 - 07:59,672,ortigas,exit,0.0
2026-01-25,08:00 - 08:59,985,ortigas,exit,0.0
2026-01-25,09:00 - 09:59,1121,ortigas,exit,0.0
2026-01-25,10:00 - 10:59,894,ortigas,exit,0.0
2026-01-25,11:00 - 11:59,995,ortigas,exit,0.0
2026-01-25,12:00 - 12:59,1066,ortigas,exit,0.0
2026-01-25,13:00 - 13:59,1016,ortigas,exit,0.0
2026-01-25,14:00 - 14:59,808,ortigas,exit,0.0
2026-01-25,15:00 - 15:59,778,ortigas,exit,0.0
2026-01-25,16:00 - 16:59,715,ortigas,exit,0.0
2026-01-25,17:00 - 17:59,760,ortigas,exit,0.0
2026-01-25,18:00 - 18:59,629,ortigas,exit,0.0
2026-01-25,19:00 - 19:59,521,ortigas,exit,0.0
2026-01-25,20:00 - 20:59,525,ortigas,exit,0.0
2026-01-25,21:00 - 21:59,435,ortigas,exit,0.0
2026-01-25,22:00 - 22:59,84,ortigas,exit,0.0
2026-01-25,23:00 - 23:59,0,ortigas,exit,0.0
2026-01-25,00:00 - 00:59,0,ortigas,exit,0.0
2026-01-25,01:00 - 01:59,0,ortigas,exit,0.0
2026-01-25,02:00 - 02:59,0,ortigas,exit,0.0
2026-01-26,03:00 - 03:59,0,ortigas,exit,0.0
2026-01-26,04:00 - 04:59,184,ortigas,exit,0.0
2026-01-26,05:00 - 05:59,1597,ortigas,exit,0.0
2026-01-26,06:00 - 06:59,2835,ortigas,exit,0.0
2026-01-26,07:00 - 07:59,4507,ortigas,exit,0.0
2026-01-26,08:00 - 08:59,4561,ortigas,exit,0.0
2026-01-26,09:00 - 09:59,2990,ortigas,exit,0.0
2026-01-26,10:00 - 10:59,1672,ortigas,exit,0.0
2026-01-26,11:00 - 11:59,1518,ortigas,exit,0.0
2026-01-26,12:00 - 12:59,1497,ortigas,exit,0.0
2026-01-26,13:00 - 13:59,1415,ortigas,exit,0.0
2026-01-26,14:00 - 14:59,1119,ortigas,exit,0.0
2026-01-26,15:00 - 15:59,1029,ortigas,exit,0.0
2026-01-26,16:00 - 16:59,976,ortigas,exit,0.0
2026-01-26,17:00 - 17:59,1201,ortigas,exit,0.0
2026-01-26,18:00 - 18:59,1041,ortigas,exit,0.0
2026-01-26,19:00 - 19:59,1049,ortigas,exit,0.0
2026-01-26,20:00 - 20:59,1133,ortigas,exit,0.0
2026-01-26,21:00 - 21:59,872,ortigas,exit,0.0
2026-01-26,22:00 - 22:59,327,ortigas,exit,0.0
2026-01-26,23:00 - 23:59,42,ortigas,exit,0.0
2026-01-26,00:00 - 00:59,0,ortigas,exit,0.0
2026-01-26,01:00 - 01:59,0,ortigas,exit,0.0
2026-01-26,02:00 - 02:59,0,ortigas,exit,0.0
2026-01-27,03:00 - 03:59,0,ortigas,exit,0.0
2026-01-27,04:00 - 04:59,168,ortigas,exit,0.0
2026-01-27,05:00 - 05:59,1695,ortigas,exit,0.0
2026-01-27,06:00 - 06:59,2944,ortigas,exit,0.0
2026-01-27,07:00 - 07:59,4898,ortigas,exit,0.0
2026-01-27,08:00 - 08:59,4851,ortigas,exit,0.0
2026-01-27,09:00 - 09:59,2999,ortigas,exit,0.0
2026-01-27,10:00 - 10:59,1660,ortigas,exit,0.0
2026-01-27,11:00 - 11:59,1471,ortigas,exit,0.0
2026-01-27,12:00 - 12:59,1515,ortigas,exit,0.0
2026-01-27,13:00 - 13:59,1062,ortigas,exit,0.0
2026-01-27,14:00 - 14:59,1164,ortigas,exit,0.0
2026-01-27,15:00 - 15:59,947,ortigas,exit,0.0
2026-01-27,16:00 - 16:59,1079,ortigas,exit,0.0
2026-01-27,17:00 - 17:59,1208,ortigas,exit,0.0
2026-01-27,18:00 - 18:59,1090,ortigas,exit,0.0
2026-01-27,19:00 - 19:59,1082,ortigas,exit,0.0
2026-01-27,20:00 - 20:59,1237,ortigas,exit,0.0
2026-01-27,21:00 - 21:59,926,ortigas,exit,0.0
2026-01-27,22:00 - 22:59,361,ortigas,exit,0.0
2026-01-27,23:00 - 23:59,46,ortigas,exit,0.0
2026-01-27,00:00 - 00:59,0,ortigas,exit,0.0
2026-01-27,01:00 - 01:59,0,ortigas,exit,0.0
2026-01-27,02:00 - 02:59,0,ortigas,exit,0.0
2026-01-28,03:00 - 03:59,0,ortigas,exit,0.0
2026-01-28,04:00 - 04:59,197,ortigas,exit,0.0
2026-01-28,05:00 - 05:59,1542,ortigas,exit,0.0
2026-01-28,06:00 - 06:59,2911,ortigas,exit,0.0
2026-01-28,07:00 - 07:59,4888,ortigas,exit,0.0
2026-01-28,08:00 - 08:59,4840,ortigas,exit,0.0
2026-01-28,09:00 - 09:59,3029,ortigas,exit,0.0
2026-01-28,10:00 - 10:59,1716,ortigas,exit,0.0
2026-01-28,11:00 - 11:59,1489,ortigas,exit,0.0
2026-01-28,12:00 - 12:59,1403,ortigas,exit,0.0
2026-01-28,13:00 - 13:59,1292,ortigas,exit,0.0
2026-01-28,14:00 - 14:59,1080,ortigas,exit,0.0
2026-01-28,15:00 - 15:59,941,ortigas,exit,0.0
2026-01-28,16:00 - 16:59,1067,ortigas,exit,0.0
2026-01-28,17:00 - 17:59,1190,ortigas,exit,0.0
2026-01-28,18:00 - 18:59,1164,ortigas,exit,0.0
2026-01-28,19:00 - 19:59,1101,ortigas,exit,0.0
2026-01-28,20:00 - 20:59,1160,ortigas,exit,0.0
2026-01-28,21:00 - 21:59,1031,ortigas,exit,0.0
2026-01-28,22:00 - 22:59,348,ortigas,exit,0.0
2026-01-28,23:00 - 23:59,57,ortigas,exit,0.0
2026-01-28,00:00 - 00:59,0,ortigas,exit,0.0
2026-01-28,01:00 - 01:59,0,ortigas,exit,0.0
2026-01-28,02:00 - 02:59,0,ortigas,exit,0.0
2026-01-29,03:00 - 03:59,0,ortigas,exit,0.0
2026-01-29,04:00 - 04:59,162,ortigas,exit,0.0
2026-01-29,05:00 - 05:59,1617,ortigas,exit,0.0
2026-01-29,06:00 - 06:59,2825,ortigas,exit,0.0
2026-01-29,07:00 - 07:59,4849,ortigas,exit,0.0
2026-01-29,08:00 - 08:59,5031,ortigas,exit,0.0
2026-01-29,09:00 - 09:59,2974,ortigas,exit,0.0
2026-01-29,10:00 - 10:59,1760,ortigas,exit,0.0
2026-01-29,11:00 - 11:59,1500,ortigas,exit,0.0
2026-01-29,12:00 - 12:59,1454,ortigas,exit,0.0
2026-01-29,13:00 - 13:59,1262,ortigas,exit,0.0
2026-01-29,14:00 - 14:59,1018,ortigas,exit,0.0
2026-01-29,15:00 - 15:59,926,ortigas,exit,0.0
2026-01-29,16:00 - 16:59,1111,ortigas,exit,0.0
2026-01-29,17:00 - 17:59,1170,ortigas,exit,0.0
2026-01-29,18:00 - 18:59,1093,ortigas,exit,0.0
2026-01-29,19:00 - 19:59,1002,ortigas,exit,0.0
2026-01-29,20:00 - 20:59,1277,ortigas,exit,0.0
2026-01-29,21:00 - 21:59,936,ortigas,exit,0.0
2026-01-29,22:00 - 22:59,337,ortigas,exit,0.0
2026-01-29,23:00 - 23:59,48,ortigas,exit,0.0
2026-01-29,00:00 - 00:59,0,ortigas,exit,0.0
2026-01-29,01:00 - 01:59,0,ortigas,exit,0.0
2026-01-29,02:00 - 02:59,0,ortigas,exit,0.0
2026-01-30,03:00 - 03:59,0,ortigas,exit,0.0
2026-01-30,04:00 - 04:59,164,ortigas,exit,0.0
2026-01-30,05:00 - 05:59,1508,ortigas,exit,0.0
2026-01-30,06:00 - 06:59,2702,ortigas,exit,0.0
2026-01-30,07:00 - 07:59,4654,ortigas,exit,0.0
2026-01-30,08:00 - 08:59,4171,ortigas,exit,0.0
2026-01-30,09:00 - 09:59,2765,ortigas,exit,0.0
2026-01-30,10:00 - 10:59,1704,ortigas,exit,0.0
2026-01-30,11:00 - 11:59,1543,ortigas,exit,0.0
2026-01-30,12:00 - 12:59,1525,ortigas,exit,0.0
2026-01-30,13:00 - 13:59,1384,ortigas,exit,0.0
2026-01-30,14:00 - 14:59,1098,ortigas,exit,0.0
2026-01-30,15:00 - 15:59,1164,ortigas,exit,0.0
2026-01-30,16:00 - 16:59,1218,ortigas,exit,0.0
2026-01-30,17:00 - 17:59,1226,ortigas,exit,0.0
2026-01-30,18:00 - 18:59,1219,ortigas,exit,0.0
2026-01-30,19:00 - 19:59,1135,ortigas,exit,0.0
2026-01-30,20:00 - 20:59,1112,ortigas,exit,0.0
2026-01-30,21:00 - 21:59,972,ortigas,exit,0.0
2026-01-30,22:00 - 22:59,386,ortigas,exit,0.0
2026-01-30,23:00 - 23:59,40,ortigas,exit,0.0
2026-01-30,00:00 - 00:59,0,ortigas,exit,0.0
2026-01-30,01:00 - 01:59,0,ortigas,exit,0.0
2026-01-30,02:00 - 02:59,0,ortigas,exit,0.0
2026-01-31,03:00 - 03:59,0,ortigas,exit,0.0
2026-01-31,04:00 - 04:59,82,ortigas,exit,0.0
2026-01-31,05:00 - 05:59,790,ortigas,exit,0.0
2026-01-31,06:00 - 06:59,1280,ortigas,exit,0.0
2026-01-31,07:00 - 07:59,1495,ortigas,exit,0.0
2026-01-31,08:00 - 08:59,1595,ortigas,exit,0.0
2026-01-31,09:00 - 09:59,1484,ortigas,exit,0.0
2026-01-31,10:00 - 10:59,1109,ortigas,exit,0.0
2026-01-31,11:00 - 11:59,1233,ortigas,exit,0.0
2026-01-31,12:00 - 12:59,1400,ortigas,exit,0.0
2026-01-31,13:00 - 13:59,1230,ortigas,exit,0.0
2026-01-31,14:00 - 14:59,989,ortigas,exit,0.0
2026-01-31,15:00 - 15:59,996,ortigas,exit,0.0
2026-01-31,16:00 - 16:59,1051,ortigas,exit,0.0
2026-01-31,17:00 - 17:59,909,ortigas,exit,0.0
2026-01-31,18:00 - 18:59,800,ortigas,exit,0.0
2026-01-31,19:00 - 19:59,575,ortigas,exit,0.0
2026-01-31,20:00 - 20:59,622,ortigas,exit,0.0
2026-01-31,21:00 - 21:59,471,ortigas,exit,0.0
2026-01-31,22:00 - 22:59,101,ortigas,exit,0.0
2026-01-31,23:00 - 23:59,0,ortigas,exit,0.0
2026-01-31,00:00 - 00:59,0,ortigas,exit,0.0
2026-01-31,01:00 - 01:59,0,ortigas,exit,0.0
2026-01-31,02:00 - 02:59,0,ortigas,exit,0.0
